project_id,project_type,project_location,total_area_sqft,num_floors,construction_type,foundation_type,material_quality_index,labor_cost_index,material_cost_index,inflation_rate,equipment_cost,contractor_experience_years,avg_temperature,rainfall_index,weather_delay_days,complexity_score,risk_index,resource_utilization_rate,total_project_cost,cost_category
1000,Industrial,Semi-Urban,14165,6,RCC,Raft,0.758,1.637,1.792,3.04,196727,7,18.98,0.117,44,0.698,0.551,0.968,28187146,High
1001,Residential,Urban,7129,6,Steel,Pile,0.835,1.732,1.596,6.97,159987,13,34.21,0.629,37,0.923,0.573,0.702,17947414,Medium
1002,Industrial,Semi-Urban,14328,1,RCC,Raft,0.534,1.276,1.634,4.63,62774,21,29.17,0.316,39,0.946,0.121,0.697,16887886,Medium
1003,Industrial,Urban,5041,13,Steel,Pile,0.527,1.888,1.582,3.9,118754,6,34.06,0.33,18,0.871,0.822,0.983,12162672,Medium
1004,Residential,Semi-Urban,8376,6,Steel,Strip,0.793,1.455,2.224,4.92,117223,6,37.97,0.58,5,0.403,0.482,0.865,12418802,Medium
1005,Residential,Urban,13811,14,RCC,Pile,0.944,1.617,1.341,5.99,139330,14,23.38,0.712,50,0.579,0.566,0.759,26211806,High
1006,Industrial,Semi-Urban,15088,4,Steel,Raft,0.764,0.914,1.587,6.02,87179,3,29.27,0.011,40,0.547,0.451,0.859,25166016,High
1007,Commercial,Urban,17148,4,Hybrid,Pile,0.939,1.558,1.141,5.2,170594,11,34.69,0.153,46,0.551,0.596,0.698,47106350,High
1008,Industrial,Semi-Urban,12880,14,Steel,Raft,0.905,1.855,1.228,5.97,48357,13,39.67,0.903,16,0.24,0.149,0.879,25839920,High
1009,Industrial,Rural,10377,2,Hybrid,Pile,0.538,1.014,1.923,5.56,67146,3,30.31,0.495,22,0.339,0.446,0.605,14109457,Medium
1010,Industrial,Semi-Urban,18318,13,Hybrid,Strip,0.601,1.685,0.999,7.94,104180,12,33.03,0.492,39,0.323,0.702,0.975,25269361,High
1011,Industrial,Urban,5597,11,Steel,Raft,0.829,0.83,1.119,3.18,29538,23,36.16,0.84,8,0.694,0.945,0.73,10385138,Low
1012,Residential,Rural,18544,14,Hybrid,Raft,0.722,1.911,1.698,8.21,106221,22,33.78,0.129,36,0.529,0.864,0.546,32556447,High
1013,Industrial,Semi-Urban,19238,4,Hybrid,Pile,0.645,1.98,0.874,4.46,170795,21,38.56,0.714,37,0.46,0.967,0.923,38499874,High
1014,Commercial,Rural,6961,5,Steel,Pile,0.709,1.225,1.016,7.33,129480,27,20.74,0.506,20,0.555,0.803,0.947,9390730,Low
1015,Residential,Semi-Urban,7544,13,RCC,Pile,0.723,0.928,2.268,5.43,7274,22,37.69,0.742,57,0.459,0.669,0.865,9793533,Low
1016,Commercial,Rural,5997,12,RCC,Pile,0.955,1.59,2.238,4.77,12735,22,20.18,0.679,20,0.806,0.481,0.815,14939120,Medium
1017,Commercial,Urban,14251,5,Hybrid,Pile,0.552,0.836,1.391,6.69,6739,20,29.13,0.666,26,0.334,0.211,0.964,16573644,Medium
1018,Commercial,Semi-Urban,9804,5,Hybrid,Raft,0.64,1.379,1.392,7.61,92586,28,28.07,0.856,10,0.245,0.326,0.811,13165199,Medium
1019,Commercial,Semi-Urban,10926,4,RCC,Strip,0.769,1.126,2.392,5.7,85849,27,35.78,0.551,38,0.721,0.344,0.896,16454921,Medium
1020,Residential,Urban,11558,1,Hybrid,Pile,0.849,1.368,0.844,5.8,149621,5,24.96,0.408,29,0.384,0.485,0.736,19236007,Medium
1021,Residential,Rural,11760,14,RCC,Raft,0.815,0.822,1.787,3.35,83948,13,18.58,0.198,27,0.715,0.649,0.864,12362838,Medium
1022,Commercial,Urban,19063,10,Steel,Strip,0.971,0.862,1.816,8.54,167582,23,32.67,0.344,19,0.247,0.657,0.999,37082004,High
1023,Commercial,Urban,1134,8,Hybrid,Strip,0.898,0.819,2.139,8.08,100968,27,30.17,0.87,46,0.398,0.51,0.691,2669976,Low
1024,Residential,Rural,10557,3,Steel,Pile,0.779,1.543,2.418,5.39,72066,11,35.68,0.337,44,0.323,0.347,0.86,18661158,Medium
1025,Residential,Urban,13845,2,RCC,Raft,0.607,1.472,1.405,7.59,136627,17,33.97,0.985,46,0.433,0.151,0.574,13825986,Medium
1026,Residential,Semi-Urban,10647,9,RCC,Raft,0.725,1.08,1.544,4.88,31624,28,37.37,0.608,45,0.463,0.99,0.818,11526182,Medium
1027,Industrial,Semi-Urban,19102,7,Steel,Raft,0.847,1.576,1.941,7.38,156489,29,35.98,0.815,37,0.596,0.946,0.661,52954308,High
1028,Industrial,Semi-Urban,1889,9,Hybrid,Raft,0.919,1.861,2.444,6.1,76564,10,32.15,0.493,3,0.616,0.265,0.933,7163463,Low
1029,Industrial,Urban,13571,13,Steel,Raft,0.98,1.133,2.314,5.76,50978,12,26.64,0.655,17,0.704,0.645,0.68,47287432,High
1030,Commercial,Semi-Urban,11822,2,Steel,Strip,0.803,1.798,1.934,3.34,116215,6,15.51,0.99,49,0.465,0.366,0.723,24445110,High
1031,Industrial,Semi-Urban,4776,9,Hybrid,Strip,0.763,1.595,2.256,8.79,168570,5,22.69,0.5,59,0.626,0.275,0.99,12336069,Medium
1032,Commercial,Semi-Urban,12806,10,RCC,Strip,0.509,0.841,0.945,8.02,187244,22,33.19,0.263,28,0.992,0.716,0.608,8752553,Low
1033,Commercial,Semi-Urban,1749,9,Steel,Raft,0.536,1.25,1.441,7.76,135913,1,16.49,0.65,35,0.369,0.808,0.782,2284441,Low
1034,Industrial,Semi-Urban,18129,11,Steel,Strip,0.578,1.409,0.822,4.83,45453,20,33.91,0.92,26,0.322,0.466,0.932,16928234,Medium
1035,Commercial,Semi-Urban,8745,9,RCC,Strip,0.527,1.678,1.102,4.74,11023,24,27.91,0.017,52,0.874,0.153,0.657,7808050,Low
1036,Industrial,Urban,11602,10,Steel,Pile,0.7,1.145,1.872,6.44,94364,20,36.69,0.993,0,0.528,0.461,0.508,25834186,High
1037,Industrial,Semi-Urban,16726,13,RCC,Strip,0.668,1.979,2.305,8.08,106990,15,31.5,0.545,34,0.878,0.579,0.948,34892517,High
1038,Residential,Semi-Urban,11088,10,Hybrid,Pile,0.819,1.621,1.876,8.61,56092,16,34.96,0.799,4,0.54,0.904,0.81,26234233,High
1039,Industrial,Rural,942,4,RCC,Raft,0.768,1.247,1.929,4.61,189620,29,19.29,0.118,55,0.217,0.691,0.615,1835907,Low
1040,Residential,Urban,7476,10,RCC,Raft,0.798,0.916,0.976,6.64,198605,10,19.32,0.292,51,0.5,0.739,0.638,8384299,Low
1041,Industrial,Urban,5175,3,Steel,Raft,0.736,1.018,1.93,7.34,143088,24,20.28,0.977,5,0.688,0.282,0.9,11016293,Low
1042,Industrial,Urban,12303,6,RCC,Raft,0.639,1.385,1.572,4.36,106803,27,23.33,0.288,59,0.558,0.748,0.821,19412376,Medium
1043,Residential,Urban,8453,3,RCC,Strip,0.976,1.394,1.907,5.44,63554,8,37.61,0.412,35,0.567,0.552,0.866,15451686,Medium
1044,Residential,Semi-Urban,4877,11,Steel,Pile,0.543,1.721,1.354,4.12,58405,2,34.36,0.281,4,0.999,0.838,0.789,7002273,Low
1045,Industrial,Semi-Urban,11099,9,RCC,Raft,0.969,1.671,1.789,7.19,145618,22,24.12,0.468,43,0.635,0.295,0.895,26852687,High
1046,Commercial,Rural,7558,3,Steel,Raft,0.656,1.042,1.521,8.18,43793,7,37.96,0.159,31,0.758,0.563,0.911,10108793,Low
1047,Residential,Rural,17706,2,Hybrid,Pile,0.756,1.514,1.75,8.27,45344,23,34.47,0.509,38,0.777,0.289,0.693,31730269,High
1048,Commercial,Urban,12394,8,RCC,Pile,0.554,0.825,1.05,7.02,77143,1,31.4,0.298,44,0.2,0.357,0.95,10794455,Low
1049,Commercial,Rural,3439,6,Hybrid,Pile,0.535,1.278,1.473,5.08,162778,20,25.91,0.815,30,0.642,0.849,0.753,4899785,Low
1050,Commercial,Rural,1531,8,RCC,Pile,0.715,1.717,1.436,6.97,176593,23,31.29,0.39,39,0.97,0.719,0.58,2982107,Low
1051,Residential,Urban,10708,13,RCC,Pile,0.871,1.279,2.052,8.19,28406,6,29.83,0.793,44,0.801,0.756,0.609,25103675,High
1052,Commercial,Urban,1062,7,Hybrid,Strip,0.635,1.803,2.001,6.76,107413,13,34.55,0.642,43,0.472,0.162,0.867,2284002,Low
1053,Residential,Rural,11230,3,Hybrid,Pile,0.781,1.971,2.345,5.48,133130,12,20.64,0.915,41,0.492,0.756,0.689,27689540,High
1054,Commercial,Semi-Urban,17224,8,Steel,Strip,0.639,1.529,1.874,8.52,41035,19,37.14,0.811,9,0.443,0.542,0.631,24698727,High
1055,Industrial,Rural,16652,10,Steel,Pile,0.694,0.974,1.335,8.01,126760,26,29.8,0.901,30,0.704,0.513,0.802,24107943,High
1056,Industrial,Rural,14498,1,Hybrid,Pile,0.953,1.256,2.131,8.29,112731,26,35.17,0.526,7,0.278,0.471,0.891,39268761,High
1057,Residential,Semi-Urban,19180,1,RCC,Raft,0.928,0.811,1.645,8.42,150614,17,23.68,0.913,26,0.432,0.867,0.555,25650448,High
1058,Industrial,Semi-Urban,17118,13,Steel,Raft,0.758,1.523,1.129,5.36,75790,5,24.8,0.155,28,0.599,0.26,0.725,28237356,High
1059,Industrial,Urban,9808,13,RCC,Raft,0.619,1.786,2.071,8.16,43658,27,38.43,0.084,59,0.628,0.833,0.886,22079157,High
1060,Commercial,Urban,10109,10,Steel,Raft,0.597,1.556,1.025,6.42,114274,24,30.55,0.526,13,0.686,0.935,0.952,14436256,Medium
1061,Residential,Rural,18175,13,Steel,Raft,0.977,1.743,1.103,3.23,17452,15,22.94,0.826,22,0.838,0.251,0.507,28355683,High
1062,Commercial,Semi-Urban,9220,8,Steel,Raft,0.601,1.76,2.09,6.82,98020,14,17.05,0.212,3,0.331,1.0,0.828,16895623,Medium
1063,Commercial,Urban,10672,13,Hybrid,Pile,0.904,1.821,2.109,5.82,158753,3,25.86,0.969,51,0.38,0.991,0.799,44189482,High
1064,Commercial,Rural,14957,9,RCC,Pile,0.684,1.12,2.144,4.65,25826,5,36.23,0.185,33,0.898,0.659,0.759,24539316,High
1065,Commercial,Semi-Urban,3439,10,Hybrid,Raft,0.993,1.846,1.299,8.82,153504,25,21.29,0.709,40,0.865,0.342,0.58,10041723,Low
1066,Commercial,Rural,14845,6,Steel,Raft,0.684,1.585,2.273,3.33,23343,14,36.51,0.915,37,0.857,0.487,0.871,28121430,High
1067,Commercial,Urban,16658,5,Hybrid,Raft,0.676,1.148,2.029,8.68,188922,8,19.04,0.965,26,0.367,0.253,0.696,31360505,High
1068,Commercial,Urban,5935,2,Hybrid,Pile,0.819,1.985,2.218,3.96,111845,11,18.25,0.661,18,0.247,0.208,0.617,19568073,Medium
1069,Residential,Semi-Urban,5892,11,Hybrid,Raft,0.981,1.94,2.005,5.26,59827,25,30.14,0.574,30,0.619,0.734,0.925,16613462,Medium
1070,Industrial,Rural,8472,9,RCC,Raft,0.988,1.489,1.785,5.5,176731,15,35.12,0.091,2,0.896,0.622,0.654,19205446,Medium
1071,Commercial,Semi-Urban,18117,6,Hybrid,Pile,0.854,1.812,0.986,7.39,121508,13,34.5,0.02,28,0.39,0.607,0.599,37936786,High
1072,Commercial,Urban,19684,8,Hybrid,Pile,0.877,1.114,2.009,4.29,69237,5,28.59,0.986,12,0.923,0.323,0.656,58954130,High
1073,Commercial,Urban,15299,9,Hybrid,Strip,0.782,1.299,1.974,8.92,52841,13,30.97,0.274,26,0.313,0.311,0.591,31223410,High
1074,Commercial,Rural,19659,9,Hybrid,Raft,0.878,1.021,1.331,7.49,178273,3,21.45,0.072,42,0.438,0.991,0.889,34327166,High
1075,Commercial,Rural,15552,8,Hybrid,Pile,0.93,1.424,2.051,7.74,156386,13,28.78,0.538,59,0.439,0.666,0.591,43589938,High
1076,Commercial,Rural,6544,12,Hybrid,Strip,0.743,1.395,1.736,3.64,190589,11,20.19,0.313,31,0.321,0.838,0.858,10112540,Low
1077,Industrial,Semi-Urban,14915,10,Hybrid,Pile,0.81,1.055,1.751,5.86,183488,9,38.21,0.358,45,0.898,0.441,0.581,39130739,High
1078,Industrial,Rural,17774,8,Steel,Strip,0.769,1.607,1.425,8.67,79603,4,31.95,0.354,48,0.53,0.859,0.613,32191527,High
1079,Commercial,Rural,14358,3,Hybrid,Strip,0.781,0.941,0.999,4.62,16912,17,29.12,0.249,49,0.353,0.75,0.671,15076192,Medium
1080,Industrial,Urban,18072,13,Hybrid,Raft,0.945,0.874,1.169,3.87,60755,15,21.18,0.968,36,0.318,0.415,0.975,35970252,High
1081,Residential,Urban,6144,3,RCC,Raft,0.678,1.262,2.107,5.91,20941,27,25.22,0.265,56,0.537,0.746,0.957,8730622,Low
1082,Commercial,Rural,17624,2,Steel,Strip,0.604,1.292,1.261,8.58,96653,18,34.51,0.557,2,0.214,0.933,0.543,16457157,Medium
1083,Residential,Rural,18253,1,Hybrid,Raft,0.728,1.184,0.804,5.92,191010,16,20.99,0.239,38,0.297,0.292,0.668,15592204,Medium
1084,Residential,Urban,18884,4,RCC,Pile,0.604,1.11,2.495,5.43,150663,24,18.22,0.762,5,0.203,0.593,0.673,23468265,High
1085,Commercial,Rural,18355,2,Hybrid,Pile,0.749,1.207,1.158,6.9,164353,2,22.68,0.229,58,0.22,0.97,0.606,28982734,High
1086,Industrial,Semi-Urban,18420,14,Hybrid,Strip,0.952,0.996,1.914,8.62,16730,6,34.86,0.615,2,0.998,0.839,0.718,51353656,High
1087,Residential,Semi-Urban,17202,14,Hybrid,Strip,0.809,1.284,2.376,3.29,14011,12,37.08,0.834,58,0.559,0.658,0.874,31433666,High
1088,Commercial,Semi-Urban,5653,2,Hybrid,Pile,0.928,1.886,1.82,3.92,172749,5,25.36,0.272,51,0.783,0.163,0.55,18834359,Medium
1089,Residential,Rural,2394,13,Hybrid,Pile,0.583,1.069,2.158,3.8,67969,25,34.53,0.803,12,0.79,0.466,0.836,3289968,Low
1090,Residential,Urban,8491,11,RCC,Strip,0.95,1.621,2.46,3.51,49976,24,23.31,0.092,10,0.904,0.686,0.63,20192243,Medium
1091,Residential,Rural,15939,11,Hybrid,Pile,0.801,0.97,2.263,4.81,72420,17,27.72,0.116,26,0.283,0.469,0.821,24961683,High
1092,Residential,Rural,9967,5,RCC,Pile,0.516,1.225,1.748,4.38,75038,19,15.5,0.401,52,0.621,0.997,0.841,9101685,Low
1093,Industrial,Urban,6435,4,Hybrid,Strip,0.817,1.185,1.418,6.29,33564,12,32.8,0.407,1,0.457,0.778,0.864,13636420,Medium
1094,Residential,Urban,17607,1,RCC,Raft,0.976,1.924,1.62,4.96,143569,5,32.97,0.516,39,0.639,0.268,0.931,35366352,High
1095,Residential,Urban,2829,9,Steel,Pile,0.54,1.314,2.231,5.43,13298,28,17.51,0.024,43,0.466,0.541,0.95,4154652,Low
1096,Residential,Semi-Urban,9827,14,Hybrid,Raft,0.791,1.629,2.251,8.65,146959,24,23.97,0.117,11,0.347,0.446,0.88,19015542,Medium
1097,Industrial,Rural,3270,4,Steel,Raft,0.958,1.523,2.238,3.93,15677,7,27.09,0.01,54,0.738,0.634,0.741,9621126,Low
1098,Residential,Urban,5346,5,Steel,Pile,0.505,0.969,1.815,5.33,133542,2,34.35,0.955,46,0.231,0.502,0.522,5990599,Low
1099,Residential,Rural,17151,7,Steel,Raft,0.815,1.927,1.611,4.54,34362,12,35.59,0.313,56,0.916,0.314,0.969,29154642,High
1100,Industrial,Semi-Urban,16776,2,Hybrid,Strip,0.737,1.215,1.329,6.29,156485,23,32.98,0.688,39,0.317,0.752,0.801,25627154,High
1101,Industrial,Semi-Urban,15133,8,Steel,Pile,0.673,0.854,0.806,7.42,170265,5,20.4,0.608,11,0.692,0.196,0.767,19024483,Medium
1102,Industrial,Urban,14128,11,RCC,Pile,0.814,1.161,2.1,7.9,75141,22,23.91,0.725,22,0.803,0.579,0.62,36809777,High
1103,Residential,Urban,1069,2,Hybrid,Raft,0.526,1.203,1.271,6.09,100662,8,21.18,0.883,30,0.258,0.379,0.842,1322841,Low
1104,Industrial,Rural,2473,11,Steel,Pile,0.877,0.911,1.36,8.13,101504,5,30.93,0.233,56,0.923,0.97,0.997,5612826,Low
1105,Industrial,Urban,3322,10,Hybrid,Pile,0.502,1.544,2.234,7.71,156512,16,31.18,0.426,9,0.485,0.373,0.665,7508805,Low
1106,Residential,Rural,770,5,Steel,Raft,0.653,1.216,0.889,3.94,70776,9,15.4,0.328,52,0.997,0.407,0.9,1014741,Low
1107,Industrial,Urban,16820,13,RCC,Raft,0.752,1.555,2.377,4.47,95276,1,33.29,0.082,34,0.255,0.736,0.646,39336516,High
1108,Residential,Rural,8141,12,Hybrid,Pile,0.689,0.808,0.802,7.03,22880,5,20.74,0.032,5,0.773,0.216,0.744,7560207,Low
1109,Commercial,Rural,9430,2,Hybrid,Pile,0.654,1.978,2.397,8.85,182437,1,35.03,0.765,24,0.329,0.392,0.607,21376149,Medium
1110,Industrial,Rural,7180,2,Steel,Strip,0.915,1.005,1.573,5.26,195922,17,35.82,0.129,30,0.522,0.726,0.756,12311947,Medium
1111,Commercial,Rural,1757,4,RCC,Strip,0.967,1.591,0.974,4.38,119991,1,34.92,0.015,53,0.555,0.128,0.73,2547317,Low
1112,Residential,Semi-Urban,8750,4,Hybrid,Pile,0.937,1.659,1.946,8.21,34466,15,25.2,0.438,29,0.525,0.38,0.519,22398127,High
1113,Industrial,Rural,5870,13,Steel,Pile,0.761,1.006,2.323,4.2,108397,5,23.71,0.322,59,0.47,0.107,0.691,10968046,Low
1114,Residential,Urban,5358,8,RCC,Strip,0.942,0.934,1.545,7.18,109351,9,25.88,0.066,14,0.814,0.235,0.531,7396649,Low
1115,Commercial,Semi-Urban,9081,13,RCC,Raft,0.96,0.983,1.975,3.21,147236,18,28.18,0.052,45,0.856,0.644,0.725,17469534,Medium
1116,Residential,Semi-Urban,13991,6,RCC,Pile,0.705,1.096,2.465,3.11,33595,6,21.25,0.913,2,0.468,0.511,0.99,19584941,Medium
1117,Industrial,Rural,12936,10,RCC,Strip,0.642,1.002,1.209,5.71,187985,21,38.29,0.94,17,0.586,0.24,0.646,10698229,Low
1118,Industrial,Semi-Urban,13370,8,Hybrid,Strip,0.549,1.609,2.195,6.94,38373,12,27.6,0.482,52,0.537,0.17,0.758,23575872,High
1119,Commercial,Rural,17004,13,Hybrid,Pile,0.74,1.305,1.302,3.85,36178,14,16.83,0.848,55,0.675,0.151,0.565,26470029,High
1120,Residential,Urban,7408,7,RCC,Pile,0.973,1.445,1.525,7.58,137110,7,39.93,0.8,55,0.32,0.177,0.577,13233431,Medium
1121,Industrial,Rural,11344,13,Steel,Strip,0.78,0.857,1.279,3.77,169246,7,27.1,0.579,16,0.845,0.186,0.678,13895938,Medium
1122,Commercial,Semi-Urban,19187,10,Steel,Pile,0.834,1.833,1.558,6.2,71607,19,38.67,0.751,59,0.838,0.178,0.745,46923523,High
1123,Industrial,Urban,5361,4,RCC,Raft,0.556,1.005,0.809,4.85,189433,6,24.76,0.931,13,0.672,0.15,0.851,5200546,Low
1124,Industrial,Rural,3411,2,RCC,Pile,0.572,1.232,1.316,7.51,126286,3,20.62,0.566,45,0.797,0.727,0.728,4714108,Low
1125,Residential,Urban,9491,9,Steel,Strip,0.732,0.886,1.557,7.82,117508,16,33.42,0.512,15,0.991,0.947,0.512,13968486,Medium
1126,Industrial,Urban,12072,2,RCC,Strip,0.976,0.964,1.875,3.4,157077,16,25.81,0.004,50,0.938,0.87,0.635,29624643,High
1127,Residential,Semi-Urban,10798,1,RCC,Pile,0.68,1.599,1.884,4.16,93008,18,37.04,0.542,26,0.689,0.339,0.512,14690182,Medium
1128,Industrial,Urban,7736,8,Hybrid,Strip,0.939,1.631,1.792,8.36,181949,5,26.61,0.818,42,0.609,0.284,0.959,24183788,High
1129,Commercial,Semi-Urban,6065,10,Hybrid,Raft,0.56,1.612,1.298,5.49,25827,20,23.46,0.762,36,0.628,0.143,0.515,7745094,Low
1130,Industrial,Urban,17993,9,RCC,Pile,0.809,1.463,2.411,5.86,67405,29,39.17,0.646,32,0.573,0.24,0.525,47683857,High
1131,Residential,Rural,7429,1,RCC,Pile,0.8,1.943,1.466,4.01,52274,4,35.76,0.025,53,0.584,0.611,0.649,10987758,Low
1132,Residential,Urban,18134,7,Hybrid,Strip,0.93,1.409,1.169,8.97,55604,16,20.14,0.925,19,0.786,0.998,0.816,38116468,High
1133,Commercial,Rural,18533,2,RCC,Raft,0.502,1.339,1.743,8.54,89373,4,27.22,0.429,24,0.994,0.873,0.679,20857023,Medium
1134,Industrial,Rural,7851,6,Hybrid,Pile,0.595,1.097,2.073,3.01,125187,24,17.83,0.572,49,0.236,0.563,0.531,11762904,Medium
1135,Industrial,Urban,19840,13,Hybrid,Strip,0.61,0.919,0.821,6.3,73523,13,17.69,0.398,57,0.384,0.481,0.918,20856533,Medium
1136,Commercial,Rural,15401,11,Steel,Pile,0.975,1.458,1.27,8.23,155245,14,36.34,0.349,13,0.368,0.233,0.85,29158256,High
1137,Industrial,Urban,11138,5,Hybrid,Raft,0.577,1.178,2.202,5.58,5200,17,38.3,0.511,36,0.866,0.477,0.698,25459937,High
1138,Industrial,Urban,6328,1,Steel,Strip,0.518,1.429,1.662,5.62,45593,3,33.47,0.495,4,0.536,0.635,0.838,9807664,Low
1139,Residential,Rural,12056,2,Steel,Pile,0.767,1.047,1.494,5.28,27584,25,39.73,0.356,53,0.62,0.636,0.637,16865077,Medium
1140,Industrial,Rural,18599,2,Hybrid,Strip,0.764,1.806,2.383,3.17,84956,3,16.13,0.804,36,0.575,0.602,0.764,46989778,High
1141,Industrial,Semi-Urban,8650,10,RCC,Strip,0.922,2.0,0.952,7.74,63126,17,23.29,0.051,9,0.883,0.842,0.94,16903838,Medium
1142,Commercial,Rural,10607,10,Hybrid,Raft,0.974,1.187,1.846,5.74,141297,13,18.3,0.117,9,0.6,0.559,0.554,22402146,High
1143,Commercial,Semi-Urban,2257,6,Steel,Raft,0.769,1.811,1.382,6.19,172553,21,34.55,0.083,8,0.734,0.526,0.923,4618814,Low
1144,Residential,Rural,18693,11,Hybrid,Pile,0.965,1.848,0.92,4.53,135061,20,37.26,0.565,13,0.216,0.375,0.894,28735553,High
1145,Industrial,Urban,11699,12,Hybrid,Strip,0.863,1.995,1.163,7.7,27036,10,26.18,0.413,32,0.722,0.262,0.975,30738708,High
1146,Industrial,Rural,16795,1,Steel,Strip,0.632,1.211,1.867,7.76,14130,29,35.73,0.452,28,0.393,0.101,0.757,19104560,Medium
1147,Industrial,Urban,13307,11,Hybrid,Strip,0.964,1.707,0.848,6.32,40884,24,36.19,0.577,23,0.893,0.39,0.637,33051165,High
1148,Residential,Urban,18035,13,Hybrid,Pile,0.834,1.075,1.807,8.43,106921,27,18.49,0.324,5,0.801,0.67,0.677,43527626,High
1149,Residential,Urban,5992,4,Steel,Raft,0.707,1.55,2.427,3.7,31996,12,24.42,0.183,58,0.287,0.603,0.82,11614083,Medium
1150,Commercial,Semi-Urban,6802,12,RCC,Raft,0.84,1.646,2.152,7.72,59342,27,19.7,0.307,56,0.283,0.577,0.57,13165617,Medium
1151,Residential,Rural,16429,10,Steel,Strip,0.701,1.689,1.388,6.35,46723,9,31.75,0.994,25,0.434,0.795,0.676,18033277,Medium
1152,Industrial,Urban,5247,11,Steel,Pile,0.557,1.049,1.035,4.39,96366,26,24.68,0.953,38,0.301,0.31,0.863,5982163,Low
1153,Industrial,Urban,14738,5,Hybrid,Strip,0.859,1.818,1.591,3.79,42387,21,31.69,0.957,43,0.792,0.711,0.787,44101224,High
1154,Residential,Semi-Urban,8902,2,Steel,Raft,0.912,1.305,1.468,4.81,126978,1,36.9,0.028,46,0.989,0.646,0.531,17026405,Medium
1155,Industrial,Rural,11186,2,Hybrid,Strip,0.864,1.06,2.452,8.14,195214,4,25.32,0.089,47,0.724,0.405,0.748,28116158,High
1156,Industrial,Rural,5181,7,Hybrid,Strip,0.615,1.451,2.483,7.73,75724,19,39.3,0.046,2,0.399,0.297,0.762,8776145,Low
1157,Residential,Semi-Urban,19391,7,Hybrid,Strip,0.978,1.836,1.498,6.87,198646,6,25.22,0.815,47,0.651,0.606,0.85,43542756,High
1158,Residential,Semi-Urban,19847,6,Steel,Raft,0.513,1.961,1.053,3.54,42734,15,20.34,0.991,39,0.845,0.951,0.505,21660397,Medium
1159,Industrial,Rural,3928,1,Steel,Pile,0.666,1.698,2.348,8.73,21342,18,28.23,0.543,45,0.97,0.169,0.714,9668118,Low
1160,Industrial,Semi-Urban,7994,12,Hybrid,Strip,0.63,0.807,2.149,4.83,28924,5,24.98,0.701,31,0.204,0.958,0.943,11478482,Medium
1161,Industrial,Rural,4455,13,RCC,Raft,0.524,0.962,1.669,6.64,101155,8,18.13,0.352,25,0.619,0.518,0.513,4281447,Low
1162,Commercial,Rural,14526,12,RCC,Strip,0.703,0.892,1.421,7.82,91113,11,15.58,0.765,2,0.563,0.739,0.836,14191217,Medium
1163,Commercial,Urban,9744,3,Steel,Pile,0.812,0.921,1.562,3.8,179872,5,33.6,0.656,11,0.532,0.823,0.612,19757954,Medium
1164,Commercial,Urban,1213,9,Hybrid,Strip,0.941,1.26,2.333,6.91,157897,21,38.32,0.801,13,0.603,0.236,0.694,3614938,Low
1165,Residential,Rural,11580,10,Hybrid,Pile,0.995,1.206,1.114,3.19,128592,8,26.01,0.5,18,0.523,0.14,0.942,17139425,Medium
1166,Commercial,Rural,9021,1,Steel,Raft,0.904,0.936,2.172,3.61,46633,11,16.64,0.194,3,0.475,0.216,0.681,15560540,Medium
1167,Residential,Rural,2246,2,RCC,Pile,0.734,1.859,0.831,7.34,173444,21,33.52,0.476,11,0.292,0.407,0.773,2374509,Low
1168,Residential,Rural,18091,8,Steel,Pile,0.862,1.539,2.365,3.93,46901,20,36.68,0.312,34,0.6,0.961,0.545,40835728,High
1169,Commercial,Rural,17668,7,Steel,Raft,0.922,1.756,1.651,5.66,22326,10,23.09,0.694,53,0.857,0.138,0.662,38776100,High
1170,Commercial,Rural,3196,9,Hybrid,Pile,0.733,1.246,1.185,4.49,107775,9,20.55,0.137,58,0.284,0.928,0.571,5118091,Low
1171,Commercial,Semi-Urban,12512,10,Steel,Pile,0.893,1.292,0.805,5.53,74279,2,23.43,0.332,22,0.791,0.605,0.781,23192543,High
1172,Industrial,Rural,15188,12,RCC,Raft,0.741,1.181,1.751,3.46,76819,17,37.71,0.007,47,0.414,0.192,0.73,18738160,Medium
1173,Commercial,Semi-Urban,5536,12,Steel,Pile,0.693,1.326,1.216,7.53,41604,4,25.45,0.816,2,0.505,0.237,0.632,7838092,Low
1174,Industrial,Semi-Urban,7627,4,Hybrid,Pile,0.763,1.532,1.873,3.47,105732,26,31.35,0.407,2,0.99,0.72,1.0,22360407,High
1175,Residential,Rural,4218,4,RCC,Strip,0.838,1.392,1.278,8.03,85274,12,16.86,0.776,38,0.74,0.648,0.577,4834012,Low
1176,Industrial,Rural,8410,7,Hybrid,Pile,0.863,1.806,0.95,6.98,114870,19,22.04,0.098,41,0.775,0.251,0.913,20056175,Medium
1177,Commercial,Semi-Urban,3193,1,Steel,Pile,0.678,1.88,1.659,5.5,145453,25,20.7,0.194,56,0.682,0.914,0.518,7522519,Low
1178,Residential,Semi-Urban,17509,10,Steel,Pile,0.786,1.364,1.76,8.2,50816,19,16.57,0.85,15,0.458,0.22,0.923,28088272,High
1179,Residential,Rural,16358,12,Steel,Raft,0.955,1.088,1.569,4.12,179985,19,18.02,0.595,12,0.74,0.56,0.738,24865214,High
1180,Residential,Rural,16432,9,Hybrid,Pile,0.988,1.934,1.579,4.59,146577,26,25.42,0.006,18,0.566,0.575,0.914,40666908,High
1181,Industrial,Semi-Urban,8192,2,Steel,Raft,0.614,1.682,1.802,3.82,198890,29,28.95,0.905,27,0.866,0.883,0.874,17061738,Medium
1182,Commercial,Semi-Urban,6898,1,RCC,Raft,0.596,1.568,1.695,5.29,151486,7,22.8,0.983,37,0.657,0.12,0.786,8558603,Low
1183,Residential,Semi-Urban,7752,7,RCC,Pile,0.838,1.694,1.025,8.92,77927,13,25.49,0.661,52,0.817,0.223,0.686,11735316,Medium
1184,Residential,Urban,12221,6,Hybrid,Pile,0.707,0.891,1.135,3.97,160383,28,33.99,0.728,55,0.879,0.254,0.833,17041498,Medium
1185,Residential,Semi-Urban,18439,12,Hybrid,Pile,0.512,0.881,1.041,7.99,39677,2,21.18,0.134,8,0.857,0.157,0.916,16790247,Medium
1186,Industrial,Urban,12325,3,Hybrid,Pile,0.673,0.984,1.979,6.91,64590,27,15.85,0.766,55,0.522,0.668,0.752,29478544,High
1187,Industrial,Rural,4687,1,Steel,Pile,0.903,0.977,1.699,3.09,40442,8,21.42,0.099,45,0.495,0.307,0.707,8887272,Low
1188,Commercial,Rural,536,12,RCC,Pile,0.899,1.305,1.531,8.67,139396,6,38.04,0.89,16,0.895,0.619,0.571,1215120,Low
1189,Industrial,Semi-Urban,18671,5,RCC,Pile,0.747,0.989,2.157,8.83,32423,28,15.45,0.505,6,0.314,0.804,0.948,35147034,High
1190,Residential,Rural,6783,10,RCC,Raft,0.736,1.825,1.354,8.55,101070,11,18.22,0.141,7,0.424,0.468,0.634,8003526,Low
1191,Commercial,Rural,15702,14,Hybrid,Strip,0.79,1.494,1.766,6.01,199223,28,16.63,0.089,36,0.297,0.792,0.562,25848727,High
1192,Residential,Rural,8560,4,Hybrid,Raft,0.61,1.242,0.926,4.32,17057,9,24.42,0.44,51,0.234,0.8,0.533,7162553,Low
1193,Residential,Rural,8565,5,Steel,Pile,0.763,0.884,2.065,5.35,66397,8,31.19,0.005,54,0.693,0.337,0.875,12832614,Medium
1194,Industrial,Urban,4380,1,Hybrid,Strip,0.506,1.509,1.982,6.69,49601,20,37.76,0.961,11,0.921,0.114,0.837,7479811,Low
1195,Commercial,Urban,6432,1,RCC,Strip,0.738,0.94,2.164,5.27,179411,24,34.85,0.171,53,0.304,0.193,0.56,8191059,Low
1196,Industrial,Semi-Urban,8828,5,Steel,Pile,0.668,1.692,2.304,7.25,25887,20,21.27,0.42,27,0.837,0.841,0.765,26541420,High
1197,Industrial,Semi-Urban,6833,6,Hybrid,Pile,0.837,1.763,2.089,7.77,137599,27,30.87,0.607,1,0.503,0.465,0.576,22358562,High
1198,Commercial,Semi-Urban,14370,5,Hybrid,Raft,0.819,1.453,2.236,4.26,100925,15,31.6,0.675,47,0.695,0.855,0.692,39336530,High
1199,Residential,Rural,11768,2,RCC,Strip,0.69,0.98,1.388,5.43,22069,21,17.26,0.565,27,0.811,0.593,0.891,9127608,Low
1200,Residential,Rural,5567,9,Steel,Strip,0.504,1.744,1.384,8.75,21348,27,25.68,0.179,24,0.768,0.278,0.614,4729365,Low
1201,Commercial,Urban,16116,5,Hybrid,Pile,0.626,1.169,2.405,4.5,168071,26,22.78,0.472,26,0.309,0.741,0.514,36718485,High
1202,Residential,Urban,12575,11,Hybrid,Pile,0.817,1.067,2.355,5.08,26593,11,18.93,0.323,34,0.292,0.602,0.597,28525125,High
1203,Commercial,Semi-Urban,17545,11,Steel,Strip,0.536,1.365,1.732,3.21,101197,15,16.47,0.089,14,0.939,0.417,0.7,21509276,Medium
1204,Commercial,Urban,8473,5,Steel,Strip,0.554,1.907,1.423,4.99,132936,23,15.68,0.388,48,0.264,0.179,0.621,9890909,Low
1205,Industrial,Urban,10502,10,Hybrid,Pile,0.824,1.157,2.272,5.23,17428,22,36.47,0.609,47,0.375,0.192,0.861,30542372,High
1206,Commercial,Urban,8387,9,Hybrid,Pile,0.878,1.887,1.35,3.6,33389,5,23.27,0.102,59,0.551,0.27,0.895,23767825,High
1207,Industrial,Urban,914,3,RCC,Pile,0.661,0.864,1.061,3.01,136976,16,27.33,0.165,34,0.857,0.706,0.62,1522583,Low
1208,Residential,Urban,7350,5,Steel,Raft,0.745,0.9,1.887,6.45,149723,2,22.29,0.086,46,0.682,0.755,0.634,12124418,Medium
1209,Residential,Semi-Urban,3229,13,Hybrid,Raft,0.973,1.638,0.872,4.81,96962,15,19.15,0.001,32,0.657,0.668,0.78,5915505,Low
1210,Residential,Semi-Urban,12429,12,Hybrid,Pile,0.973,1.029,1.444,3.11,48586,5,21.53,0.936,43,0.754,0.404,0.876,24995544,High
1211,Residential,Urban,15488,5,Hybrid,Raft,0.654,1.18,2.173,8.16,6294,15,19.25,0.838,41,0.842,0.496,0.98,28305972,High
1212,Industrial,Semi-Urban,4397,2,Hybrid,Strip,0.905,0.964,1.302,6.51,114281,26,33.95,0.232,22,0.386,0.739,0.65,7769539,Low
1213,Residential,Rural,2669,11,RCC,Strip,0.797,1.199,2.383,4.03,115654,23,37.69,0.578,26,0.215,0.694,0.956,3070404,Low
1214,Commercial,Urban,14063,4,Steel,Pile,0.988,1.137,2.425,8.19,43705,11,25.86,0.802,37,0.302,0.796,0.591,46156347,High
1215,Commercial,Rural,18762,11,Hybrid,Strip,0.739,1.684,2.187,4.52,112359,29,35.57,0.367,59,0.332,0.317,0.521,32592710,High
1216,Commercial,Semi-Urban,13388,11,Steel,Strip,0.887,1.642,2.479,4.36,163208,6,25.64,0.739,7,0.232,0.104,0.896,28427685,High
1217,Industrial,Semi-Urban,5070,2,Steel,Strip,0.884,1.946,1.702,8.37,121990,6,26.17,0.869,51,0.798,0.34,0.739,14381103,Medium
1218,Residential,Rural,2015,5,Hybrid,Strip,0.749,1.669,1.768,4.08,54930,5,27.13,0.499,37,0.908,0.413,0.538,3384002,Low
1219,Residential,Semi-Urban,17458,10,Hybrid,Strip,0.898,1.634,2.221,8.27,131402,25,35.51,0.888,50,0.769,0.964,0.536,42664779,High
1220,Residential,Urban,13134,13,Hybrid,Raft,0.631,1.633,1.638,7.82,43293,1,38.41,0.21,3,0.351,0.296,0.507,20353724,Medium
1221,Industrial,Rural,19751,12,RCC,Raft,0.561,1.86,1.491,4.86,125521,20,33.61,0.901,53,0.685,0.844,0.653,26573139,High
1222,Commercial,Urban,14298,2,Hybrid,Pile,0.713,1.155,1.845,3.21,45293,7,37.21,0.805,47,0.616,0.66,0.868,33871835,High
1223,Commercial,Rural,4977,10,Steel,Strip,0.972,1.16,1.918,3.5,17375,16,31.07,0.84,4,0.856,0.251,0.833,8737933,Low
1224,Residential,Semi-Urban,16955,14,Steel,Raft,0.75,1.689,2.077,3.66,35064,17,35.98,0.004,15,0.954,0.463,1.0,32850750,High
1225,Commercial,Rural,19864,9,RCC,Raft,0.818,1.074,1.936,8.34,111339,29,28.92,0.664,17,0.794,0.559,0.797,30118557,High
1226,Commercial,Rural,10051,10,Hybrid,Raft,0.812,1.894,2.068,5.42,124424,28,34.32,0.401,56,0.61,0.41,0.555,25934718,High
1227,Industrial,Urban,14679,6,Hybrid,Strip,0.566,1.442,1.947,3.2,62152,27,32.63,0.605,44,0.609,0.304,0.989,26853791,High
1228,Industrial,Semi-Urban,539,8,RCC,Raft,0.695,1.16,1.617,6.34,126278,15,33.73,0.084,44,0.846,0.328,0.846,1129509,Low
1229,Industrial,Urban,10722,9,RCC,Pile,0.853,1.731,1.029,4.25,101575,20,20.86,0.236,17,0.298,0.627,0.687,21282426,Medium
1230,Industrial,Semi-Urban,16616,13,Hybrid,Pile,0.986,1.175,2.135,4.41,100129,22,18.84,0.351,7,0.323,0.719,0.623,49909232,High
1231,Residential,Urban,18784,8,Hybrid,Strip,0.584,1.956,0.852,3.97,167754,10,31.33,0.718,28,0.475,0.522,0.611,20629289,Medium
1232,Industrial,Rural,19101,5,Steel,Pile,0.705,1.98,2.487,7.57,108036,8,27.07,0.553,20,0.798,0.948,0.978,63342521,High
1233,Commercial,Urban,16549,5,Hybrid,Raft,0.548,1.6,2.208,3.0,103825,23,34.12,0.015,38,0.253,0.756,0.71,31622449,High
1234,Residential,Semi-Urban,5296,6,Hybrid,Strip,0.621,0.936,1.941,5.63,76233,28,18.66,0.335,53,0.475,0.903,0.743,6044048,Low
1235,Commercial,Semi-Urban,5106,14,Steel,Pile,0.688,1.116,2.443,3.52,163063,9,38.69,0.94,26,0.455,0.528,0.918,9900973,Low
1236,Commercial,Rural,18167,1,Steel,Strip,0.77,1.419,1.841,6.31,27778,23,32.6,0.18,46,0.589,0.113,0.982,24131663,High
1237,Commercial,Semi-Urban,9275,13,Steel,Raft,0.615,1.822,0.896,5.08,50415,19,15.57,0.237,1,0.571,0.633,0.502,11645067,Medium
1238,Industrial,Urban,15364,11,Steel,Pile,0.614,1.022,1.751,3.17,78958,10,29.41,0.307,3,0.772,0.836,0.995,30421624,High
1239,Industrial,Rural,14693,8,RCC,Raft,0.889,0.925,1.271,5.77,166609,20,22.82,0.268,47,0.7,0.583,0.538,20107953,Medium
1240,Residential,Semi-Urban,15176,2,Steel,Pile,0.981,0.889,1.428,6.42,61572,3,21.87,0.122,11,0.922,0.611,0.918,27849817,High
1241,Residential,Semi-Urban,10957,6,RCC,Strip,0.662,1.408,1.581,4.49,45887,25,37.55,0.313,15,0.345,0.977,0.975,10282321,Low
1242,Industrial,Urban,17699,14,Steel,Pile,0.844,1.862,2.117,7.59,198123,11,35.9,0.539,24,0.546,0.43,0.781,62663965,High
1243,Commercial,Urban,16544,14,Steel,Pile,0.629,0.851,1.655,5.23,44517,11,15.24,0.675,22,0.52,0.822,0.776,25350013,High
1244,Residential,Rural,15566,9,Steel,Pile,0.964,1.055,1.607,7.5,16656,8,19.54,0.643,16,0.29,0.555,0.835,25733338,High
1245,Industrial,Semi-Urban,19395,13,Hybrid,Strip,0.836,1.632,1.313,6.47,111979,10,32.99,0.163,51,0.332,0.517,0.676,36732050,High
1246,Industrial,Urban,746,3,RCC,Pile,0.901,1.791,1.718,8.22,80840,29,36.2,0.615,41,0.469,0.231,0.583,2229749,Low
1247,Industrial,Rural,7016,2,Steel,Raft,0.525,1.769,1.222,6.28,15458,9,32.94,0.358,46,0.788,0.774,0.533,10336906,Low
1248,Commercial,Semi-Urban,17300,10,Hybrid,Strip,0.799,1.742,1.244,4.11,41619,10,28.13,0.822,50,0.32,0.841,0.941,32785803,High
1249,Industrial,Semi-Urban,13842,5,RCC,Strip,0.764,0.956,2.087,7.94,110159,10,39.61,0.362,45,0.412,0.488,0.774,19301253,Medium
1250,Industrial,Rural,16991,11,RCC,Raft,0.646,1.277,1.382,7.7,115360,18,34.93,0.977,0,0.741,0.787,0.847,21256768,Medium
1251,Industrial,Rural,9530,9,Hybrid,Strip,0.631,1.982,0.887,8.83,42772,5,26.7,0.615,20,0.677,0.623,0.666,14244854,Medium
1252,Industrial,Urban,1921,6,RCC,Pile,0.79,1.987,1.384,3.56,125232,5,29.59,0.429,56,0.284,0.332,0.904,4839404,Low
1253,Residential,Semi-Urban,13470,14,Hybrid,Strip,0.853,1.523,1.886,6.55,30609,7,16.12,0.503,35,0.955,0.931,0.675,29013237,High
1254,Residential,Semi-Urban,7783,8,Steel,Raft,0.517,1.651,2.184,5.95,86575,20,39.12,0.176,1,0.318,0.727,0.515,9385391,Low
1255,Industrial,Semi-Urban,16445,8,Hybrid,Strip,0.784,1.942,2.435,7.03,83754,20,24.07,0.68,22,0.249,0.891,0.668,48156168,High
1256,Commercial,Rural,755,7,RCC,Raft,0.585,1.34,2.069,8.88,110062,8,31.54,0.963,59,0.443,0.353,0.925,1296370,Low
1257,Residential,Urban,11519,5,RCC,Strip,0.57,0.964,1.529,6.19,45975,17,31.67,0.515,39,0.221,0.925,0.938,8906566,Low
1258,Industrial,Semi-Urban,15987,2,Steel,Raft,0.812,1.603,1.309,7.11,127183,6,16.42,0.992,58,0.225,0.428,0.967,29690661,High
1259,Residential,Rural,9529,14,Hybrid,Strip,0.655,1.952,1.02,5.08,85416,25,21.65,0.15,1,0.663,0.109,0.75,9126733,Low
1260,Residential,Semi-Urban,19846,10,Steel,Pile,0.72,1.637,1.867,4.79,192316,13,31.4,0.638,42,0.914,0.168,0.978,36401515,High
1261,Commercial,Urban,2782,10,Hybrid,Raft,0.68,1.764,1.667,5.01,80298,13,37.8,0.678,58,0.522,0.18,0.75,6110166,Low
1262,Industrial,Semi-Urban,9244,5,Hybrid,Raft,0.824,1.307,1.952,3.23,199742,13,34.47,0.312,9,0.442,0.286,0.577,21263977,Medium
1263,Industrial,Urban,18361,12,Hybrid,Strip,0.735,0.916,1.203,4.71,182253,16,29.5,0.352,42,0.932,0.268,0.751,29852492,High
1264,Commercial,Urban,10419,7,Steel,Strip,0.982,1.003,1.35,4.04,42195,2,20.81,0.945,8,0.249,0.152,0.934,16591469,Medium
1265,Commercial,Semi-Urban,13835,12,Steel,Strip,0.676,1.979,1.297,5.74,37846,5,38.72,0.612,28,0.579,0.906,0.893,23321220,High
1266,Industrial,Semi-Urban,1091,12,RCC,Pile,0.87,1.392,2.156,5.76,32664,10,25.09,0.782,25,0.402,0.845,0.717,2915337,Low
1267,Industrial,Urban,6777,7,Steel,Strip,0.629,0.814,1.091,7.59,187042,10,18.75,0.726,55,0.505,0.787,0.606,8606961,Low
1268,Commercial,Rural,2760,11,Hybrid,Raft,0.754,1.946,1.834,6.01,102649,25,15.54,0.611,35,0.529,0.531,0.791,6100484,Low
1269,Residential,Urban,11639,13,Hybrid,Strip,0.776,1.397,0.887,5.78,14236,11,38.75,0.048,59,0.636,0.483,0.966,15674952,Medium
1270,Residential,Semi-Urban,847,2,Hybrid,Pile,0.665,1.804,1.734,4.39,85794,28,34.45,0.663,28,0.563,0.483,0.589,1681994,Low
1271,Commercial,Semi-Urban,4943,7,Steel,Strip,0.736,1.458,0.909,8.11,70967,20,20.41,0.345,3,0.99,0.336,0.914,6645876,Low
1272,Residential,Rural,11588,6,RCC,Strip,0.64,0.922,1.099,3.55,163251,25,18.54,0.469,20,0.22,0.647,0.574,6258363,Low
1273,Commercial,Urban,9274,7,Steel,Raft,0.503,1.539,0.992,8.89,129955,24,38.99,0.851,32,0.806,0.153,0.96,11469992,Medium
1274,Residential,Urban,7369,11,RCC,Strip,0.608,1.997,1.389,5.86,149408,9,21.02,0.969,30,0.241,0.693,0.847,8535054,Low
1275,Residential,Urban,19922,8,Steel,Pile,0.85,0.842,1.384,4.12,69790,13,26.55,0.694,54,0.545,0.562,0.555,31620521,High
1276,Industrial,Semi-Urban,3345,4,Hybrid,Strip,0.885,1.81,2.205,5.13,182969,13,30.27,0.232,27,0.361,0.835,0.601,10072277,Low
1277,Industrial,Urban,12886,1,RCC,Strip,0.64,1.083,1.184,3.09,184264,29,16.56,0.318,35,0.956,0.975,0.963,16176924,Medium
1278,Residential,Rural,1765,8,Steel,Raft,0.704,1.273,0.947,4.0,58502,2,23.61,0.138,32,0.778,0.889,0.754,2157127,Low
1279,Residential,Semi-Urban,12945,8,Hybrid,Strip,0.519,1.247,1.826,5.01,177303,26,38.59,0.581,3,0.57,0.748,0.727,13240665,Medium
1280,Industrial,Semi-Urban,13438,3,RCC,Raft,0.619,1.879,1.969,6.33,33283,5,32.51,0.93,3,0.962,0.49,0.529,26970182,High
1281,Industrial,Urban,11659,3,RCC,Raft,0.89,1.405,1.301,3.78,132537,26,24.19,0.811,32,0.777,0.293,0.542,22035633,High
1282,Industrial,Rural,2774,5,Hybrid,Strip,0.803,1.337,1.825,7.06,52102,25,34.79,0.544,13,0.962,0.698,0.846,6335883,Low
1283,Commercial,Semi-Urban,19354,14,Hybrid,Raft,0.603,1.782,2.119,8.07,135572,5,35.93,0.941,47,0.764,0.281,0.888,41365724,High
1284,Residential,Semi-Urban,10982,3,Steel,Raft,0.629,0.859,1.391,6.43,42199,12,18.79,0.897,8,0.262,0.118,0.934,8381277,Low
1285,Industrial,Urban,19461,14,Steel,Strip,0.908,0.904,1.693,4.78,46717,20,29.66,0.361,23,0.693,0.616,0.751,40798631,High
1286,Residential,Urban,1568,5,Hybrid,Strip,0.605,0.826,1.049,3.73,99242,8,24.17,0.55,24,0.984,0.455,0.664,1753203,Low
1287,Commercial,Rural,15206,8,Steel,Pile,0.667,1.626,0.84,3.09,46073,6,27.67,0.296,6,0.371,0.888,0.813,19058492,Medium
1288,Commercial,Urban,6474,1,Hybrid,Pile,0.832,1.431,2.468,7.39,69252,18,26.73,0.009,45,0.834,0.681,0.809,24987011,High
1289,Industrial,Rural,11428,2,Hybrid,Raft,0.781,1.851,1.31,6.77,102015,8,27.6,0.451,27,0.348,0.683,0.517,23513551,High
1290,Commercial,Semi-Urban,2450,2,Steel,Raft,0.73,1.398,1.274,5.86,141088,28,28.05,0.75,4,0.562,0.809,0.969,3884568,Low
1291,Residential,Rural,19977,12,Steel,Strip,0.95,1.066,2.455,3.61,39730,21,16.73,0.634,45,0.268,0.402,0.821,28516506,High
1292,Industrial,Rural,10911,4,RCC,Pile,0.61,1.766,2.038,4.24,68643,23,19.44,0.927,12,0.472,0.962,0.503,19851650,Medium
1293,Residential,Rural,13888,9,RCC,Pile,0.871,1.153,1.795,7.89,139137,20,29.15,0.686,54,0.821,0.299,0.98,18650267,Medium
1294,Residential,Semi-Urban,18271,2,Steel,Strip,0.58,1.923,1.989,5.88,172788,25,38.4,0.141,1,0.236,0.885,0.976,22412540,High
1295,Commercial,Urban,4774,12,Steel,Strip,0.808,1.101,2.007,8.78,110975,2,33.66,0.267,57,0.456,0.92,0.973,10474348,Low
1296,Commercial,Semi-Urban,2785,14,Steel,Strip,0.935,1.001,2.098,9.0,12106,28,20.97,0.125,54,0.704,0.135,0.944,5487640,Low
1297,Commercial,Urban,19808,11,RCC,Strip,0.729,1.392,0.914,7.8,68326,10,24.04,0.795,19,0.959,0.669,0.592,26242274,High
1298,Commercial,Rural,7545,13,Steel,Pile,0.862,0.861,1.502,4.55,183528,25,23.38,0.951,11,0.396,0.774,0.989,11012794,Low
1299,Commercial,Rural,2118,12,RCC,Strip,0.91,0.844,1.302,4.39,153384,20,34.24,0.226,52,0.339,0.958,0.881,2632832,Low
1300,Industrial,Rural,11479,9,RCC,Strip,0.568,1.395,0.92,4.52,174262,6,39.3,0.766,26,0.363,0.326,0.82,8931064,Low
1301,Residential,Rural,9062,7,RCC,Pile,0.853,1.058,1.501,8.92,48042,5,23.89,0.437,6,0.389,0.606,0.971,10385748,Low
1302,Residential,Rural,12526,10,RCC,Strip,0.96,0.811,1.847,5.01,30919,16,15.37,0.355,33,0.711,0.796,0.691,15131879,Medium
1303,Residential,Urban,8343,8,Hybrid,Pile,0.788,1.155,1.103,7.24,66657,3,38.42,0.987,20,0.999,0.234,0.966,15150157,Medium
1304,Residential,Urban,10395,1,Steel,Pile,0.593,1.373,1.319,8.75,150271,23,33.83,0.346,59,0.619,0.868,0.803,15281313,Medium
1305,Commercial,Rural,12466,13,Steel,Strip,0.563,1.273,1.887,7.92,100924,4,35.86,0.661,17,0.417,0.463,0.79,12997520,Medium
1306,Residential,Semi-Urban,18232,5,Hybrid,Strip,0.63,0.963,1.785,6.59,48051,1,20.22,0.713,9,0.798,0.676,0.823,21871106,High
1307,Industrial,Semi-Urban,5789,9,Steel,Raft,0.552,1.496,2.277,4.01,145461,14,31.14,0.773,37,0.327,0.138,0.877,9446864,Low
1308,Industrial,Rural,19306,12,RCC,Raft,0.757,1.652,2.145,4.05,197266,14,20.82,0.862,57,0.224,0.301,0.722,31867970,High
1309,Residential,Urban,19312,4,Hybrid,Pile,0.535,1.611,2.442,5.95,14048,24,15.29,0.566,55,0.684,0.53,0.99,40608002,High
1310,Residential,Semi-Urban,3533,2,RCC,Pile,0.612,1.273,1.815,8.71,124085,19,18.93,0.604,38,0.368,0.36,0.544,4176874,Low
1311,Industrial,Semi-Urban,9360,6,Hybrid,Raft,0.72,0.965,1.987,8.43,64322,6,38.07,0.711,43,0.519,0.962,0.957,20784995,Medium
1312,Industrial,Semi-Urban,8313,2,RCC,Pile,0.737,1.399,2.263,4.0,36546,12,20.38,0.149,20,0.385,0.815,0.829,18721511,Medium
1313,Commercial,Rural,18298,3,Steel,Raft,0.783,1.869,2.228,4.73,69417,18,29.63,0.2,15,0.934,0.878,0.955,47838716,High
1314,Industrial,Semi-Urban,14360,14,Steel,Strip,0.853,1.362,2.022,6.53,131050,9,39.2,0.764,50,0.47,0.52,0.684,32101502,High
1315,Commercial,Semi-Urban,14794,8,Steel,Strip,0.524,1.035,1.65,5.86,58652,20,16.89,0.135,19,0.559,0.526,0.914,13983107,Medium
1316,Commercial,Semi-Urban,4121,3,Hybrid,Strip,0.54,0.912,1.264,3.72,159321,23,35.2,0.688,49,0.388,0.825,0.808,4047693,Low
1317,Commercial,Semi-Urban,17638,2,Steel,Pile,0.53,1.933,2.291,5.22,96105,25,29.94,0.032,53,0.268,0.449,0.916,29710983,High
1318,Commercial,Urban,2847,6,Hybrid,Strip,0.712,1.692,2.12,8.73,21179,13,23.08,0.338,45,0.61,0.533,0.663,7446767,Low
1319,Commercial,Rural,15382,14,RCC,Pile,0.521,1.176,2.224,8.71,136917,27,24.11,0.662,46,0.895,0.576,0.959,18830362,Medium
1320,Residential,Rural,17610,3,Steel,Strip,0.873,1.154,1.039,6.36,44058,19,15.68,0.707,39,0.481,0.646,0.962,18290582,Medium
1321,Industrial,Urban,5423,1,RCC,Pile,0.612,1.874,1.335,6.81,154203,13,21.4,0.63,23,0.825,0.685,0.737,11251864,Medium
1322,Commercial,Urban,19533,12,Steel,Pile,0.97,1.013,1.522,4.33,173805,19,25.59,0.442,46,0.226,0.713,0.7,44742224,High
1323,Industrial,Rural,16111,14,RCC,Raft,0.743,1.442,2.225,7.45,63911,19,32.92,0.255,56,0.388,0.5,0.788,27932658,High
1324,Industrial,Semi-Urban,15867,14,Hybrid,Raft,0.723,1.656,2.318,3.31,5345,21,21.87,0.613,20,0.305,0.366,0.6,39408321,High
1325,Commercial,Semi-Urban,19699,3,Steel,Raft,0.89,1.276,1.284,4.32,152611,10,29.51,0.185,43,0.522,0.928,0.748,37495970,High
1326,Residential,Rural,9566,6,Hybrid,Pile,0.857,0.848,1.967,3.04,53715,6,33.29,0.06,57,0.915,0.844,0.948,17546594,Medium
1327,Commercial,Semi-Urban,3779,3,Hybrid,Raft,0.804,1.073,0.932,5.31,108865,3,32.46,0.02,30,0.499,0.103,0.683,5219387,Low
1328,Residential,Urban,19868,9,RCC,Raft,0.968,1.882,1.496,8.1,66154,26,29.76,0.268,58,0.683,0.562,0.868,40417978,High
1329,Industrial,Semi-Urban,4307,7,Steel,Raft,0.711,1.428,1.627,8.9,166568,16,29.5,0.03,53,0.919,0.347,0.812,9073578,Low
1330,Residential,Semi-Urban,14465,14,Hybrid,Pile,0.904,1.779,2.102,7.01,111637,9,33.03,0.249,49,0.488,0.678,0.631,43009970,High
1331,Residential,Semi-Urban,16623,5,RCC,Pile,0.69,1.467,2.316,7.47,54255,17,23.39,0.289,9,0.493,0.552,0.766,26231011,High
1332,Residential,Rural,17491,2,RCC,Raft,0.919,1.932,1.373,4.58,50009,23,26.26,0.345,19,0.27,0.119,0.926,20641243,Medium
1333,Industrial,Urban,1134,9,RCC,Raft,0.63,1.891,1.697,6.12,94396,27,39.15,0.713,13,0.479,0.755,0.777,2227155,Low
1334,Industrial,Semi-Urban,13271,5,Steel,Pile,0.645,1.379,1.901,7.42,123891,9,31.72,0.441,18,0.797,0.348,0.848,28482143,High
1335,Residential,Rural,17958,7,Steel,Pile,0.839,1.182,1.359,5.98,172371,5,28.0,0.985,29,0.876,0.334,0.888,25789138,High
1336,Residential,Semi-Urban,18798,9,RCC,Raft,0.606,1.522,2.475,3.53,119473,19,29.46,0.947,56,0.778,0.129,0.525,23217588,High
1337,Commercial,Urban,14840,4,Steel,Raft,0.615,1.61,2.289,7.45,8875,29,17.61,0.982,15,0.206,0.846,0.526,29492886,High
1338,Residential,Semi-Urban,1088,9,RCC,Raft,0.653,1.398,1.304,4.32,193339,15,29.8,0.412,21,0.294,0.621,0.557,1320734,Low
1339,Commercial,Urban,3731,1,Steel,Pile,0.839,1.787,1.664,3.59,143151,10,35.91,0.044,53,0.785,0.536,0.582,11735832,Medium
1340,Residential,Semi-Urban,6851,12,Steel,Raft,0.945,1.02,1.192,5.87,17914,4,28.09,0.86,19,0.954,0.708,0.906,10333341,Low
1341,Commercial,Urban,4338,6,RCC,Pile,0.837,1.201,1.675,3.45,44877,24,19.42,0.435,5,0.756,0.411,0.718,8679983,Low
1342,Industrial,Semi-Urban,2473,2,RCC,Strip,0.914,1.624,1.962,6.78,62551,12,26.21,0.641,44,0.381,0.613,0.593,5417835,Low
1343,Residential,Urban,14846,8,Steel,Raft,0.772,1.096,0.945,6.84,20037,14,21.95,0.843,42,0.286,0.324,0.766,16436790,Medium
1344,Residential,Semi-Urban,5544,5,RCC,Strip,0.534,1.328,2.279,4.54,132702,15,23.99,0.607,32,0.902,0.157,0.882,5681392,Low
1345,Residential,Semi-Urban,10747,3,RCC,Pile,0.55,1.956,1.809,8.79,190864,19,20.63,0.737,40,0.279,0.605,0.57,12334294,Medium
1346,Residential,Rural,12172,2,RCC,Strip,0.777,1.551,2.482,7.95,49650,5,23.35,0.249,18,0.321,0.299,0.672,15023262,Medium
1347,Commercial,Rural,10771,8,RCC,Raft,0.664,1.939,0.844,3.66,23146,12,35.54,0.195,4,0.677,0.775,0.597,12161326,Medium
1348,Residential,Urban,7183,7,Steel,Strip,0.61,1.667,2.214,7.49,35428,3,33.94,0.555,6,0.352,0.507,0.823,10324567,Low
1349,Industrial,Semi-Urban,11744,9,Hybrid,Strip,0.733,1.67,2.146,5.12,46677,15,27.26,0.638,33,0.382,0.325,0.568,26415958,High
1350,Industrial,Urban,7283,8,Steel,Strip,0.833,1.51,1.026,7.5,49868,15,34.56,0.872,19,0.314,0.648,0.891,13345962,Medium
1351,Residential,Rural,6094,11,RCC,Pile,0.692,0.971,1.37,7.8,127693,12,39.39,0.821,14,0.955,0.205,0.604,6190381,Low
1352,Industrial,Urban,4322,4,RCC,Raft,0.901,1.424,2.304,3.91,120328,15,25.15,0.989,37,0.3,0.785,0.529,11445828,Medium
1353,Residential,Urban,3889,2,Steel,Pile,0.869,1.103,1.681,6.97,137894,6,39.5,0.966,0,0.945,0.507,0.955,9005054,Low
1354,Residential,Rural,6414,14,RCC,Strip,0.867,1.998,1.482,8.18,89968,28,21.15,0.624,53,0.461,0.831,0.667,9111770,Low
1355,Industrial,Semi-Urban,18664,13,Steel,Strip,0.993,1.12,2.339,4.94,88839,17,38.86,0.503,4,0.857,0.224,0.751,48296575,High
1356,Residential,Urban,4188,2,Hybrid,Pile,0.648,1.077,0.959,3.48,129290,23,36.61,0.761,33,0.96,0.444,0.55,5854651,Low
1357,Industrial,Rural,15183,2,RCC,Pile,0.822,1.549,1.604,3.16,20461,15,19.98,0.261,53,0.615,0.262,0.74,27434250,High
1358,Commercial,Semi-Urban,13580,14,Hybrid,Strip,0.928,1.413,1.909,3.66,84987,15,23.75,0.352,20,0.816,0.155,0.611,29837377,High
1359,Residential,Rural,10416,11,Hybrid,Raft,0.79,0.826,1.835,3.03,144734,11,32.7,0.767,13,0.413,0.96,0.92,13739444,Medium
1360,Commercial,Urban,5537,12,RCC,Pile,0.895,0.955,1.249,4.96,27183,22,19.79,0.95,16,0.506,0.754,0.857,9376739,Low
1361,Industrial,Semi-Urban,13953,6,RCC,Strip,0.707,1.773,1.758,4.8,175181,12,29.77,0.895,11,0.642,0.393,0.832,22927371,High
1362,Commercial,Semi-Urban,9140,7,Steel,Strip,0.795,1.38,2.005,3.66,48211,22,28.37,0.073,26,0.88,0.322,0.891,17491218,Medium
1363,Commercial,Rural,581,12,Steel,Raft,0.528,0.975,1.794,6.91,80129,19,22.3,0.232,5,0.697,0.284,0.647,661359,Low
1364,Industrial,Rural,6778,6,RCC,Strip,0.993,1.358,1.964,8.95,181710,1,22.51,0.273,38,0.218,0.139,0.727,11721772,Medium
1365,Commercial,Rural,16578,2,Steel,Pile,0.9,1.104,1.235,8.41,17891,16,27.91,0.383,47,0.444,0.192,0.543,26613895,High
1366,Commercial,Semi-Urban,16036,4,Hybrid,Strip,0.934,1.068,2.216,4.52,98574,11,22.5,0.071,24,0.892,0.193,0.534,35796875,High
1367,Industrial,Semi-Urban,18290,3,Hybrid,Strip,0.847,1.949,1.564,7.62,145984,1,19.51,0.231,26,0.392,0.7,0.665,45750477,High
1368,Commercial,Urban,7910,11,RCC,Strip,0.593,1.234,2.478,8.62,19903,23,34.33,0.716,44,0.494,0.635,0.911,11636048,Medium
1369,Industrial,Semi-Urban,16426,13,Steel,Strip,0.516,0.856,0.84,8.44,103882,4,29.54,0.244,1,0.512,0.611,0.799,13130667,Medium
1370,Commercial,Urban,16000,4,RCC,Raft,0.932,1.964,1.447,8.31,19282,6,25.94,0.943,21,0.324,0.761,0.712,37830359,High
1371,Industrial,Rural,1980,5,Hybrid,Pile,0.698,1.754,1.107,7.72,177774,4,19.53,0.423,31,0.48,0.326,0.983,4140159,Low
1372,Industrial,Rural,9771,7,RCC,Strip,0.632,1.105,1.745,4.76,27166,24,29.86,0.1,53,0.854,0.408,0.721,11082576,Low
1373,Commercial,Semi-Urban,4098,14,RCC,Pile,0.781,1.291,1.213,3.5,148168,28,30.72,0.843,16,0.879,0.214,0.734,6124676,Low
1374,Commercial,Rural,15532,9,RCC,Raft,0.71,1.835,2.054,5.93,152169,25,26.99,0.916,55,0.665,0.629,0.996,26670851,High
1375,Commercial,Rural,8493,11,RCC,Pile,0.826,1.229,2.299,3.33,182054,2,24.32,0.928,36,0.743,0.94,0.566,19307188,Medium
1376,Residential,Semi-Urban,11395,2,Hybrid,Raft,0.742,1.481,1.159,8.99,7030,17,36.68,0.494,1,0.628,0.877,0.628,17292384,Medium
1377,Residential,Urban,15867,8,RCC,Pile,0.849,1.442,1.073,5.15,141931,1,32.62,0.921,52,0.235,0.599,0.727,21049346,Medium
1378,Residential,Semi-Urban,8144,3,RCC,Pile,0.927,1.282,2.288,8.75,90027,13,23.9,0.709,51,0.757,0.68,0.786,18914208,Medium
1379,Industrial,Urban,12448,9,Steel,Strip,0.598,1.567,1.414,7.64,99372,12,29.83,0.196,54,0.997,0.993,0.574,24413946,High
1380,Commercial,Semi-Urban,18642,10,RCC,Pile,0.665,1.368,1.539,5.47,83751,28,20.84,0.533,25,0.382,0.566,0.664,24329519,High
1381,Industrial,Semi-Urban,3099,12,Steel,Strip,0.718,0.825,1.176,3.71,187452,23,15.29,0.433,55,0.986,0.884,0.61,4787418,Low
1382,Residential,Rural,6313,4,RCC,Strip,0.981,1.777,1.523,4.42,83126,29,36.72,0.451,32,0.998,0.551,0.925,9321566,Low
1383,Commercial,Semi-Urban,4353,3,Steel,Pile,0.683,0.936,1.193,7.04,121422,2,35.47,0.413,0,0.313,0.143,0.917,4921935,Low
1384,Industrial,Semi-Urban,19176,10,RCC,Strip,0.691,1.357,1.932,7.98,108247,19,30.99,0.175,39,0.941,0.941,0.62,32455835,High
1385,Commercial,Urban,2001,6,Steel,Pile,0.827,1.496,1.648,8.88,183421,12,35.28,0.39,42,0.74,0.201,0.717,5469324,Low
1386,Industrial,Rural,8922,10,RCC,Strip,0.71,1.647,2.14,3.79,157479,4,34.52,0.512,43,0.573,0.734,0.826,15155847,Medium
1387,Commercial,Urban,8050,13,RCC,Strip,0.976,1.293,1.332,3.94,81183,25,36.51,0.286,35,0.476,0.314,0.524,12858401,Medium
1388,Residential,Urban,4750,9,Steel,Raft,0.947,1.683,1.66,3.25,91029,26,37.3,0.177,55,0.704,0.911,0.942,12100365,Medium
1389,Residential,Rural,7491,7,RCC,Raft,0.757,0.958,1.241,4.56,7126,18,35.47,0.198,38,0.874,0.28,0.756,6287129,Low
1390,Commercial,Rural,16998,4,RCC,Pile,0.822,1.584,2.389,7.93,156411,26,36.29,0.193,24,0.227,0.226,0.613,28630156,High
1391,Industrial,Rural,4906,3,RCC,Strip,0.529,1.792,1.687,4.19,141155,2,27.54,0.447,12,0.628,0.495,0.698,5613670,Low
1392,Residential,Semi-Urban,19231,10,RCC,Raft,0.848,1.867,1.095,6.29,126618,29,32.7,0.209,38,0.72,0.547,0.951,26115850,High
1393,Residential,Rural,1541,4,Hybrid,Raft,0.854,1.495,1.264,5.68,21248,1,23.33,0.717,35,0.22,0.837,0.512,2471258,Low
1394,Residential,Rural,7427,3,RCC,Raft,0.68,1.175,0.941,4.95,167617,24,36.53,0.336,11,0.911,0.786,0.571,6403260,Low
1395,Commercial,Rural,16895,12,Hybrid,Strip,0.61,0.996,0.847,6.71,11609,13,36.46,0.939,20,0.961,0.395,0.596,15357906,Medium
1396,Commercial,Urban,8371,3,Hybrid,Pile,0.958,1.215,1.694,6.01,176518,24,16.65,0.063,22,0.69,0.446,0.53,25919677,High
1397,Industrial,Urban,6875,12,RCC,Strip,0.713,1.448,1.373,5.01,179574,5,23.68,0.31,17,0.294,0.619,0.613,10118437,Low
1398,Industrial,Semi-Urban,4176,14,Steel,Strip,0.827,1.036,2.438,7.13,113364,19,19.29,0.738,12,0.946,0.596,0.909,10236488,Low
1399,Industrial,Urban,13517,13,Steel,Raft,0.517,1.943,1.091,4.68,147450,1,18.39,0.685,18,0.844,0.876,0.764,23684906,High
1400,Commercial,Semi-Urban,3565,9,RCC,Strip,0.707,1.877,2.15,6.86,163271,2,25.37,0.421,34,0.223,0.525,0.803,5823529,Low
1401,Commercial,Urban,2536,4,Hybrid,Strip,0.909,0.84,1.337,8.74,32921,14,30.64,0.87,45,0.663,0.904,0.578,5313776,Low
1402,Industrial,Rural,3546,9,Steel,Raft,0.694,1.474,1.18,7.37,120395,9,23.59,0.071,47,0.292,0.285,0.639,5067347,Low
1403,Industrial,Urban,17424,12,RCC,Raft,0.802,1.747,2.448,5.51,18617,8,22.73,0.509,56,0.313,0.881,0.959,48725047,High
1404,Commercial,Semi-Urban,576,10,RCC,Strip,0.605,1.094,2.164,7.49,114891,26,17.36,0.2,33,0.354,0.374,0.605,883421,Low
1405,Industrial,Urban,19951,5,Hybrid,Raft,0.708,1.429,1.872,7.86,161250,11,24.57,0.374,51,0.517,0.81,0.953,53477259,High
1406,Residential,Rural,16380,7,Steel,Pile,0.964,1.287,1.985,4.96,188055,4,26.77,0.699,55,0.901,0.609,0.832,36908899,High
1407,Commercial,Semi-Urban,16907,14,RCC,Pile,0.783,1.036,2.485,7.23,34069,29,24.97,0.099,0,0.225,0.888,0.751,31049169,High
1408,Industrial,Rural,17559,5,Steel,Pile,0.951,1.538,1.808,5.61,84805,3,32.0,0.044,56,0.751,0.308,0.587,46786677,High
1409,Commercial,Rural,4767,1,RCC,Pile,0.951,1.992,0.973,7.91,74197,5,22.2,0.421,45,0.972,0.731,0.837,10094589,Low
1410,Residential,Semi-Urban,6488,2,RCC,Pile,0.972,1.238,0.91,4.77,134414,24,32.9,0.271,21,0.713,0.864,0.943,8869660,Low
1411,Commercial,Rural,9180,11,RCC,Raft,0.948,1.463,1.933,8.63,198260,14,37.07,0.721,27,0.852,0.799,0.58,18829382,Medium
1412,Commercial,Rural,1985,5,Hybrid,Raft,0.502,1.193,1.918,6.45,147647,10,29.78,0.066,3,0.921,0.609,0.503,2746830,Low
1413,Commercial,Urban,15213,6,Hybrid,Pile,0.967,1.852,2.072,5.12,74645,6,24.72,0.967,36,0.772,0.708,0.87,70886877,High
1414,Commercial,Rural,2919,7,Hybrid,Pile,0.569,1.838,0.985,5.52,133169,10,19.49,0.621,6,0.728,0.277,0.8,4049677,Low
1415,Residential,Rural,15812,2,Steel,Pile,0.52,1.015,2.406,5.09,48116,11,38.31,0.501,10,0.214,0.295,0.752,14947676,Medium
1416,Commercial,Rural,3995,10,Hybrid,Raft,0.528,1.88,1.737,3.88,180941,20,33.8,0.413,11,0.615,0.341,0.728,5946439,Low
1417,Commercial,Rural,17640,9,Hybrid,Raft,0.674,0.982,1.904,3.41,105394,8,21.16,0.749,39,0.575,0.845,0.749,27974046,High
1418,Industrial,Semi-Urban,11216,6,Steel,Strip,0.81,0.915,0.859,4.93,31981,4,18.77,0.356,52,0.618,0.251,0.687,13349020,Medium
1419,Commercial,Urban,12942,2,Steel,Strip,0.701,1.584,2.434,5.75,181602,21,16.23,0.777,38,0.546,0.369,0.541,28604477,High
1420,Industrial,Rural,18663,2,Steel,Strip,0.513,1.263,1.756,5.17,104402,18,19.76,0.711,34,0.925,0.928,0.888,23535645,High
1421,Residential,Rural,13461,3,Steel,Strip,0.738,1.437,1.758,3.08,39718,26,33.31,0.551,33,0.911,0.78,0.734,17440341,Medium
1422,Residential,Semi-Urban,10807,1,Hybrid,Raft,0.721,1.583,2.404,6.47,189048,20,30.74,0.889,17,0.301,0.76,0.912,20645061,Medium
1423,Residential,Rural,6987,9,Hybrid,Raft,0.878,0.863,2.38,3.87,48512,26,39.19,0.346,9,0.626,0.51,0.991,11064802,Low
1424,Residential,Semi-Urban,10164,14,Steel,Raft,0.64,1.152,1.175,4.27,155338,14,23.05,0.058,59,0.968,0.732,0.586,11417594,Medium
1425,Industrial,Urban,16860,10,Hybrid,Raft,0.609,1.353,2.383,3.72,67336,26,34.67,0.376,50,0.679,0.609,0.897,41045263,High
1426,Commercial,Urban,17142,11,RCC,Pile,0.628,1.12,2.052,6.12,175063,3,18.01,0.875,53,0.841,0.164,0.989,29774867,High
1427,Residential,Rural,4575,4,Hybrid,Strip,0.652,0.859,0.832,3.57,117299,12,29.06,0.077,14,0.499,0.619,0.862,3435756,Low
1428,Commercial,Rural,18002,5,RCC,Raft,0.8,0.904,1.208,4.54,138082,15,26.67,0.763,58,0.502,0.507,0.623,17391810,Medium
1429,Industrial,Rural,15785,7,Steel,Raft,0.736,1.762,1.502,5.71,136565,28,35.95,0.825,25,0.461,0.203,0.948,26463606,High
1430,Industrial,Semi-Urban,8131,1,Steel,Strip,0.668,1.894,1.791,4.01,95033,24,32.54,0.428,48,0.217,0.41,0.897,12970077,Medium
1431,Industrial,Rural,3517,3,Hybrid,Raft,0.687,0.983,1.992,5.68,56003,8,19.86,0.195,50,0.94,0.905,0.725,7554128,Low
1432,Residential,Rural,18542,14,Steel,Pile,0.685,1.099,1.157,5.06,126335,14,39.6,0.356,2,0.48,0.823,0.786,19253131,Medium
1433,Commercial,Urban,18681,3,Hybrid,Raft,0.986,1.583,2.222,8.16,127183,23,35.58,0.398,12,0.494,0.923,0.861,67286904,High
1434,Commercial,Rural,1284,2,Hybrid,Strip,0.616,1.945,2.238,7.77,183801,6,23.87,0.932,33,0.808,0.745,0.562,3071105,Low
1435,Commercial,Urban,6191,8,Hybrid,Pile,0.909,1.16,1.879,8.96,141015,25,35.65,0.285,46,0.622,0.669,0.963,19101396,Medium
1436,Industrial,Rural,16265,5,Hybrid,Pile,0.854,1.826,2.366,6.17,15350,14,38.92,0.973,16,0.49,0.225,0.994,51007367,High
1437,Residential,Urban,3696,1,RCC,Strip,0.503,1.407,2.182,6.45,182973,4,37.26,0.109,0,0.907,0.196,0.665,3942207,Low
1438,Industrial,Rural,10052,12,RCC,Strip,0.997,1.948,1.177,8.68,91556,20,28.91,0.974,13,0.86,0.322,0.858,18841976,Medium
1439,Industrial,Urban,9032,2,Steel,Pile,0.878,0.964,2.158,5.4,69271,6,29.43,0.223,0,0.981,0.383,0.711,29358548,High
1440,Commercial,Semi-Urban,17446,1,RCC,Raft,0.841,1.968,2.42,6.33,113790,16,17.66,0.168,23,0.713,0.646,0.514,45150123,High
1441,Industrial,Urban,5246,6,Steel,Strip,0.703,1.329,1.034,5.27,192612,17,19.12,0.12,53,0.752,0.89,0.979,9263167,Low
1442,Commercial,Urban,3499,9,Steel,Pile,0.778,1.944,2.464,6.28,65730,2,39.57,0.316,56,0.46,0.902,0.571,13223506,Medium
1443,Residential,Urban,18077,11,Hybrid,Strip,0.627,1.35,0.842,3.48,162066,18,34.24,0.617,59,0.28,0.714,0.537,18016720,Medium
1444,Commercial,Rural,11802,7,Hybrid,Raft,0.518,1.436,1.688,7.7,98938,13,15.64,0.666,10,0.285,0.617,0.919,13739305,Medium
1445,Residential,Rural,16952,5,Hybrid,Raft,0.918,1.766,2.116,8.91,149863,26,28.69,0.37,2,0.717,0.32,0.517,37044492,High
1446,Commercial,Rural,16095,12,Hybrid,Pile,0.948,1.667,2.144,3.39,18335,20,23.63,0.231,12,0.291,0.944,0.844,48406776,High
1447,Industrial,Semi-Urban,19312,13,Hybrid,Raft,0.581,1.544,2.049,7.81,164570,16,22.79,0.995,54,0.925,0.704,0.965,43993488,High
1448,Industrial,Semi-Urban,6700,3,Hybrid,Raft,0.894,1.3,1.7,4.45,141863,21,28.92,0.271,21,0.763,0.58,0.703,18395058,Medium
1449,Residential,Urban,5896,12,RCC,Raft,0.871,1.751,1.907,4.19,32465,13,23.0,0.378,40,0.381,0.194,0.534,10572806,Low
1450,Residential,Semi-Urban,13910,12,Steel,Strip,0.589,1.938,1.99,7.16,160888,14,21.29,0.481,46,0.423,0.843,0.609,19255231,Medium
1451,Residential,Urban,13703,8,Steel,Pile,0.711,0.812,1.641,3.26,132671,18,38.45,0.74,40,0.768,0.414,0.974,20017625,Medium
1452,Commercial,Urban,4098,10,Hybrid,Pile,0.711,1.505,1.813,5.78,18663,8,16.0,0.152,58,0.859,0.911,0.733,13247796,Medium
1453,Commercial,Urban,11064,4,RCC,Pile,0.88,1.839,2.239,3.01,81630,5,25.9,0.266,29,0.872,0.252,0.771,36386038,High
1454,Residential,Semi-Urban,13248,9,Hybrid,Raft,0.919,1.584,1.332,6.33,7400,24,27.78,0.997,24,0.681,0.144,0.578,23672103,High
1455,Industrial,Rural,17457,5,RCC,Strip,0.547,1.761,1.689,5.77,62437,9,26.0,0.825,6,0.324,0.491,0.959,18134575,Medium
1456,Commercial,Semi-Urban,8136,14,RCC,Pile,0.781,1.874,0.814,8.49,96855,15,31.43,0.444,24,0.855,0.17,0.759,13069365,Medium
1457,Commercial,Urban,18362,6,Steel,Strip,0.881,1.701,1.969,7.32,25394,29,15.64,0.109,38,0.833,0.156,0.764,45099141,High
1458,Commercial,Urban,10765,5,Steel,Pile,0.893,1.66,1.132,3.76,91068,27,37.12,0.867,24,0.868,0.742,0.788,28716585,High
1459,Residential,Semi-Urban,10205,10,RCC,Raft,0.574,1.958,1.618,5.13,17657,9,27.51,0.783,1,0.326,0.332,0.884,10163946,Low
1460,Residential,Urban,14798,12,Steel,Pile,0.763,1.836,1.157,8.59,41736,20,28.84,0.581,33,0.747,0.675,0.601,30318369,High
1461,Residential,Urban,19080,11,RCC,Pile,0.929,1.778,0.84,7.35,151525,10,26.57,0.404,54,0.968,0.614,0.971,35984409,High
1462,Residential,Semi-Urban,10203,7,RCC,Raft,0.659,0.904,1.621,6.57,171517,18,26.11,0.936,57,0.405,0.227,0.588,8277900,Low
1463,Residential,Semi-Urban,13836,7,RCC,Raft,0.713,1.087,1.522,6.35,65705,14,19.67,0.296,21,0.773,0.447,0.599,13856817,Medium
1464,Industrial,Semi-Urban,8666,1,Steel,Pile,0.902,1.468,1.523,5.39,199364,27,27.61,0.321,53,0.407,0.159,0.506,19126203,Medium
1465,Industrial,Urban,16616,2,Hybrid,Strip,0.545,1.651,1.155,6.51,89325,18,25.53,0.876,52,0.446,0.48,0.51,23551019,High
1466,Residential,Urban,6550,7,Steel,Raft,0.93,1.164,2.41,7.63,15300,16,26.7,0.626,0,0.588,0.264,0.714,14797586,Medium
1467,Commercial,Rural,11684,8,Hybrid,Pile,0.656,0.912,0.806,3.77,160102,28,15.35,0.951,54,0.916,0.187,0.591,13222151,Medium
1468,Residential,Rural,13212,4,Steel,Raft,0.501,1.173,2.316,8.82,153731,5,18.27,0.645,17,0.231,0.385,0.606,12477235,Medium
1469,Industrial,Semi-Urban,8984,6,Steel,Strip,0.617,1.725,2.053,4.44,116367,10,34.08,0.033,15,0.992,0.103,0.994,16336828,Medium
1470,Industrial,Rural,3093,11,Hybrid,Pile,0.545,1.853,1.093,5.69,67005,20,25.48,0.177,55,0.818,0.782,0.965,5577963,Low
1471,Commercial,Urban,10815,12,RCC,Pile,0.546,1.895,1.603,3.14,104445,6,33.57,0.282,9,0.488,0.242,0.661,15676388,Medium
1472,Industrial,Rural,15700,10,Hybrid,Strip,0.846,1.255,2.481,6.3,36836,9,19.28,0.867,30,0.483,0.663,0.672,36978551,High
1473,Residential,Urban,9607,3,RCC,Strip,0.607,1.247,1.894,5.29,39334,23,32.46,0.831,54,0.586,0.849,0.646,10812333,Low
1474,Commercial,Semi-Urban,4369,7,RCC,Pile,0.967,1.288,1.017,4.5,175137,16,22.23,0.79,47,0.9,0.926,0.941,8895484,Low
1475,Residential,Semi-Urban,15947,11,Steel,Strip,0.758,1.251,1.578,8.91,32102,28,32.63,0.554,59,0.214,0.602,0.549,17806477,Medium
1476,Residential,Urban,8471,3,Steel,Strip,0.73,1.599,1.596,5.57,177947,11,17.17,0.139,12,0.639,0.809,0.792,14552917,Medium
1477,Commercial,Rural,3489,11,Steel,Pile,0.717,1.23,2.164,5.49,59584,20,23.34,0.131,33,0.245,0.509,0.593,5700946,Low
1478,Residential,Semi-Urban,5840,7,Steel,Raft,0.846,0.824,2.357,5.78,9536,23,17.98,0.126,33,0.292,0.541,0.879,8684898,Low
1479,Industrial,Semi-Urban,10143,12,Steel,Strip,0.726,1.327,0.94,3.7,36335,18,30.74,0.855,41,0.753,0.592,0.816,14899296,Medium
1480,Residential,Rural,4323,11,Hybrid,Raft,0.564,1.069,1.334,5.36,157729,5,24.81,0.142,55,0.387,0.703,0.694,4219984,Low
1481,Commercial,Rural,13954,12,Hybrid,Raft,0.94,0.835,1.307,5.02,107160,28,16.86,0.809,59,0.233,0.703,0.549,20948839,Medium
1482,Commercial,Urban,4432,11,Hybrid,Raft,0.714,1.365,2.493,5.79,106208,27,28.16,0.845,11,0.331,0.807,0.884,11239425,Medium
1483,Commercial,Rural,10720,8,Hybrid,Strip,0.537,1.047,1.751,8.14,60450,9,15.62,0.105,36,0.367,0.655,0.539,11159767,Medium
1484,Residential,Rural,9054,3,Steel,Pile,0.765,1.343,2.296,4.16,70079,11,35.46,0.902,39,0.816,0.894,0.637,18143920,Medium
1485,Commercial,Rural,2929,2,Hybrid,Pile,0.824,1.133,1.524,6.65,96927,9,38.46,0.898,16,0.7,0.738,0.627,6102667,Low
1486,Commercial,Urban,7944,12,Hybrid,Pile,0.638,1.524,2.029,3.23,108960,4,35.25,0.638,40,0.788,0.936,0.789,21785536,High
1487,Residential,Urban,11010,6,RCC,Pile,0.9,1.989,1.287,4.9,47761,8,38.79,0.513,55,0.496,0.775,0.757,23307577,High
1488,Industrial,Semi-Urban,11777,4,Steel,Pile,0.835,1.457,2.35,5.84,97963,5,37.43,0.647,53,0.291,0.765,0.64,34040091,High
1489,Residential,Urban,11037,8,Hybrid,Pile,0.825,1.576,1.574,3.45,98929,3,37.37,0.405,14,0.844,0.874,0.715,30221280,High
1490,Commercial,Semi-Urban,7647,13,Hybrid,Raft,0.71,1.903,2.166,6.26,72196,29,21.14,0.589,12,0.312,0.69,0.718,18161499,Medium
1491,Commercial,Rural,8131,14,Hybrid,Raft,0.981,1.249,1.235,4.86,111156,22,20.78,0.97,45,0.506,0.262,0.787,14346662,Medium
1492,Residential,Semi-Urban,4098,2,Steel,Raft,0.637,1.0,1.979,8.96,174933,4,35.24,0.113,7,0.41,0.175,0.949,4703108,Low
1493,Industrial,Semi-Urban,4829,4,Hybrid,Strip,0.789,1.139,1.489,6.79,158913,29,27.28,0.234,16,0.437,0.384,0.571,8150432,Low
1494,Commercial,Rural,7218,2,RCC,Strip,0.655,1.283,0.853,4.47,54745,16,38.56,0.524,10,0.681,0.833,0.779,5868083,Low
1495,Commercial,Semi-Urban,10423,14,Steel,Strip,0.872,1.574,1.502,3.62,103951,13,37.43,0.259,39,0.331,0.12,0.509,16834089,Medium
1496,Commercial,Urban,14282,2,RCC,Pile,0.524,0.806,1.735,3.24,121111,3,37.33,0.993,45,0.557,0.235,0.849,14197852,Medium
1497,Residential,Urban,16976,2,Steel,Raft,0.523,1.824,1.058,3.54,52704,4,23.15,0.72,0,0.711,0.196,0.82,17905127,Medium
1498,Commercial,Urban,551,1,Hybrid,Strip,0.905,0.891,1.113,7.08,27314,29,18.32,0.434,31,0.895,0.133,0.847,1030389,Low
1499,Industrial,Urban,17202,4,Steel,Raft,0.717,1.881,1.59,8.13,63224,1,31.95,0.903,43,0.497,0.829,0.737,43803350,High
1500,Commercial,Semi-Urban,10684,2,Steel,Pile,0.671,1.939,1.383,3.94,175865,26,26.01,0.144,51,0.455,0.352,0.593,19283212,Medium
1501,Commercial,Semi-Urban,12968,9,Steel,Raft,0.804,1.988,1.549,5.41,137306,8,38.35,0.288,9,0.494,0.756,0.724,29707779,High
1502,Industrial,Rural,15979,9,RCC,Pile,0.851,1.771,1.583,5.13,195033,9,36.35,0.956,43,0.601,0.228,0.512,31535187,High
1503,Commercial,Semi-Urban,7710,11,Steel,Strip,0.601,0.97,1.038,6.87,162791,22,38.22,0.557,50,0.45,0.468,0.691,6479429,Low
1504,Residential,Semi-Urban,13434,11,Hybrid,Pile,0.593,1.647,1.108,4.1,92597,5,29.2,0.921,58,0.4,0.205,0.919,14334339,Medium
1505,Residential,Semi-Urban,4456,7,Steel,Pile,0.979,1.044,2.242,8.72,55608,12,28.16,0.984,14,0.5,0.102,0.669,9111827,Low
1506,Residential,Rural,6557,6,Steel,Raft,0.795,1.877,1.077,7.37,174319,9,36.18,0.36,2,0.822,0.652,0.796,10649753,Low
1507,Industrial,Urban,11710,12,Hybrid,Pile,0.695,1.18,1.932,8.73,7830,4,27.8,0.576,57,0.402,0.533,0.631,30869542,High
1508,Commercial,Semi-Urban,15090,3,Hybrid,Strip,0.901,1.192,1.511,4.66,79800,17,37.5,0.847,8,0.876,0.475,0.567,28926136,High
1509,Residential,Rural,14364,14,RCC,Strip,0.763,1.901,2.446,6.53,143826,12,15.86,0.273,7,0.428,0.171,0.76,19451495,Medium
1510,Industrial,Rural,2025,12,Hybrid,Pile,0.621,0.816,0.912,7.39,175719,13,23.97,0.447,9,0.682,0.629,0.518,2533402,Low
1511,Commercial,Rural,13777,14,Hybrid,Raft,0.603,1.033,2.212,7.27,77709,11,35.87,0.153,59,0.977,0.802,0.952,23777357,High
1512,Industrial,Urban,7543,7,Hybrid,Strip,0.698,1.306,1.635,3.13,55230,23,20.25,0.653,7,0.961,0.161,0.889,15086241,Medium
1513,Residential,Semi-Urban,18162,1,Steel,Strip,0.93,1.641,0.809,8.99,116442,17,24.97,0.004,15,0.548,0.472,0.999,23627836,High
1514,Residential,Rural,9205,9,RCC,Pile,0.531,1.577,1.248,8.57,84823,15,15.25,0.449,10,0.254,0.38,0.997,7082903,Low
1515,Residential,Urban,6625,4,Hybrid,Pile,0.609,1.603,1.493,3.72,36563,28,22.54,0.929,22,0.922,0.903,0.864,12903259,Medium
1516,Industrial,Rural,8374,6,Hybrid,Strip,0.947,1.856,1.334,6.26,173458,9,22.97,0.897,55,0.302,0.336,0.888,17998001,Medium
1517,Industrial,Rural,13029,6,Hybrid,Pile,0.561,0.945,1.416,4.89,102446,4,33.31,0.804,55,0.939,0.95,0.764,20045819,Medium
1518,Residential,Rural,15455,11,Steel,Pile,0.815,1.427,2.358,8.27,174335,12,31.93,0.141,57,0.786,0.846,0.609,36122407,High
1519,Industrial,Rural,3000,3,Steel,Strip,0.607,1.671,1.414,7.19,9914,3,26.12,0.52,21,0.947,0.19,0.904,4503039,Low
1520,Residential,Rural,3964,4,RCC,Raft,0.803,1.563,1.512,4.34,94272,20,33.21,0.719,39,0.732,0.533,0.635,4997258,Low
1521,Residential,Urban,19143,13,RCC,Raft,0.692,1.338,2.094,3.2,54239,17,25.71,0.101,17,0.996,0.684,0.825,30481308,High
1522,Commercial,Semi-Urban,16454,11,Steel,Strip,0.551,0.821,2.15,4.75,60026,22,25.87,0.147,38,0.574,0.634,0.865,18418907,Medium
1523,Industrial,Semi-Urban,19543,10,Hybrid,Pile,0.791,0.873,0.943,3.23,156907,7,31.14,0.04,2,0.464,0.711,0.782,31645634,High
1524,Residential,Semi-Urban,755,3,Hybrid,Strip,0.842,0.943,1.997,3.85,22472,7,33.07,0.323,7,0.515,0.484,0.831,1211173,Low
1525,Residential,Semi-Urban,2002,13,RCC,Strip,0.84,1.212,1.62,6.82,134005,21,36.17,0.877,4,0.48,0.914,0.646,2498538,Low
1526,Industrial,Urban,5156,6,Hybrid,Pile,0.819,0.941,1.028,7.47,64582,26,33.79,0.507,26,0.521,0.343,0.88,10743305,Low
1527,Commercial,Urban,10802,1,Steel,Raft,0.75,1.311,1.25,5.81,120341,12,31.76,0.853,4,0.908,0.185,0.972,19247890,Medium
1528,Commercial,Urban,5930,8,RCC,Raft,0.76,1.014,0.877,6.6,58912,26,29.04,0.084,18,0.674,0.98,0.742,7642061,Low
1529,Residential,Rural,9098,8,Steel,Pile,0.818,1.735,1.412,3.94,105731,21,22.7,0.056,16,0.781,0.687,0.56,16699166,Medium
1530,Industrial,Rural,16476,9,Steel,Strip,0.845,1.846,1.234,4.9,170924,22,21.53,0.804,45,0.43,0.693,0.81,28295375,High
1531,Commercial,Rural,2360,6,Hybrid,Pile,0.827,1.268,1.45,7.28,145002,10,36.08,0.498,17,0.992,0.836,0.671,5528254,Low
1532,Industrial,Semi-Urban,6658,1,Steel,Strip,0.793,1.414,1.787,5.19,168669,28,32.93,0.471,59,0.425,0.479,0.71,12151193,Medium
1533,Industrial,Rural,6306,3,Steel,Pile,0.578,1.944,2.045,5.09,106303,8,31.64,0.476,1,0.327,0.448,0.576,11947341,Medium
1534,Residential,Semi-Urban,17606,1,Hybrid,Pile,0.605,1.443,1.829,4.16,34947,9,21.47,0.381,54,0.823,0.954,0.813,30041309,High
1535,Commercial,Rural,9974,13,Steel,Raft,0.63,1.994,1.953,6.57,164598,14,39.24,0.886,49,0.871,0.448,0.894,19381368,Medium
1536,Residential,Semi-Urban,17497,5,Hybrid,Raft,0.96,0.971,2.272,7.86,163854,6,17.03,0.521,6,0.515,0.171,0.883,34371275,High
1537,Commercial,Rural,6290,3,Steel,Pile,0.88,1.835,2.286,5.82,197522,19,35.96,0.974,48,0.633,0.377,0.997,18387674,Medium
1538,Commercial,Rural,10670,14,Hybrid,Pile,0.776,1.397,2.263,3.69,102481,22,20.27,0.847,49,0.531,0.886,0.606,24139512,High
1539,Commercial,Urban,9504,2,Hybrid,Raft,0.626,0.827,1.06,8.03,25813,15,24.81,0.738,15,0.435,0.185,0.957,10500404,Low
1540,Commercial,Rural,10478,3,RCC,Strip,0.555,1.967,1.227,3.43,101493,20,25.7,0.636,54,0.851,0.745,0.866,10203413,Low
1541,Commercial,Rural,17214,9,Steel,Raft,0.949,1.958,1.654,5.83,22264,20,31.57,0.835,6,0.806,0.34,0.854,40323211,High
1542,Industrial,Urban,19096,11,Steel,Strip,0.946,1.26,1.41,4.57,102733,27,28.67,0.882,17,0.588,0.771,0.842,43705706,High
1543,Residential,Semi-Urban,7732,8,RCC,Raft,0.555,1.945,1.024,8.62,146619,27,19.65,0.133,43,0.564,0.563,0.769,7106330,Low
1544,Industrial,Urban,13174,13,Hybrid,Raft,0.899,0.969,1.289,7.43,132556,7,15.75,0.36,25,0.344,0.673,0.689,29408230,High
1545,Commercial,Urban,16552,3,Hybrid,Strip,0.723,1.616,2.458,6.4,68046,22,32.93,0.805,28,0.71,0.319,0.972,41730679,High
1546,Residential,Semi-Urban,16274,11,RCC,Pile,0.662,1.03,1.39,7.01,160406,24,27.62,0.221,15,0.939,0.251,0.576,16956926,Medium
1547,Commercial,Rural,6413,2,RCC,Raft,0.87,1.096,1.512,6.2,51580,27,24.04,0.586,45,0.775,0.157,0.588,8248612,Low
1548,Residential,Semi-Urban,14602,5,Hybrid,Raft,0.807,1.735,0.811,3.89,60889,8,22.11,0.78,38,0.605,0.843,0.508,22672681,High
1549,Industrial,Rural,15889,12,Hybrid,Raft,0.89,1.253,2.023,7.25,129416,3,35.58,0.224,29,0.231,0.739,0.87,38547016,High
1550,Residential,Rural,11067,12,RCC,Pile,0.537,0.809,1.503,5.96,99729,11,34.89,0.402,24,0.944,0.364,0.947,8483452,Low
1551,Residential,Semi-Urban,6111,13,Steel,Raft,0.659,1.297,0.975,6.81,173876,4,35.65,0.915,7,0.446,0.853,0.593,6593029,Low
1552,Residential,Urban,9932,12,Hybrid,Pile,0.66,1.074,2.447,3.27,177471,2,20.48,0.356,13,0.44,0.85,0.517,20672489,Medium
1553,Residential,Semi-Urban,819,1,RCC,Raft,0.665,1.62,2.122,3.85,88966,1,36.3,0.605,21,0.576,0.224,0.622,1334495,Low
1554,Residential,Rural,13186,4,Steel,Strip,0.751,1.033,2.034,6.54,194301,7,39.64,0.434,51,0.543,0.742,0.942,16314230,Medium
1555,Commercial,Semi-Urban,5291,8,Steel,Raft,0.642,1.811,2.428,5.76,160945,24,29.98,0.877,13,0.97,0.363,0.508,11941293,Medium
1556,Residential,Semi-Urban,829,1,Steel,Raft,0.722,1.121,1.493,4.36,142585,12,16.18,0.424,26,0.332,0.52,0.551,1184909,Low
1557,Residential,Rural,9351,5,Steel,Pile,0.684,1.272,2.022,4.44,32432,8,32.56,0.359,34,0.751,0.487,0.512,13614991,Medium
1558,Industrial,Urban,11810,12,RCC,Pile,0.868,1.158,1.151,6.79,104197,13,28.45,0.173,39,0.285,0.64,0.972,20906892,Medium
1559,Residential,Semi-Urban,10664,4,Hybrid,Pile,0.802,1.573,1.985,3.35,168963,6,32.8,0.349,50,0.422,0.412,0.568,21870546,High
1560,Industrial,Rural,18677,6,Steel,Strip,0.827,0.921,0.824,5.61,185471,7,19.71,0.67,11,0.778,0.166,0.95,20551727,Medium
1561,Commercial,Rural,6203,7,Steel,Strip,0.605,1.374,1.015,6.14,31061,24,30.14,0.176,42,0.843,0.705,0.737,6448858,Low
1562,Residential,Semi-Urban,11149,9,RCC,Pile,0.663,1.201,1.523,4.85,39173,20,28.48,0.705,20,0.575,0.965,0.697,13018909,Medium
1563,Industrial,Urban,13172,1,Steel,Strip,0.511,1.861,0.821,7.92,135145,24,30.06,0.011,10,0.831,0.701,0.713,17071297,Medium
1564,Industrial,Semi-Urban,4655,11,RCC,Pile,0.554,0.888,1.585,3.34,48889,6,33.19,0.367,2,0.948,0.586,0.709,5990166,Low
1565,Commercial,Urban,3111,10,RCC,Strip,0.633,1.796,1.689,8.19,96585,12,28.61,0.466,8,0.949,0.247,0.671,5192965,Low
1566,Residential,Urban,19477,4,Hybrid,Pile,0.533,1.001,1.857,7.34,167928,7,23.05,0.096,42,0.474,0.663,0.905,27139941,High
1567,Residential,Urban,16979,6,Steel,Pile,0.801,0.906,0.971,5.68,60865,10,22.73,0.684,54,0.45,0.65,0.754,22036334,High
1568,Industrial,Urban,9680,10,Hybrid,Strip,0.999,1.043,1.108,8.55,40295,7,32.38,0.103,18,0.781,0.657,0.995,24149627,High
1569,Residential,Semi-Urban,9804,7,RCC,Raft,0.55,0.923,1.843,7.21,126713,24,31.6,0.09,41,0.723,0.903,0.759,9153362,Low
1570,Industrial,Rural,15110,7,Steel,Pile,0.911,1.425,1.919,8.59,175349,27,25.55,0.368,22,0.514,0.745,0.909,38812813,High
1571,Residential,Rural,8937,8,RCC,Pile,0.559,1.986,0.844,5.84,179858,15,23.84,0.738,15,0.383,0.805,0.873,7600540,Low
1572,Industrial,Rural,10850,14,RCC,Raft,0.835,0.841,1.719,5.72,75557,21,30.5,0.964,3,0.695,0.382,0.701,15113326,Medium
1573,Residential,Rural,13021,10,RCC,Pile,0.822,1.353,2.134,6.18,177370,2,22.8,0.776,31,0.544,0.343,0.894,19415427,Medium
1574,Commercial,Rural,7060,8,Steel,Pile,0.951,1.263,0.917,3.39,36919,8,39.08,0.466,0,0.306,0.286,0.577,10165100,Low
1575,Residential,Rural,5747,8,RCC,Strip,0.557,1.208,1.502,8.45,159919,17,29.91,0.273,3,0.711,0.801,0.602,4197829,Low
1576,Residential,Semi-Urban,4577,8,RCC,Raft,0.658,1.198,1.355,7.01,172673,16,29.8,0.301,58,0.758,0.729,0.809,5312201,Low
1577,Commercial,Urban,11358,12,Steel,Pile,0.545,1.874,2.353,6.71,9450,29,18.41,0.284,25,0.491,0.408,0.856,25446468,High
1578,Residential,Rural,11891,8,Hybrid,Pile,0.704,0.823,1.116,8.56,92107,13,30.24,0.278,26,0.866,0.227,0.822,12908902,Medium
1579,Commercial,Semi-Urban,11446,6,RCC,Raft,0.956,1.73,1.341,8.96,125980,18,22.37,0.069,58,0.259,0.862,0.755,21939662,High
1580,Residential,Rural,15686,9,Hybrid,Raft,0.891,1.104,2.327,3.98,21629,21,26.3,0.22,39,0.597,0.446,0.569,26247540,High
1581,Industrial,Rural,1917,3,Hybrid,Strip,0.861,1.26,1.362,7.49,59947,4,28.45,0.108,15,0.965,0.271,0.686,3658500,Low
1582,Industrial,Urban,16994,6,Hybrid,Strip,0.767,1.304,1.703,6.48,85633,12,26.95,0.007,29,0.352,0.23,0.802,33817046,High
1583,Residential,Urban,9454,5,Hybrid,Strip,0.942,1.166,0.856,5.77,63330,11,35.23,0.286,37,0.338,0.928,0.613,13437310,Medium
1584,Residential,Urban,14091,8,Hybrid,Pile,0.725,0.912,2.474,8.87,95758,2,17.49,0.352,32,0.503,0.217,0.819,29435538,High
1585,Residential,Rural,7891,4,Hybrid,Raft,0.575,0.937,2.202,8.1,190527,20,19.18,0.927,15,0.414,0.424,0.617,8945392,Low
1586,Industrial,Rural,11864,4,Steel,Strip,0.919,1.158,1.878,7.18,144550,23,18.92,0.995,32,0.377,0.669,0.549,21197456,Medium
1587,Residential,Rural,10871,13,Steel,Raft,0.64,1.786,0.903,5.3,164955,21,35.42,0.579,19,0.96,0.467,0.662,11379749,Medium
1588,Industrial,Urban,3004,10,Hybrid,Pile,0.527,0.962,0.927,7.0,16800,16,17.96,0.901,30,0.476,0.53,0.636,4020525,Low
1589,Commercial,Semi-Urban,5739,11,Steel,Pile,0.563,1.691,1.726,6.19,198531,13,39.29,0.618,47,0.248,0.822,0.905,9957178,Low
1590,Industrial,Rural,17176,10,Steel,Raft,0.805,1.147,1.285,4.5,11839,4,39.23,0.498,26,0.92,0.999,0.742,30731820,High
1591,Industrial,Rural,18618,13,Hybrid,Raft,0.804,1.86,1.859,5.7,177880,2,39.8,0.043,31,0.559,0.52,0.532,49038584,High
1592,Commercial,Rural,5620,5,Hybrid,Strip,0.63,1.314,1.817,4.27,68469,18,39.49,0.045,21,0.789,0.441,0.908,8226993,Low
1593,Industrial,Semi-Urban,6893,11,RCC,Raft,0.864,1.006,2.226,6.0,136406,1,18.73,0.031,35,0.494,0.466,0.634,13013437,Medium
1594,Residential,Rural,2696,13,Steel,Strip,0.887,1.983,1.278,7.32,33617,26,31.44,0.15,26,0.948,0.432,0.784,4247164,Low
1595,Residential,Semi-Urban,3966,13,Hybrid,Raft,0.96,1.012,1.782,3.22,166441,22,24.99,0.077,24,0.43,0.526,0.771,6970916,Low
1596,Industrial,Rural,2406,6,Steel,Raft,0.792,1.481,2.122,7.59,153330,6,33.3,0.195,1,0.73,0.4,0.986,5635215,Low
1597,Residential,Semi-Urban,18605,11,Steel,Raft,0.89,1.483,1.634,3.12,171406,20,25.15,0.519,45,0.859,0.516,0.627,35352079,High
1598,Industrial,Rural,12383,4,Steel,Pile,0.877,1.247,2.212,6.1,16878,25,24.58,0.503,37,0.39,0.951,0.573,32154106,High
1599,Residential,Urban,15937,2,RCC,Pile,0.629,1.942,1.023,6.44,104634,29,37.6,0.344,22,0.841,0.358,0.629,19685910,Medium
1600,Residential,Urban,14997,12,Hybrid,Pile,0.655,1.813,2.048,7.57,66926,20,27.36,0.666,51,0.834,0.687,0.788,39169977,High
1601,Industrial,Urban,2316,12,Steel,Strip,0.739,1.796,2.403,7.57,72309,19,33.49,0.392,11,0.971,0.538,0.609,7215610,Low
1602,Residential,Urban,11213,14,Hybrid,Strip,0.51,1.969,1.364,5.5,129907,27,31.25,0.22,36,0.938,0.759,0.67,16201949,Medium
1603,Industrial,Rural,4349,2,Steel,Pile,0.649,1.349,1.423,3.4,8753,10,31.44,0.692,45,0.511,0.525,0.829,6674026,Low
1604,Residential,Urban,7349,12,Hybrid,Pile,0.737,0.917,0.942,7.16,173346,9,23.73,0.98,36,0.672,0.244,0.558,9892405,Low
1605,Residential,Semi-Urban,1558,3,Hybrid,Raft,0.554,1.719,1.891,6.07,6444,17,21.31,0.811,49,0.94,0.885,0.973,2889424,Low
1606,Commercial,Urban,12230,2,Hybrid,Raft,0.563,1.257,1.739,5.0,150718,29,37.14,0.414,47,0.204,0.708,0.766,18472554,Medium
1607,Commercial,Urban,19206,1,Steel,Strip,0.732,1.028,0.869,4.41,11630,15,15.61,0.376,20,0.702,0.573,0.742,23414408,High
1608,Industrial,Urban,17832,14,RCC,Strip,0.865,1.38,2.079,3.72,62125,2,19.32,0.039,47,0.372,0.848,0.682,37628958,High
1609,Commercial,Rural,4859,8,Hybrid,Raft,0.917,1.911,2.21,4.77,124283,17,18.32,0.657,41,0.791,0.979,0.623,16532346,Medium
1610,Industrial,Urban,13309,12,RCC,Strip,0.773,1.006,2.342,5.75,68579,7,38.73,0.223,10,0.837,0.468,0.742,25867474,High
1611,Commercial,Semi-Urban,6160,5,Hybrid,Pile,0.737,1.818,1.728,5.87,42532,28,15.13,0.684,20,0.77,0.418,0.743,15530145,Medium
1612,Residential,Urban,7754,10,RCC,Raft,0.692,1.302,1.569,6.5,60788,29,15.2,0.76,36,0.997,0.778,0.528,10743795,Low
1613,Industrial,Urban,13322,1,Hybrid,Raft,0.596,0.964,2.289,5.17,98255,16,20.67,0.88,3,0.583,0.509,0.924,27125836,High
1614,Industrial,Urban,2593,13,RCC,Strip,0.573,1.818,1.478,8.52,96212,17,21.98,0.548,25,0.649,0.177,0.91,3709387,Low
1615,Residential,Semi-Urban,12230,9,Hybrid,Raft,0.896,1.964,1.914,5.98,168885,27,29.0,0.83,19,0.527,0.419,0.724,27500893,High
1616,Industrial,Urban,18447,8,Hybrid,Raft,0.733,1.15,1.846,5.54,179884,27,39.03,0.723,6,0.979,0.828,0.668,51209925,High
1617,Industrial,Semi-Urban,8717,4,RCC,Pile,0.895,1.164,1.433,3.29,155262,1,26.63,0.353,37,0.938,0.736,0.749,19514464,Medium
1618,Commercial,Semi-Urban,17058,8,Hybrid,Raft,0.852,1.269,0.948,6.59,80266,22,22.22,0.106,46,0.989,0.877,0.611,32657412,High
1619,Industrial,Urban,18218,13,Steel,Raft,0.597,1.777,0.836,6.62,198869,22,35.43,0.242,26,0.988,0.232,0.5,30712566,High
1620,Residential,Semi-Urban,17205,12,Hybrid,Raft,0.755,0.813,1.528,6.5,24167,27,24.64,0.845,46,0.916,0.32,0.677,22252130,High
1621,Commercial,Rural,12842,13,Hybrid,Raft,0.722,1.069,1.618,8.33,28510,16,18.54,0.534,55,0.945,0.293,0.509,20705215,Medium
1622,Commercial,Urban,12739,10,Steel,Pile,0.712,1.647,2.199,7.58,54912,28,34.86,0.666,16,0.296,0.974,0.52,34063658,High
1623,Residential,Urban,14354,7,Steel,Raft,0.771,1.287,1.504,8.2,116830,21,15.06,0.806,31,0.339,0.252,0.515,20123059,Medium
1624,Residential,Semi-Urban,14397,11,Steel,Pile,0.991,1.196,1.278,3.36,109524,4,20.13,0.667,9,0.908,0.638,0.94,28846149,High
1625,Commercial,Semi-Urban,11919,11,RCC,Pile,0.906,1.847,1.586,4.91,108654,16,30.88,0.856,49,0.781,0.67,0.572,28580092,High
1626,Industrial,Urban,10564,7,Steel,Pile,0.952,1.901,1.205,4.91,117689,24,17.56,0.086,10,0.9,0.657,0.627,36696198,High
1627,Commercial,Rural,15503,1,RCC,Strip,0.515,1.938,0.955,6.94,71196,3,21.4,0.904,58,0.816,0.722,0.745,14385667,Medium
1628,Residential,Semi-Urban,10759,6,Steel,Strip,0.57,1.127,0.992,5.69,76786,1,24.83,0.813,17,0.312,0.536,0.765,7231936,Low
1629,Commercial,Semi-Urban,6174,13,RCC,Raft,0.542,1.895,1.343,7.66,102711,17,24.91,0.903,1,0.933,0.175,0.561,6869063,Low
1630,Residential,Rural,5502,4,Steel,Pile,0.632,1.684,0.822,5.31,185921,5,39.32,0.731,34,0.817,0.731,0.955,6910447,Low
1631,Commercial,Rural,1410,14,Steel,Strip,0.721,0.985,1.174,4.33,19833,3,31.89,0.274,5,0.657,0.353,0.616,1552287,Low
1632,Industrial,Urban,1449,10,Hybrid,Raft,0.821,1.532,2.139,4.75,22208,19,15.93,0.114,2,0.626,0.168,0.971,4379929,Low
1633,Commercial,Rural,19398,10,Steel,Strip,0.75,0.832,1.199,4.09,130219,11,20.53,0.13,6,0.659,0.253,0.628,17362858,Medium
1634,Commercial,Urban,12023,10,Hybrid,Pile,0.952,1.65,0.988,4.19,194719,15,30.41,0.499,34,0.512,0.358,0.501,30389146,High
1635,Residential,Rural,11721,11,Steel,Raft,0.97,1.68,2.413,4.3,130463,2,32.84,0.391,46,0.843,0.489,0.986,28947636,High
1636,Residential,Semi-Urban,16984,12,Steel,Pile,0.582,1.747,1.858,3.1,115903,25,24.51,0.654,12,0.927,0.875,0.742,28434831,High
1637,Residential,Urban,5146,2,Hybrid,Pile,0.926,1.007,0.902,7.3,148060,27,36.41,0.503,37,0.402,0.583,0.939,8330296,Low
1638,Commercial,Urban,7445,10,Hybrid,Strip,0.741,1.554,0.906,5.4,195954,29,38.59,0.125,1,0.23,0.525,0.867,10622028,Low
1639,Industrial,Urban,2900,7,RCC,Raft,0.727,1.015,1.841,3.14,76756,22,30.35,0.002,1,0.362,0.272,0.59,4412483,Low
1640,Residential,Rural,12063,9,Hybrid,Raft,0.892,1.936,1.718,5.22,125955,7,29.06,0.128,50,0.806,0.963,0.923,27892275,High
1641,Residential,Semi-Urban,19227,13,RCC,Raft,0.547,1.61,0.916,8.43,83789,18,33.77,0.147,59,0.895,0.918,0.526,17830168,Medium
1642,Commercial,Urban,852,5,Steel,Strip,0.941,0.914,1.181,6.07,72867,27,34.55,0.72,7,0.479,0.834,0.754,1578371,Low
1643,Residential,Urban,19839,8,Hybrid,Raft,0.835,1.024,2.379,8.92,152103,1,20.39,0.285,8,0.322,0.391,0.627,41835695,High
1644,Industrial,Urban,15989,5,Hybrid,Strip,0.938,1.596,1.772,6.24,28372,8,27.09,0.094,33,0.887,0.605,0.681,54610054,High
1645,Industrial,Urban,1518,14,Steel,Raft,0.997,1.372,1.549,8.78,19817,16,26.19,0.755,38,0.372,0.45,0.879,4346160,Low
1646,Residential,Semi-Urban,18063,7,Steel,Strip,0.759,1.684,1.225,4.21,133223,26,38.54,0.94,30,0.393,0.463,0.842,20993373,Medium
1647,Residential,Rural,5693,7,Steel,Raft,0.547,1.137,1.027,4.74,107133,15,17.79,0.1,28,0.274,0.165,0.72,3454332,Low
1648,Commercial,Semi-Urban,16201,9,Steel,Strip,0.583,1.59,1.484,7.2,133077,4,38.59,0.963,48,0.928,0.226,0.523,21830249,High
1649,Industrial,Urban,4036,3,Hybrid,Pile,0.662,1.012,2.368,8.92,101324,13,29.31,0.95,46,0.461,0.965,0.52,11522923,Medium
1650,Industrial,Semi-Urban,15949,14,Steel,Pile,0.552,1.452,0.883,7.95,96234,25,22.2,0.523,35,0.337,0.649,0.851,20373530,Medium
1651,Residential,Urban,12342,1,Steel,Pile,0.908,1.949,2.485,6.32,160511,12,36.73,0.296,21,0.963,0.106,0.974,42937640,High
1652,Commercial,Rural,19386,2,Hybrid,Raft,0.648,1.554,1.153,3.51,105419,9,16.26,0.138,22,0.468,0.828,0.924,27566014,High
1653,Industrial,Rural,4319,12,RCC,Strip,0.988,0.86,1.495,5.19,8217,13,22.97,0.824,12,0.798,0.178,0.561,5758083,Low
1654,Industrial,Rural,17863,6,Hybrid,Pile,0.851,1.987,0.877,3.52,46034,11,33.81,0.605,34,0.384,0.737,0.561,39514224,High
1655,Commercial,Urban,1476,14,RCC,Raft,0.587,0.988,1.794,4.87,132969,12,35.69,0.651,43,0.781,0.659,0.805,2307954,Low
1656,Commercial,Semi-Urban,19164,10,Steel,Strip,0.738,1.662,1.622,4.55,125706,4,19.19,0.861,2,0.386,0.157,0.829,27474512,High
1657,Industrial,Rural,6397,10,Hybrid,Pile,0.733,1.439,1.933,5.33,111140,26,38.54,0.444,52,0.71,0.578,0.808,15716511,Medium
1658,Industrial,Urban,16457,12,Steel,Pile,0.746,1.153,1.723,8.02,116702,3,16.34,0.368,50,0.553,0.143,0.943,38984281,High
1659,Commercial,Urban,15859,13,Hybrid,Raft,0.768,1.013,1.477,3.9,159671,5,25.84,0.762,8,0.839,0.158,0.616,29581257,High
1660,Industrial,Semi-Urban,13740,14,RCC,Strip,0.516,1.013,2.054,4.84,34437,6,17.44,0.297,47,0.784,0.146,0.586,13265070,Medium
1661,Residential,Rural,607,9,Hybrid,Raft,0.843,1.83,0.843,4.57,18888,26,17.44,0.328,17,0.948,0.33,0.957,979503,Low
1662,Residential,Urban,16024,3,Steel,Pile,0.744,1.847,1.72,4.78,149425,4,37.85,0.381,25,0.501,0.822,0.861,35458130,High
1663,Commercial,Semi-Urban,2126,10,Hybrid,Raft,0.895,1.358,0.994,5.16,74765,1,37.6,0.856,28,0.803,0.426,0.856,4270450,Low
1664,Commercial,Rural,6729,2,Steel,Raft,0.908,0.924,1.541,4.47,28354,23,30.38,0.779,47,0.975,0.676,0.668,11794225,Medium
1665,Commercial,Semi-Urban,7377,11,Hybrid,Pile,0.615,1.861,2.145,8.66,57242,5,39.16,0.291,11,0.469,0.212,0.814,15737191,Medium
1666,Residential,Semi-Urban,1374,1,RCC,Pile,0.524,1.384,1.042,5.52,150259,2,27.28,0.144,38,0.432,0.94,0.863,1423190,Low
1667,Industrial,Urban,6043,2,Hybrid,Strip,0.852,1.327,2.391,3.68,147140,14,34.57,0.393,22,0.815,0.554,0.8,19750204,Medium
1668,Residential,Urban,4309,3,Hybrid,Strip,0.989,1.289,2.31,5.81,187255,11,17.43,0.625,18,0.556,0.122,0.868,10138371,Low
1669,Industrial,Urban,11103,7,Hybrid,Pile,0.723,1.238,1.505,4.11,180223,9,24.89,0.676,23,0.519,0.584,0.795,24724095,High
1670,Residential,Semi-Urban,2607,2,Hybrid,Pile,0.63,1.431,0.81,4.3,21257,8,27.88,0.2,43,0.636,0.266,0.991,3163495,Low
1671,Industrial,Urban,12245,13,RCC,Strip,0.578,1.525,2.143,4.71,189214,26,34.45,0.249,42,0.948,0.276,0.746,20394419,Medium
1672,Residential,Semi-Urban,9965,5,Steel,Raft,0.644,1.36,2.298,3.75,62874,7,23.36,0.93,43,0.267,0.64,0.506,13584126,Medium
1673,Commercial,Semi-Urban,1059,2,Hybrid,Pile,0.664,1.876,1.097,7.33,160488,29,39.51,0.385,29,0.573,0.304,0.582,2061284,Low
1674,Residential,Urban,8808,7,Hybrid,Pile,0.712,1.181,2.358,7.75,181197,15,33.37,0.314,30,0.288,0.293,0.982,18088530,Medium
1675,Industrial,Rural,15750,10,Hybrid,Raft,0.828,1.494,2.354,5.37,13625,9,28.32,0.696,18,0.907,0.587,0.735,47817861,High
1676,Residential,Rural,13755,8,RCC,Strip,0.637,1.16,1.601,7.13,53530,10,23.27,0.468,20,0.309,0.312,0.56,10331929,Low
1677,Residential,Rural,3546,8,Steel,Strip,0.525,1.704,2.157,5.33,170469,18,31.05,0.247,48,0.272,0.199,0.578,3615374,Low
1678,Residential,Semi-Urban,14356,13,Steel,Raft,0.687,0.923,1.556,3.98,82461,29,31.83,0.409,46,0.971,0.467,0.514,16961678,Medium
1679,Commercial,Semi-Urban,16927,8,Hybrid,Pile,0.928,1.026,1.759,5.38,86282,19,31.98,0.144,9,0.651,0.147,0.613,38011447,High
1680,Residential,Semi-Urban,1008,10,Hybrid,Raft,0.749,1.761,1.344,6.34,107011,25,29.65,0.28,3,0.861,0.915,0.993,2041688,Low
1681,Commercial,Urban,6607,9,Steel,Pile,0.982,1.02,1.071,3.25,158732,22,25.01,0.418,17,0.576,0.506,0.664,13785926,Medium
1682,Commercial,Semi-Urban,13976,1,Hybrid,Strip,0.752,1.551,2.069,6.93,65637,2,35.42,0.518,59,0.549,0.112,0.625,28427313,High
1683,Residential,Urban,3939,12,Hybrid,Pile,0.638,1.964,0.802,7.46,78794,22,21.46,0.742,44,0.929,0.302,0.834,6612451,Low
1684,Residential,Urban,13636,1,Hybrid,Pile,0.597,1.427,1.785,8.16,97390,14,30.63,0.385,36,0.992,0.962,0.837,28925160,High
1685,Residential,Rural,14667,14,RCC,Pile,0.847,1.025,2.27,3.62,79395,21,26.79,0.546,19,0.695,0.547,0.984,21267188,Medium
1686,Industrial,Rural,17800,14,RCC,Pile,0.768,1.185,1.176,3.0,82696,10,37.32,0.951,51,0.935,0.423,0.865,26612159,High
1687,Residential,Rural,17682,14,Steel,Pile,0.802,1.788,1.366,3.44,152605,5,29.76,0.818,35,0.89,0.384,0.555,31749493,High
1688,Commercial,Urban,5471,10,RCC,Strip,0.878,1.222,1.799,8.54,182580,5,36.39,0.237,47,0.635,0.475,0.993,10341118,Low
1689,Residential,Urban,18644,2,RCC,Raft,0.863,1.668,1.22,7.59,165562,2,38.83,0.213,31,0.953,0.291,0.875,31608269,High
1690,Industrial,Urban,16383,11,Steel,Strip,0.522,1.733,2.241,8.01,42478,22,18.18,0.663,52,0.368,0.774,0.63,30439629,High
1691,Residential,Semi-Urban,1318,6,RCC,Pile,0.901,1.401,1.423,6.1,26584,13,28.88,0.595,56,0.908,0.557,0.631,2549053,Low
1692,Industrial,Urban,10860,14,Steel,Raft,0.766,1.74,1.789,6.16,150001,7,37.1,0.547,56,0.447,0.776,0.98,31000491,High
1693,Industrial,Rural,12427,1,Hybrid,Pile,0.696,1.18,1.184,4.79,19130,25,36.8,0.154,51,0.224,0.329,0.596,15820740,Medium
1694,Residential,Rural,16523,5,Steel,Strip,0.769,1.419,0.87,8.06,35457,21,19.9,0.363,26,0.83,0.101,0.614,14898869,Medium
1695,Commercial,Urban,3565,5,Steel,Strip,0.806,1.624,1.095,7.98,101241,27,27.03,0.759,40,0.944,0.97,0.679,7407957,Low
1696,Industrial,Urban,3759,4,Steel,Pile,0.575,1.002,0.879,5.35,137893,15,20.58,0.724,23,0.373,0.561,0.84,4460134,Low
1697,Residential,Rural,17790,11,Hybrid,Pile,0.709,1.128,1.597,4.98,53615,27,37.42,0.165,28,0.627,0.172,0.715,21788059,High
1698,Residential,Urban,12800,5,Hybrid,Raft,0.668,1.582,1.797,7.43,118671,21,15.08,0.427,52,0.799,0.193,0.656,23084841,High
1699,Commercial,Rural,1102,12,Hybrid,Raft,0.675,1.586,0.876,3.16,46434,15,20.46,0.443,23,0.465,0.491,0.634,1462010,Low
1700,Industrial,Semi-Urban,4795,1,Steel,Pile,0.546,1.392,0.954,8.16,164272,25,25.23,0.509,28,0.318,0.726,0.563,6280658,Low
1701,Industrial,Rural,10483,11,Steel,Raft,0.58,1.755,1.625,5.68,187764,6,20.53,0.461,38,0.514,0.457,0.773,15925910,Medium
1702,Residential,Semi-Urban,4027,11,Steel,Pile,0.581,1.378,2.159,5.65,146976,7,39.34,0.502,17,0.565,0.838,0.637,6248019,Low
1703,Residential,Urban,2311,6,Steel,Pile,0.687,1.858,1.868,7.01,171458,4,21.1,0.813,9,0.794,0.396,0.666,5421423,Low
1704,Commercial,Urban,12603,7,Steel,Pile,0.947,1.683,0.978,6.87,110676,4,24.06,0.389,46,0.359,0.141,0.504,28909838,High
1705,Commercial,Semi-Urban,9532,8,Steel,Strip,0.603,1.178,2.309,4.6,155305,1,19.35,0.552,55,0.852,0.107,0.766,13512732,Medium
1706,Industrial,Urban,13377,2,Steel,Pile,0.708,1.274,2.36,8.66,20219,11,38.17,0.607,8,0.602,0.873,0.848,39966874,High
1707,Industrial,Semi-Urban,8463,7,RCC,Pile,0.656,1.601,1.352,8.92,12893,5,25.28,0.942,49,0.923,0.986,0.964,17184997,Medium
1708,Residential,Urban,15724,6,Hybrid,Pile,0.894,1.873,1.847,6.16,191797,2,21.55,0.655,10,0.653,0.22,0.599,46703258,High
1709,Industrial,Rural,9416,9,RCC,Raft,0.525,1.014,1.637,6.37,141670,5,21.15,0.131,11,0.557,0.156,0.96,8512619,Low
1710,Commercial,Urban,7266,8,Hybrid,Pile,0.598,1.418,2.401,6.33,162804,5,29.64,0.582,1,0.429,0.923,0.681,18739447,Medium
1711,Commercial,Rural,17686,14,Steel,Strip,0.605,0.943,1.665,5.91,59644,20,39.44,0.662,25,0.285,0.191,0.901,15004219,Medium
1712,Residential,Rural,19466,11,RCC,Strip,0.996,1.135,2.432,8.67,114299,13,39.35,0.01,8,0.497,0.306,0.948,27148430,High
1713,Commercial,Semi-Urban,2165,14,Steel,Pile,0.785,1.623,1.139,4.47,17565,12,39.54,0.075,16,0.531,0.821,0.981,4212227,Low
1714,Commercial,Urban,16432,4,RCC,Pile,0.569,0.893,1.387,3.65,182342,10,24.67,0.019,34,0.655,0.998,0.663,20071503,Medium
1715,Commercial,Semi-Urban,7475,14,RCC,Pile,0.636,1.595,2.128,8.58,48674,13,37.86,0.048,45,0.888,0.537,0.63,14118103,Medium
1716,Commercial,Urban,3052,13,Steel,Strip,0.584,1.881,2.132,4.28,149404,9,26.11,0.09,2,0.571,0.29,0.72,5308713,Low
1717,Residential,Rural,13719,9,RCC,Raft,0.562,1.963,2.045,7.49,36668,5,27.76,0.958,5,0.451,0.863,0.777,16451114,Medium
1718,Residential,Rural,14774,1,RCC,Raft,0.899,1.06,2.261,4.22,59946,6,28.0,0.207,42,0.899,0.455,0.845,22331473,High
1719,Industrial,Urban,13112,11,Hybrid,Pile,0.748,1.699,1.994,8.76,62593,17,16.59,0.205,22,0.787,0.345,0.846,45012053,High
1720,Commercial,Urban,3308,6,Steel,Raft,0.816,1.912,1.881,7.75,87478,28,19.43,0.857,34,0.446,0.541,0.558,8888913,Low
1721,Industrial,Semi-Urban,11590,8,Steel,Strip,0.666,0.91,1.58,8.51,164094,5,37.15,0.753,14,0.334,0.87,0.806,15972829,Medium
1722,Residential,Urban,12760,11,RCC,Pile,0.777,1.297,1.594,8.71,10769,28,37.41,0.676,7,0.433,0.31,0.584,17046074,Medium
1723,Residential,Urban,15795,11,Steel,Raft,0.629,1.903,1.49,3.51,66038,25,20.05,0.422,31,0.299,0.481,0.856,20740674,Medium
1724,Residential,Urban,15337,4,Hybrid,Pile,0.654,1.043,1.854,5.6,171171,28,22.57,0.031,33,0.923,0.5,0.988,26993707,High
1725,Residential,Semi-Urban,15169,2,Hybrid,Pile,0.826,1.921,1.491,6.89,83567,11,35.75,0.827,10,0.689,0.849,0.885,38718157,High
1726,Residential,Urban,11023,11,Steel,Strip,0.575,1.433,1.051,7.81,77360,6,20.1,0.861,45,0.891,0.708,0.847,12577724,Medium
1727,Residential,Rural,13262,2,Steel,Strip,0.809,0.92,0.981,4.45,92008,9,37.02,0.482,2,0.856,0.802,0.539,12992889,Medium
1728,Residential,Semi-Urban,14269,10,Hybrid,Raft,0.926,1.34,2.372,8.49,186948,12,35.58,0.645,28,0.323,0.724,0.592,32482788,High
1729,Commercial,Semi-Urban,14231,1,Steel,Strip,0.56,1.192,0.842,4.33,55738,29,35.19,0.478,9,0.554,0.633,0.678,10971906,Low
1730,Industrial,Rural,12377,5,RCC,Pile,0.949,1.139,0.979,8.2,134543,4,37.29,0.296,17,0.978,0.219,0.967,21294987,Medium
1731,Residential,Rural,2956,13,Steel,Strip,0.54,1.45,1.557,6.08,140908,18,37.17,0.54,17,0.387,0.85,0.665,2693039,Low
1732,Commercial,Rural,5923,6,RCC,Raft,0.674,1.38,1.247,6.09,151873,15,37.93,0.689,11,0.24,0.647,0.907,6001620,Low
1733,Commercial,Urban,14746,4,Hybrid,Raft,0.805,1.378,1.49,5.24,40560,25,36.99,0.155,26,0.477,0.731,0.552,32332937,High
1734,Industrial,Rural,13346,4,Steel,Raft,0.78,0.906,1.0,3.62,93508,4,30.17,0.531,53,0.609,0.801,0.831,17833549,Medium
1735,Residential,Urban,4817,5,Hybrid,Strip,0.548,1.763,1.023,5.08,97690,14,18.94,0.776,50,0.245,0.381,0.89,4978460,Low
1736,Industrial,Semi-Urban,18440,14,Steel,Strip,0.899,1.378,2.161,5.56,159061,27,30.23,0.476,18,0.541,0.494,0.771,43772835,High
1737,Residential,Semi-Urban,19089,5,RCC,Strip,0.987,1.785,2.09,5.87,18453,18,38.56,0.157,40,0.403,0.587,0.883,34702820,High
1738,Commercial,Rural,13135,14,Steel,Strip,0.591,1.79,0.977,7.43,153259,17,39.19,0.87,32,0.37,0.409,0.862,11815564,Medium
1739,Commercial,Urban,13970,14,Hybrid,Strip,0.948,1.181,1.935,5.11,24334,2,33.21,0.674,24,0.411,0.333,0.738,30633683,High
1740,Commercial,Rural,13676,14,RCC,Raft,0.778,0.805,1.836,5.44,82939,21,32.35,0.633,43,0.284,0.799,0.933,15861554,Medium
1741,Commercial,Rural,9613,14,Steel,Raft,0.968,1.893,2.013,8.44,147442,19,38.46,0.652,58,0.261,0.778,0.671,25584727,High
1742,Industrial,Urban,14046,9,Hybrid,Strip,0.588,1.713,1.607,7.52,137641,29,22.28,0.245,1,0.677,0.849,0.713,27957858,High
1743,Residential,Rural,7305,8,Hybrid,Pile,0.896,0.929,1.259,3.14,35751,22,18.77,0.492,1,0.958,0.727,0.77,10884897,Low
1744,Residential,Semi-Urban,17288,9,Steel,Raft,0.53,1.642,1.928,7.87,177329,14,22.25,0.326,4,0.844,0.381,0.565,22615199,High
1745,Industrial,Rural,18504,13,Hybrid,Pile,0.942,0.824,1.431,8.94,73768,4,38.72,0.834,21,0.867,0.394,0.758,43497935,High
1746,Residential,Urban,19836,14,RCC,Pile,0.837,0.833,1.172,8.64,177813,2,20.31,0.589,55,0.788,0.575,0.662,29158211,High
1747,Commercial,Urban,8580,3,Steel,Raft,0.685,1.431,1.495,8.02,106336,13,20.62,0.717,32,0.965,0.852,0.628,18801895,Medium
1748,Residential,Semi-Urban,3618,14,RCC,Pile,0.595,0.915,2.098,6.78,42275,7,19.82,0.66,43,0.96,0.412,0.788,4423109,Low
1749,Commercial,Urban,7130,3,Hybrid,Pile,0.908,1.957,1.609,4.67,177454,28,27.12,0.484,4,0.823,0.789,0.665,26378803,High
1750,Industrial,Urban,1065,1,Hybrid,Raft,0.802,1.873,1.31,6.93,145381,27,34.91,0.805,27,0.773,0.375,0.928,3265925,Low
1751,Residential,Semi-Urban,16201,14,Hybrid,Raft,0.68,1.58,2.214,7.17,140710,22,24.55,0.615,57,0.444,0.405,0.705,27645418,High
1752,Industrial,Rural,15359,10,RCC,Strip,0.722,0.876,2.299,4.69,68639,8,17.5,0.227,13,0.273,0.777,0.707,18212727,Medium
1753,Residential,Semi-Urban,8170,13,Hybrid,Raft,0.913,1.19,1.537,4.53,58123,29,33.51,0.291,39,0.274,0.711,0.991,13981501,Medium
1754,Commercial,Rural,19752,6,Steel,Pile,0.669,1.246,1.437,5.38,143701,10,30.25,0.827,42,0.789,0.287,0.671,29788401,High
1755,Industrial,Semi-Urban,9976,4,Steel,Raft,0.545,1.377,1.842,6.85,37520,21,26.98,0.941,49,0.223,0.844,0.566,14951428,Medium
1756,Residential,Rural,9276,11,Hybrid,Strip,0.956,1.003,0.899,4.76,192747,3,39.1,0.548,9,0.853,0.806,0.938,11545893,Medium
1757,Commercial,Semi-Urban,15521,14,Steel,Raft,0.694,1.493,1.975,6.33,48845,4,26.76,0.386,40,0.493,0.818,0.958,30907321,High
1758,Industrial,Rural,4827,8,RCC,Pile,0.674,1.323,2.13,8.4,193951,21,33.31,0.625,14,0.354,0.523,0.613,8087656,Low
1759,Industrial,Semi-Urban,15775,2,RCC,Raft,0.602,1.937,1.476,4.77,138337,21,18.96,0.484,9,0.526,0.396,0.941,22599464,High
1760,Residential,Rural,8114,11,Hybrid,Pile,0.949,1.923,1.097,8.8,41416,6,25.41,0.842,3,0.763,0.865,0.747,19512550,Medium
1761,Residential,Semi-Urban,1745,2,Steel,Raft,0.609,1.479,0.849,5.84,168216,25,20.31,0.833,42,0.42,0.629,0.522,1951924,Low
1762,Residential,Urban,8743,7,Steel,Strip,0.818,1.573,1.883,3.61,194539,20,23.7,0.456,54,0.339,0.938,0.774,16447442,Medium
1763,Commercial,Rural,10855,13,Hybrid,Strip,0.94,0.965,1.257,3.33,103724,7,26.99,0.805,48,0.79,0.328,0.924,16643689,Medium
1764,Residential,Semi-Urban,1037,5,RCC,Raft,0.517,1.068,1.589,5.03,110777,7,19.36,0.193,17,0.905,0.978,0.698,1142161,Low
1765,Industrial,Rural,16424,13,Hybrid,Pile,0.914,1.881,1.457,4.55,118913,22,35.08,0.374,16,0.668,0.441,0.776,44272506,High
1766,Industrial,Rural,16736,1,Steel,Strip,0.705,1.639,1.097,8.06,11572,17,24.4,0.08,30,0.619,0.446,0.57,22736801,High
1767,Residential,Semi-Urban,17424,7,Steel,Pile,0.829,1.027,1.664,7.43,70850,25,37.41,0.808,55,0.804,0.315,0.921,27865509,High
1768,Residential,Rural,17698,7,Hybrid,Raft,0.686,1.484,1.581,8.31,44001,6,31.87,0.975,32,0.786,0.969,0.553,27081612,High
1769,Industrial,Semi-Urban,1915,10,RCC,Strip,0.848,1.922,1.861,6.54,100626,19,19.42,0.577,24,0.205,0.136,0.547,3730490,Low
1770,Commercial,Urban,11530,6,RCC,Strip,0.627,1.214,1.228,5.61,23870,27,31.05,0.766,11,0.425,0.526,0.967,11784758,Medium
1771,Residential,Rural,2152,4,Hybrid,Pile,0.511,1.023,1.165,4.62,26754,18,15.58,0.402,54,0.946,0.429,0.937,2283223,Low
1772,Residential,Urban,11357,12,Steel,Strip,0.974,1.93,2.184,6.5,26739,12,35.18,0.562,46,0.968,0.243,0.787,32640227,High
1773,Industrial,Rural,19240,13,RCC,Pile,0.508,1.354,1.994,6.71,73153,28,39.36,0.347,20,0.608,0.742,0.553,25652907,High
1774,Residential,Rural,4310,8,Hybrid,Pile,0.912,1.301,2.113,5.36,185323,19,31.94,0.697,16,0.648,0.908,0.773,10289129,Low
1775,Commercial,Rural,17069,12,Steel,Raft,0.585,1.121,1.01,8.62,63234,11,38.16,0.246,19,0.201,0.319,0.96,13740539,Medium
1776,Industrial,Semi-Urban,2051,11,RCC,Pile,0.696,1.87,1.181,6.84,34669,17,22.37,0.153,28,0.738,0.548,0.806,3747830,Low
1777,Residential,Urban,14084,2,RCC,Strip,0.911,1.815,1.778,8.02,16724,3,25.59,0.899,2,0.37,0.62,0.599,25768131,High
1778,Industrial,Rural,1261,2,Hybrid,Pile,0.603,1.284,2.257,6.72,47381,15,25.61,0.864,6,0.302,0.451,0.953,2383776,Low
1779,Residential,Semi-Urban,13011,2,Steel,Strip,0.933,0.837,2.317,4.9,172883,5,17.8,0.835,59,0.444,0.929,0.933,20988945,Medium
1780,Residential,Rural,9971,3,RCC,Pile,0.749,1.336,2.214,7.42,29820,4,34.91,0.822,32,0.732,0.515,0.773,15434476,Medium
1781,Residential,Semi-Urban,12967,6,Hybrid,Raft,0.683,1.017,0.874,4.38,158761,26,27.38,0.73,25,0.549,0.985,0.926,13272708,Medium
1782,Commercial,Rural,6663,1,RCC,Raft,0.831,0.971,2.195,6.58,16454,1,27.26,0.875,19,0.479,0.366,0.528,10194521,Low
1783,Commercial,Urban,16565,11,Steel,Pile,0.671,1.272,2.328,5.41,64513,21,31.71,0.21,42,0.781,0.166,0.731,38682543,High
1784,Industrial,Urban,12386,2,RCC,Pile,0.674,0.919,0.896,3.9,98594,3,19.27,0.87,36,0.851,0.617,0.589,17160575,Medium
1785,Residential,Rural,18420,10,Steel,Pile,0.867,1.949,1.508,5.48,137085,10,35.25,0.918,31,0.895,0.841,0.919,41340796,High
1786,Residential,Semi-Urban,6701,2,RCC,Raft,0.655,0.857,1.712,4.86,133779,27,24.15,0.716,34,0.556,0.45,0.986,6029854,Low
1787,Commercial,Rural,16080,14,RCC,Pile,0.6,1.282,1.196,3.67,9389,13,16.99,0.599,20,0.774,0.267,0.965,15653169,Medium
1788,Residential,Semi-Urban,19654,12,Hybrid,Pile,0.904,0.995,1.678,7.94,5245,7,19.76,0.236,51,0.908,0.764,0.752,42423095,High
1789,Commercial,Rural,7899,1,RCC,Strip,0.903,1.627,2.306,5.99,50027,14,21.32,0.866,52,0.927,0.344,0.755,15816618,Medium
1790,Residential,Semi-Urban,17445,3,Steel,Raft,0.749,0.895,2.274,5.08,63551,26,19.45,0.577,40,0.594,0.793,0.954,25350867,High
1791,Industrial,Urban,8123,10,Hybrid,Raft,0.763,1.456,2.398,6.03,74056,27,21.06,0.611,59,0.484,0.336,0.861,23111102,High
1792,Residential,Rural,10827,7,Steel,Pile,0.848,1.728,1.623,7.53,163041,13,39.9,0.607,55,0.92,0.602,0.537,23103361,High
1793,Residential,Urban,7687,13,Steel,Pile,0.755,1.94,1.498,3.11,80367,24,28.44,0.867,7,0.409,0.899,0.564,16059319,Medium
1794,Commercial,Urban,2680,1,Hybrid,Strip,0.709,1.638,1.932,6.28,61735,21,30.07,0.137,1,0.837,0.284,0.976,5722853,Low
1795,Residential,Rural,2460,7,Steel,Pile,0.997,0.919,1.508,5.87,81376,26,19.15,0.062,50,0.927,0.839,0.683,4684701,Low
1796,Residential,Rural,5653,5,RCC,Raft,0.574,0.906,0.871,8.36,41363,24,16.1,0.224,47,0.792,0.339,0.594,3540873,Low
1797,Commercial,Semi-Urban,7535,9,Hybrid,Strip,0.796,1.678,2.024,6.34,176673,22,22.76,0.492,15,0.744,0.695,0.868,18705353,Medium
1798,Industrial,Semi-Urban,11971,2,RCC,Raft,0.943,1.058,1.278,3.82,44117,22,34.25,0.469,26,0.241,0.319,0.94,17139315,Medium
1799,Industrial,Urban,1082,1,RCC,Pile,0.844,1.337,0.883,5.33,84341,5,28.97,0.512,35,0.363,0.203,0.603,2019168,Low
1800,Commercial,Semi-Urban,16014,9,Steel,Strip,0.94,1.972,0.835,6.73,15913,11,15.27,0.114,9,0.733,0.698,0.626,29711037,High
1801,Commercial,Semi-Urban,16031,8,Steel,Raft,0.668,1.784,2.383,3.28,167672,26,34.72,0.793,27,0.828,0.635,0.95,35089406,High
1802,Commercial,Rural,17172,10,RCC,Raft,0.636,1.816,1.229,8.31,160543,22,17.6,0.302,16,0.251,0.461,0.507,17761286,Medium
1803,Commercial,Semi-Urban,8479,6,Hybrid,Raft,0.926,1.833,1.561,3.41,65103,14,26.01,0.913,24,0.215,0.133,0.954,18549638,Medium
1804,Commercial,Urban,3560,5,RCC,Pile,0.697,1.543,2.416,3.18,14178,1,39.99,0.84,14,0.449,0.528,0.52,8211870,Low
1805,Industrial,Semi-Urban,14231,8,RCC,Pile,0.855,1.693,1.595,3.01,153415,24,18.03,0.063,17,0.716,0.234,0.548,31804285,High
1806,Industrial,Urban,12794,8,Steel,Pile,0.574,1.231,0.934,7.1,138324,5,35.38,0.054,27,0.61,0.424,0.931,18754796,Medium
1807,Commercial,Rural,18067,14,Steel,Pile,0.878,1.998,1.738,5.74,173092,24,34.98,0.629,1,0.207,0.628,0.624,39265683,High
1808,Residential,Urban,14774,5,RCC,Raft,0.774,1.136,0.95,3.62,26918,3,26.13,0.077,39,0.321,0.945,0.612,15455004,Medium
1809,Commercial,Semi-Urban,18330,12,RCC,Strip,0.634,1.508,0.962,8.14,26310,26,39.71,0.572,41,0.802,0.56,0.922,18259158,Medium
1810,Residential,Rural,16848,7,Steel,Pile,0.747,1.138,2.248,4.22,70834,22,22.7,0.079,30,0.438,0.275,0.771,23598303,High
1811,Commercial,Semi-Urban,2403,13,RCC,Strip,0.848,0.934,1.292,4.96,130065,1,22.89,0.479,30,0.294,0.952,0.675,2957194,Low
1812,Commercial,Rural,15051,13,Steel,Raft,0.506,1.481,1.954,4.07,95811,17,18.81,0.419,24,0.241,0.123,0.857,15026808,Medium
1813,Industrial,Rural,15641,1,RCC,Pile,0.819,1.224,1.665,8.56,66482,20,24.24,0.591,0,0.88,0.679,0.905,30173321,High
1814,Residential,Semi-Urban,2877,4,Hybrid,Raft,0.771,1.5,1.178,7.55,36023,12,22.41,0.356,17,0.577,0.336,0.931,4166980,Low
1815,Residential,Semi-Urban,1347,2,Hybrid,Pile,0.61,1.47,1.68,7.34,93359,26,30.11,0.14,15,0.603,0.782,0.56,2313924,Low
1816,Industrial,Rural,14880,10,RCC,Pile,0.876,1.451,0.917,3.26,86185,13,16.02,0.842,41,0.249,0.398,0.791,19785821,Medium
1817,Industrial,Rural,18123,3,Steel,Strip,0.652,0.948,1.39,6.14,37109,6,22.76,0.299,36,0.591,0.486,0.839,20087122,Medium
1818,Industrial,Semi-Urban,10024,12,RCC,Raft,0.638,1.328,1.689,6.45,185848,3,15.12,0.067,40,0.717,0.793,0.558,16250096,Medium
1819,Industrial,Urban,15731,1,RCC,Raft,0.736,1.774,1.188,5.3,122104,29,15.16,0.501,41,0.298,0.908,0.805,26449076,High
1820,Residential,Semi-Urban,12198,11,Steel,Raft,0.838,1.178,1.922,4.93,131954,11,35.51,0.878,36,0.922,0.264,0.516,20780291,Medium
1821,Residential,Rural,11071,11,RCC,Strip,0.964,1.333,0.888,8.11,153608,11,33.75,0.281,6,0.827,0.367,0.671,11949769,Medium
1822,Commercial,Semi-Urban,12814,2,Steel,Strip,0.571,1.393,1.624,3.14,71834,28,33.6,0.451,5,0.842,0.104,0.586,13823847,Medium
1823,Commercial,Urban,11929,13,RCC,Raft,0.698,1.835,2.015,6.75,168072,28,23.84,0.403,13,0.629,0.871,0.781,24073101,High
1824,Industrial,Semi-Urban,2865,1,Steel,Raft,0.533,1.587,1.531,5.37,59359,21,32.48,0.048,21,0.467,0.952,0.596,4128521,Low
1825,Industrial,Rural,11104,8,RCC,Pile,0.879,0.92,2.287,7.0,93279,10,21.41,0.868,49,0.712,0.352,0.895,22737714,High
1826,Industrial,Semi-Urban,11866,4,Hybrid,Pile,0.724,1.838,1.875,4.19,76136,11,22.74,0.759,30,0.38,0.446,0.561,31406386,High
1827,Commercial,Rural,5555,3,Steel,Strip,0.853,1.798,2.429,4.43,114674,16,29.06,0.096,44,0.31,0.486,0.879,11491346,Medium
1828,Commercial,Rural,6122,1,Hybrid,Pile,0.661,1.704,1.283,6.52,182964,20,32.49,0.132,9,0.631,0.469,0.549,10804079,Low
1829,Commercial,Semi-Urban,17256,2,Steel,Raft,0.922,1.359,2.396,8.88,177514,10,21.64,0.011,45,0.583,0.454,0.721,42611181,High
1830,Commercial,Rural,8283,3,Steel,Raft,0.767,1.709,1.832,8.85,96159,12,31.98,0.986,39,0.32,0.528,0.849,15279092,Medium
1831,Commercial,Rural,2449,3,Steel,Pile,0.972,1.374,2.067,4.49,86127,19,39.06,0.416,53,0.624,0.238,0.581,6495556,Low
1832,Commercial,Urban,17128,6,Steel,Pile,0.539,1.684,2.334,3.61,75699,9,27.35,0.93,45,0.637,0.152,0.876,33457068,High
1833,Commercial,Urban,10532,10,RCC,Strip,0.757,1.856,1.737,6.54,191445,4,25.18,0.42,35,0.897,0.751,0.977,22391271,High
1834,Industrial,Urban,12119,8,RCC,Pile,0.883,1.869,2.266,5.52,56517,26,20.81,0.104,54,0.807,0.862,0.687,45424942,High
1835,Industrial,Urban,17008,6,Steel,Strip,0.8,1.345,1.721,7.57,15382,15,23.9,0.343,40,0.374,0.829,0.5,36113450,High
1836,Industrial,Rural,13324,2,RCC,Pile,0.512,1.831,1.819,6.17,176935,23,28.22,0.418,54,0.854,0.664,0.738,20296907,Medium
1837,Industrial,Semi-Urban,11445,2,Steel,Pile,0.986,0.922,1.557,6.06,119390,21,38.6,0.177,37,0.975,0.972,0.951,33726232,High
1838,Commercial,Rural,2419,14,Steel,Pile,0.649,0.922,1.048,6.88,189835,7,21.52,0.054,33,0.773,0.101,0.833,3053887,Low
1839,Residential,Rural,10327,7,Hybrid,Pile,0.625,1.458,1.741,3.76,116827,5,20.79,0.317,2,0.83,0.388,0.852,15134232,Medium
1840,Commercial,Rural,10117,1,Steel,Raft,0.743,1.582,2.462,7.06,195463,19,39.01,0.539,22,0.413,0.379,0.896,20813528,Medium
1841,Residential,Semi-Urban,10232,1,Steel,Raft,0.771,0.984,2.138,5.93,60165,22,30.15,0.255,42,0.994,0.415,0.954,16700277,Medium
1842,Industrial,Urban,1030,7,RCC,Raft,0.883,1.367,2.071,7.92,141990,25,33.38,0.959,16,0.341,0.82,0.562,2912128,Low
1843,Commercial,Rural,8349,9,Steel,Pile,0.697,0.913,1.894,3.83,51906,15,35.74,0.481,28,0.801,0.416,0.795,12684581,Medium
1844,Industrial,Rural,7429,5,Steel,Strip,0.72,1.523,1.391,4.8,72270,28,17.04,0.13,0,0.516,0.574,0.945,10406895,Low
1845,Commercial,Urban,4849,11,Hybrid,Pile,0.767,1.826,1.088,8.7,72072,6,27.12,0.413,2,0.485,0.653,0.888,12200784,Medium
1846,Industrial,Rural,14956,1,RCC,Raft,0.697,1.685,1.182,6.32,64716,20,18.5,0.708,13,0.428,0.861,0.624,21674567,Medium
1847,Residential,Semi-Urban,11795,5,RCC,Strip,0.957,1.254,0.811,8.58,71781,15,30.61,0.487,10,0.553,0.654,0.937,12570820,Medium
1848,Residential,Rural,18685,11,Hybrid,Strip,0.926,1.993,1.945,7.13,40301,17,38.84,0.331,29,0.833,0.443,0.647,40551396,High
1849,Residential,Rural,5656,1,Steel,Raft,0.727,1.596,2.18,8.56,55966,19,16.41,0.106,20,0.953,0.725,0.705,10848215,Low
1850,Commercial,Urban,9728,10,Hybrid,Pile,0.5,1.778,1.257,4.91,172366,3,21.85,0.46,15,0.533,0.564,0.593,16062961,Medium
1851,Residential,Rural,12420,12,RCC,Strip,0.95,1.604,0.956,3.54,126318,18,39.99,0.097,45,0.721,0.576,0.943,13496615,Medium
1852,Commercial,Rural,7932,9,Hybrid,Strip,0.562,1.987,1.371,7.81,85501,10,15.14,0.371,59,0.831,0.402,0.547,11545864,Medium
1853,Residential,Semi-Urban,12703,4,RCC,Raft,0.622,1.786,1.296,7.83,163607,15,18.49,0.116,50,0.28,0.101,0.997,11655746,Medium
1854,Residential,Urban,6689,9,Hybrid,Strip,0.576,1.423,1.566,6.71,189712,18,17.02,0.676,8,0.968,0.42,0.664,9401997,Low
1855,Commercial,Urban,1642,2,Steel,Strip,0.59,1.24,1.249,6.48,70510,24,34.1,0.773,54,0.369,0.372,0.855,2092515,Low
1856,Commercial,Semi-Urban,8114,7,Steel,Strip,0.901,1.619,1.378,8.49,58366,15,33.77,0.243,1,0.932,0.19,0.564,16024217,Medium
1857,Residential,Rural,14753,12,RCC,Pile,0.79,1.508,2.343,4.06,20868,24,34.44,0.075,25,0.989,0.279,0.744,25397356,High
1858,Commercial,Urban,18513,13,Hybrid,Pile,0.978,1.555,1.369,6.7,154229,19,34.37,0.347,41,0.28,0.983,0.52,53459247,High
1859,Residential,Urban,17646,2,RCC,Raft,0.616,1.212,2.135,3.3,50409,20,35.88,0.561,2,0.914,0.352,0.939,23243289,High
1860,Commercial,Rural,7405,12,Steel,Pile,0.743,1.314,1.864,3.85,125734,5,34.32,0.768,14,0.713,0.566,0.723,13691741,Medium
1861,Industrial,Rural,5389,4,RCC,Strip,0.989,1.47,1.374,5.62,180036,11,27.09,0.403,11,0.854,0.594,0.871,9560155,Low
1862,Industrial,Urban,5339,6,Steel,Pile,0.913,1.807,2.19,7.93,113157,9,33.64,0.366,18,0.287,0.604,0.947,20860952,Medium
1863,Industrial,Rural,4457,14,RCC,Strip,0.864,1.715,1.812,7.4,145934,5,29.94,0.908,40,0.867,0.143,0.534,8674777,Low
1864,Industrial,Urban,1057,2,Hybrid,Strip,0.594,0.942,0.815,8.84,86208,11,24.16,0.45,13,0.701,0.794,0.756,1448405,Low
1865,Industrial,Rural,5121,2,Steel,Pile,0.885,1.095,0.917,3.27,13178,22,35.91,0.447,14,0.608,0.757,0.595,8656644,Low
1866,Residential,Rural,15432,2,RCC,Pile,0.674,0.832,2.079,5.29,6087,7,34.7,0.41,22,0.648,0.979,0.535,16944974,Medium
1867,Industrial,Semi-Urban,1339,3,Steel,Pile,0.765,0.81,1.559,3.95,150665,27,19.34,0.363,10,0.796,0.266,0.811,2446979,Low
1868,Industrial,Rural,9743,5,Hybrid,Pile,0.805,1.069,1.489,3.22,192397,2,15.61,0.728,42,0.438,0.598,0.557,18697399,Medium
1869,Industrial,Semi-Urban,10096,9,Steel,Raft,0.805,1.759,1.048,4.59,131827,20,22.9,0.282,2,0.955,0.823,0.746,22267407,High
1870,Industrial,Rural,7498,6,Hybrid,Pile,0.863,1.886,1.067,4.47,166084,22,25.09,0.379,42,0.446,0.212,0.598,16266259,Medium
1871,Commercial,Urban,10629,12,Steel,Raft,0.831,1.27,2.156,5.52,8489,20,19.36,0.282,0,0.902,0.811,0.599,28713431,High
1872,Residential,Urban,1010,14,Hybrid,Strip,0.534,1.476,2.209,3.84,78547,21,36.38,0.57,58,0.21,0.343,0.761,1615237,Low
1873,Industrial,Rural,12096,9,Steel,Raft,0.729,1.647,1.752,5.93,7489,19,15.84,0.96,3,0.933,0.353,0.778,24632061,High
1874,Industrial,Rural,13474,10,Hybrid,Strip,0.832,1.944,1.302,8.52,175349,18,27.09,0.39,20,0.881,0.951,0.502,31056750,High
1875,Industrial,Urban,1637,14,RCC,Raft,0.648,1.896,2.386,7.49,183530,16,16.39,0.968,24,0.299,0.382,0.75,3602463,Low
1876,Residential,Rural,14200,13,RCC,Raft,0.657,0.869,1.861,8.05,180413,1,28.42,0.657,19,0.79,0.626,0.835,13968442,Medium
1877,Commercial,Semi-Urban,5166,5,Steel,Strip,0.562,1.098,2.154,7.83,194852,3,26.59,0.795,9,0.499,0.496,0.839,6559360,Low
1878,Residential,Semi-Urban,9406,11,Hybrid,Raft,0.709,0.859,0.806,5.34,54967,26,34.5,0.333,17,0.584,0.17,0.925,8001987,Low
1879,Commercial,Semi-Urban,10978,6,RCC,Strip,0.993,1.54,1.566,7.25,182125,9,32.24,0.224,32,0.255,0.955,0.948,19843709,Medium
1880,Industrial,Semi-Urban,3154,10,Steel,Pile,0.643,1.653,2.281,7.53,144102,17,36.1,0.577,52,0.37,0.292,0.811,7457119,Low
1881,Industrial,Semi-Urban,1490,12,RCC,Strip,0.766,1.17,1.375,4.23,62575,8,28.61,0.991,34,0.963,0.341,0.741,2360568,Low
1882,Residential,Rural,2660,8,Hybrid,Raft,0.872,1.825,2.035,8.16,96596,21,35.56,0.71,24,0.534,0.44,0.602,5607101,Low
1883,Residential,Rural,15636,3,Steel,Pile,0.507,1.343,1.918,5.75,176097,16,32.98,0.682,2,0.221,0.549,0.563,14399709,Medium
1884,Commercial,Semi-Urban,10836,2,Hybrid,Raft,0.95,1.998,1.059,3.1,94237,12,34.49,0.45,50,0.612,0.23,0.805,23708499,High
1885,Commercial,Rural,14769,3,Hybrid,Pile,0.693,0.8,2.117,6.86,180687,4,30.02,0.879,49,0.996,0.667,0.973,29237587,High
1886,Residential,Rural,16706,14,Hybrid,Strip,0.935,0.931,0.991,7.06,173324,5,32.99,0.697,12,0.466,0.563,0.639,18960827,Medium
1887,Commercial,Semi-Urban,2563,9,RCC,Pile,0.519,1.162,2.037,6.31,39099,27,25.04,0.675,34,0.313,0.373,0.55,2840568,Low
1888,Residential,Rural,11295,6,Steel,Pile,0.573,0.831,2.485,4.27,170120,7,17.12,0.293,24,0.715,0.723,0.712,13074508,Medium
1889,Commercial,Rural,18861,10,Hybrid,Pile,0.661,1.739,2.429,5.89,102836,24,25.41,0.958,54,0.936,0.563,0.5,46251332,High
1890,Residential,Rural,9067,12,RCC,Raft,0.673,0.863,2.16,5.4,40189,18,19.34,0.25,17,0.887,0.857,0.777,9673500,Low
1891,Residential,Semi-Urban,9433,4,Hybrid,Pile,0.924,1.699,1.709,8.85,147887,22,30.73,0.524,50,0.726,0.87,0.525,26037757,High
1892,Residential,Rural,19551,10,RCC,Strip,0.506,0.863,1.947,7.95,88325,20,21.58,0.34,29,0.347,0.982,0.965,12050116,Medium
1893,Commercial,Urban,16119,3,Steel,Strip,0.821,1.103,2.038,7.57,61755,14,38.95,0.181,39,0.827,0.161,0.935,32729831,High
1894,Commercial,Urban,5419,13,Steel,Strip,0.566,1.81,0.814,4.09,178919,8,21.78,0.144,45,0.859,0.465,0.557,6965113,Low
1895,Commercial,Semi-Urban,12241,2,Steel,Pile,0.912,1.941,0.974,4.99,64526,13,17.45,0.293,29,0.88,0.551,0.573,30530137,High
1896,Residential,Urban,9298,14,Steel,Strip,0.889,1.297,1.815,5.28,128058,28,37.02,0.689,57,0.523,0.31,0.977,15378879,Medium
1897,Commercial,Semi-Urban,17427,4,Hybrid,Raft,0.75,1.964,0.811,5.96,102500,4,25.36,0.975,23,0.527,0.93,0.907,31218748,High
1898,Commercial,Urban,15066,9,RCC,Strip,0.606,1.552,2.345,3.18,13084,12,23.89,0.853,25,0.324,0.179,0.971,20479482,Medium
1899,Residential,Urban,1383,4,Steel,Pile,0.817,1.299,1.632,6.56,13742,3,37.13,0.218,0,0.818,0.486,0.667,2823579,Low
1900,Industrial,Urban,9915,13,Hybrid,Strip,0.578,1.763,1.238,5.15,165299,5,31.34,0.078,32,0.79,0.267,0.555,17562428,Medium
1901,Residential,Semi-Urban,11585,12,Steel,Pile,0.595,1.154,1.469,6.37,140146,4,28.3,0.687,7,0.28,0.714,0.808,12745952,Medium
1902,Commercial,Semi-Urban,15508,5,Steel,Pile,0.813,1.119,2.246,3.05,190656,15,23.18,0.03,11,0.216,0.734,0.983,31759175,High
1903,Residential,Rural,18952,8,Steel,Strip,0.996,1.588,2.376,4.93,49326,28,22.31,0.859,7,0.961,0.885,0.565,45755484,High
1904,Industrial,Semi-Urban,8620,2,RCC,Raft,0.946,1.269,0.998,7.61,92699,5,29.49,0.826,10,0.214,0.468,0.909,12535486,Medium
1905,Residential,Urban,8320,12,RCC,Raft,0.797,0.963,2.123,6.01,141725,9,27.53,0.794,13,0.703,0.798,0.68,14534843,Medium
1906,Commercial,Urban,12401,11,RCC,Strip,0.769,0.88,1.783,7.73,156708,14,21.9,0.552,17,0.563,0.595,0.558,17173604,Medium
1907,Industrial,Semi-Urban,18670,14,Steel,Pile,0.999,1.745,1.795,7.19,51531,27,19.6,0.974,43,0.822,0.831,0.73,68254774,High
1908,Commercial,Semi-Urban,16759,3,Hybrid,Strip,0.774,1.611,2.125,8.13,29776,16,35.45,0.458,39,0.27,0.177,0.744,31890508,High
1909,Industrial,Semi-Urban,10149,6,Hybrid,Pile,0.71,1.294,1.179,3.04,160012,3,32.19,0.987,0,0.746,0.517,0.505,19423718,Medium
1910,Industrial,Rural,8769,12,Hybrid,Pile,0.955,1.875,1.703,4.57,74431,15,39.83,0.882,20,0.692,0.236,0.737,27067193,High
1911,Residential,Urban,12305,7,Steel,Pile,0.617,1.293,1.343,6.29,30922,18,27.9,0.127,9,0.883,0.811,0.824,19151139,Medium
1912,Residential,Rural,18192,4,RCC,Raft,0.549,1.652,0.961,8.65,74976,18,39.86,0.895,36,0.615,0.237,0.882,12819059,Medium
1913,Commercial,Rural,10879,14,Hybrid,Raft,0.817,1.891,0.979,7.08,72999,14,26.52,0.305,28,0.783,0.107,0.549,18609702,Medium
1914,Residential,Urban,9244,1,Steel,Strip,0.548,1.809,1.032,5.74,60249,25,28.37,0.768,45,0.55,0.937,0.938,10292531,Low
1915,Residential,Urban,13785,7,Steel,Raft,0.687,1.413,1.845,3.78,79348,7,20.23,0.0,39,0.987,0.536,0.584,26210985,High
1916,Industrial,Semi-Urban,8973,12,Hybrid,Pile,0.712,1.617,0.98,5.96,110187,26,18.74,0.276,23,0.648,0.987,0.829,19994202,Medium
1917,Residential,Semi-Urban,11179,9,Hybrid,Pile,0.774,1.296,1.769,5.65,6777,28,38.51,0.758,57,0.803,0.508,0.776,21938710,High
1918,Industrial,Rural,15105,1,Steel,Strip,0.996,1.577,1.8,7.67,172720,20,39.53,0.972,43,0.274,0.632,0.94,34441952,High
1919,Industrial,Semi-Urban,11485,14,Hybrid,Pile,0.61,1.109,2.337,5.48,126372,6,28.69,0.171,35,0.57,0.77,0.519,24855180,High
1920,Industrial,Semi-Urban,12891,1,Steel,Strip,0.688,1.322,1.865,4.91,116974,26,21.81,0.459,17,0.252,0.353,0.596,18321157,Medium
1921,Commercial,Urban,5361,1,Hybrid,Strip,0.566,1.051,2.475,3.54,116470,16,38.79,0.587,14,0.297,0.22,0.561,7491619,Low
1922,Commercial,Urban,19660,10,RCC,Pile,0.804,0.846,0.853,3.28,153588,22,34.92,0.953,31,0.605,0.695,0.664,24963362,High
1923,Commercial,Semi-Urban,2096,7,Steel,Raft,0.864,1.506,1.997,5.63,102729,19,19.5,0.453,37,0.482,0.56,0.669,4881292,Low
1924,Industrial,Urban,17363,11,RCC,Pile,0.741,1.837,0.845,5.08,52626,9,22.46,0.934,42,0.568,0.844,0.544,33455849,High
1925,Commercial,Semi-Urban,10655,9,Hybrid,Pile,0.623,0.831,2.04,6.33,22338,20,15.11,0.978,44,0.597,0.141,0.757,17205248,Medium
1926,Commercial,Urban,8419,3,Steel,Strip,0.81,1.035,1.456,7.27,183270,1,29.55,0.942,19,0.328,0.59,0.558,13322061,Medium
1927,Residential,Urban,10834,8,Hybrid,Raft,0.77,1.352,1.839,3.24,152587,18,28.16,0.749,33,0.493,0.267,0.537,19765140,Medium
1928,Commercial,Urban,15128,9,Steel,Strip,0.586,1.599,1.326,5.98,5604,21,19.1,0.126,8,0.888,0.656,0.517,22343069,High
1929,Commercial,Urban,2572,3,Hybrid,Pile,0.703,1.005,1.07,8.17,94329,14,23.48,0.602,40,0.885,0.784,0.965,5271483,Low
1930,Industrial,Semi-Urban,9987,12,RCC,Strip,0.718,0.868,2.03,5.73,88320,14,38.48,0.754,54,0.592,0.337,0.698,13022978,Medium
1931,Industrial,Rural,6124,12,RCC,Strip,0.991,1.423,2.338,6.13,81994,8,31.22,0.955,33,0.799,0.534,0.642,14702197,Medium
1932,Industrial,Urban,1438,3,Hybrid,Pile,0.925,1.782,1.112,5.92,50313,23,36.57,0.778,34,0.803,0.478,0.741,5211337,Low
1933,Industrial,Semi-Urban,8676,1,RCC,Strip,0.867,0.842,2.365,5.34,131955,25,35.96,0.539,56,0.235,0.779,0.579,14677658,Medium
1934,Industrial,Semi-Urban,1261,2,RCC,Pile,0.944,1.219,1.038,3.66,114389,17,38.02,0.205,55,0.689,0.64,0.703,2741689,Low
1935,Industrial,Urban,13441,7,Hybrid,Strip,0.868,1.596,2.051,3.76,76983,18,16.04,0.457,26,0.844,0.209,0.595,41731444,High
1936,Commercial,Rural,2169,3,Steel,Raft,0.952,0.957,2.431,4.07,73084,15,21.56,0.638,41,0.675,0.979,0.652,5095015,Low
1937,Industrial,Urban,7628,7,Hybrid,Pile,0.527,1.083,1.051,7.76,183755,10,25.39,0.325,17,0.633,0.921,0.962,12406553,Medium
1938,Industrial,Semi-Urban,19569,5,Steel,Raft,0.728,1.443,1.54,4.65,68677,20,31.0,0.456,20,0.625,0.621,0.574,38044382,High
1939,Residential,Rural,12591,10,RCC,Strip,0.873,1.944,1.374,8.69,158215,16,30.2,0.017,17,0.606,0.8,0.737,17662030,Medium
1940,Commercial,Semi-Urban,18815,8,RCC,Raft,0.792,1.145,1.46,7.86,39653,7,21.15,0.879,26,0.823,0.118,0.83,26250847,High
1941,Commercial,Urban,7808,5,RCC,Raft,0.588,1.385,2.08,7.11,70874,29,19.82,0.035,30,0.714,0.281,0.959,12018911,Medium
1942,Commercial,Rural,1626,3,RCC,Raft,0.67,1.28,1.924,7.32,162714,29,25.94,0.409,27,0.372,0.791,0.962,2297781,Low
1943,Industrial,Semi-Urban,6521,9,RCC,Strip,0.659,1.877,2.447,3.29,11558,17,21.27,0.511,32,0.547,0.196,0.624,11700290,Medium
1944,Industrial,Semi-Urban,6937,7,Steel,Pile,0.631,0.886,1.115,6.41,199621,5,39.13,0.972,56,0.623,0.138,0.972,9131156,Low
1945,Industrial,Semi-Urban,7539,5,Steel,Strip,0.672,1.479,1.724,8.65,71446,18,39.14,0.935,14,0.535,0.654,0.666,12808505,Medium
1946,Residential,Urban,18087,7,Steel,Strip,0.757,1.815,1.564,3.23,117706,14,17.83,0.646,44,0.39,0.131,0.947,26465406,High
1947,Industrial,Rural,4635,11,Hybrid,Strip,0.927,1.986,2.362,4.75,18010,18,32.63,0.584,46,0.3,0.265,0.547,11599270,Medium
1948,Residential,Urban,15611,10,RCC,Pile,0.871,1.638,0.818,3.31,25654,18,20.71,0.367,54,0.294,0.172,0.599,19658129,Medium
1949,Commercial,Urban,12464,9,RCC,Strip,0.918,1.256,2.482,6.42,94939,15,32.94,0.041,35,0.437,0.581,0.539,24183911,High
1950,Industrial,Urban,9211,5,RCC,Strip,0.942,1.294,1.616,3.7,141572,25,34.18,0.268,18,0.522,0.709,0.65,17639405,Medium
1951,Residential,Rural,8404,7,Hybrid,Pile,0.708,1.222,1.863,5.88,33662,11,16.2,0.848,34,0.746,0.265,0.937,13257537,Medium
1952,Residential,Urban,2783,11,Hybrid,Pile,0.673,1.524,1.412,7.32,173454,26,32.38,0.648,31,0.988,0.522,0.58,5923285,Low
1953,Industrial,Urban,2977,9,Hybrid,Pile,0.529,1.687,2.249,3.99,104200,5,37.42,0.814,44,0.918,0.118,0.612,7781069,Low
1954,Commercial,Urban,3593,1,RCC,Raft,0.965,1.783,1.755,7.53,106062,16,20.41,0.837,38,0.851,0.338,0.608,9740489,Low
1955,Commercial,Urban,7707,4,Steel,Pile,0.533,1.3,1.927,3.36,132509,8,17.89,0.062,57,0.851,0.262,0.637,14101694,Medium
1956,Commercial,Semi-Urban,9894,1,Hybrid,Raft,0.871,1.66,1.903,3.9,167532,13,29.17,0.337,59,0.677,0.249,0.509,24952723,High
1957,Residential,Urban,15341,8,Hybrid,Raft,0.689,1.899,1.419,4.68,177856,26,27.94,0.676,56,0.402,0.303,0.712,26941785,High
1958,Residential,Semi-Urban,6727,3,Steel,Strip,0.974,1.905,0.929,7.78,135397,22,37.14,0.853,11,0.578,0.825,0.988,11078330,Low
1959,Residential,Urban,13780,2,Hybrid,Raft,0.71,1.645,2.173,8.1,193540,27,26.28,0.801,54,0.314,0.955,0.724,30768677,High
1960,Residential,Rural,4035,14,Steel,Strip,0.908,1.564,1.293,4.32,38465,17,25.34,0.422,28,0.653,0.735,0.907,6028218,Low
1961,Commercial,Semi-Urban,11082,4,RCC,Raft,0.641,1.438,2.243,3.57,197511,26,32.85,0.932,33,0.218,0.165,0.786,13866354,Medium
1962,Industrial,Semi-Urban,3413,11,Steel,Pile,0.65,1.02,1.835,8.09,179038,9,16.94,0.301,15,0.352,0.665,0.507,5996870,Low
1963,Residential,Semi-Urban,2840,3,Steel,Strip,0.798,0.948,1.401,6.9,105223,15,16.43,0.376,21,0.77,0.761,0.793,3623635,Low
1964,Residential,Semi-Urban,5789,11,RCC,Raft,0.999,1.383,1.81,3.95,6611,7,27.62,0.181,7,0.422,0.2,0.973,8873708,Low
1965,Commercial,Rural,1097,5,Hybrid,Strip,0.759,0.991,1.897,6.35,29716,27,17.23,0.227,54,0.536,0.365,0.777,1736702,Low
1966,Industrial,Urban,15525,13,RCC,Pile,0.968,1.492,2.001,8.23,173032,18,38.48,0.009,11,0.866,0.486,0.764,53065648,High
1967,Industrial,Semi-Urban,7645,8,Hybrid,Raft,0.893,1.575,2.198,3.42,41431,14,31.36,0.308,33,0.236,0.38,0.835,20570466,Medium
1968,Commercial,Rural,3402,10,Hybrid,Raft,0.898,1.431,1.072,3.5,147591,8,33.84,0.307,15,0.218,0.566,0.935,5602091,Low
1969,Commercial,Semi-Urban,9455,8,Steel,Pile,0.718,0.844,2.405,4.64,71913,2,20.72,0.067,54,0.383,0.218,0.782,16318156,Medium
1970,Industrial,Urban,8194,11,RCC,Raft,0.693,0.869,1.498,6.91,197456,18,27.35,0.34,46,0.748,0.5,0.703,12249465,Medium
1971,Residential,Semi-Urban,5330,7,Steel,Raft,0.596,0.936,2.263,4.07,150385,4,18.35,0.301,59,0.389,0.76,0.519,6578255,Low
1972,Industrial,Rural,10334,8,RCC,Strip,0.982,0.984,1.175,7.9,28539,24,20.08,0.799,8,0.891,0.515,0.556,14626881,Medium
1973,Commercial,Urban,10989,13,RCC,Raft,0.98,1.988,0.849,7.5,159074,23,29.21,0.156,26,0.481,0.289,0.824,21078640,Medium
1974,Residential,Rural,16268,13,Steel,Pile,0.874,1.213,1.775,6.37,106167,2,22.0,0.725,59,0.427,0.822,0.809,27447919,High
1975,Residential,Urban,10864,5,Hybrid,Raft,0.648,1.15,1.352,3.7,80278,10,37.93,0.13,46,0.386,0.455,0.62,13162408,Medium
1976,Commercial,Urban,2660,10,Hybrid,Strip,0.623,0.863,2.474,8.93,84714,6,39.88,0.496,34,0.659,0.483,0.859,5209960,Low
1977,Commercial,Urban,13768,10,RCC,Raft,0.994,1.562,0.978,5.94,196261,11,15.1,0.736,10,0.885,0.422,0.64,27760479,High
1978,Commercial,Semi-Urban,14985,11,Hybrid,Strip,0.533,1.583,0.88,5.71,147703,27,33.98,0.606,18,0.525,0.361,0.652,13458795,Medium
1979,Industrial,Rural,3422,12,Steel,Raft,0.922,1.011,0.877,8.97,7312,20,17.88,0.646,30,0.402,0.642,0.531,5085469,Low
1980,Industrial,Rural,4304,11,Steel,Strip,0.678,1.903,1.169,8.18,128551,10,29.37,0.206,14,0.537,0.269,0.775,6223969,Low
1981,Residential,Rural,2868,13,Steel,Strip,0.709,1.761,1.785,5.74,70119,29,20.71,0.827,52,0.924,0.792,0.644,4278604,Low
1982,Commercial,Urban,15657,6,RCC,Raft,0.916,1.076,1.659,5.51,75415,17,39.12,0.952,56,0.468,0.534,0.909,28468834,High
1983,Residential,Semi-Urban,8593,8,RCC,Pile,0.545,1.383,1.395,3.58,88231,24,36.9,0.154,26,0.725,0.895,0.901,8845321,Low
1984,Residential,Urban,4432,13,Hybrid,Pile,0.677,1.35,0.951,8.56,81568,8,29.88,0.888,32,0.464,0.945,0.564,7191779,Low
1985,Residential,Rural,12052,1,Steel,Raft,0.976,1.218,1.197,8.06,115429,6,19.4,0.398,6,0.74,0.445,0.58,18195123,Medium
1986,Residential,Semi-Urban,6108,6,Steel,Raft,0.85,1.781,1.113,4.86,66476,16,34.57,0.699,22,0.905,0.243,0.66,9469754,Low
1987,Commercial,Semi-Urban,13399,6,RCC,Raft,0.877,0.931,2.068,7.52,45610,10,28.01,0.507,35,0.679,0.555,0.79,23795841,High
1988,Residential,Semi-Urban,9792,11,RCC,Raft,0.879,1.298,2.126,7.58,124084,23,30.29,0.793,21,0.958,0.343,0.671,16865591,Medium
1989,Commercial,Rural,10362,13,RCC,Raft,0.53,1.314,2.121,4.37,142703,28,32.95,0.045,0,0.681,0.484,0.675,10656399,Low
1990,Commercial,Semi-Urban,6031,5,Steel,Pile,0.602,1.362,2.447,6.68,188536,29,25.41,0.324,57,0.98,0.44,0.57,13334177,Medium
1991,Industrial,Semi-Urban,10912,4,Steel,Strip,0.746,1.834,2.303,4.53,57003,19,15.19,0.047,26,0.779,0.505,0.668,28367553,High
1992,Commercial,Urban,6844,1,Hybrid,Strip,0.684,1.062,1.646,7.74,36349,25,24.1,0.942,51,0.722,0.549,0.735,12326289,Medium
1993,Industrial,Urban,17259,11,Steel,Pile,0.705,0.924,1.505,3.92,24416,4,25.34,0.17,10,0.864,0.665,0.992,38009042,High
1994,Commercial,Semi-Urban,8387,10,Hybrid,Pile,0.891,1.541,2.357,7.01,36057,27,24.17,0.425,50,0.209,0.103,0.919,22344120,High
1995,Commercial,Semi-Urban,18493,11,Hybrid,Strip,0.507,1.009,1.839,4.96,197393,2,35.78,0.641,11,0.406,0.331,0.896,18873126,Medium
1996,Commercial,Urban,16658,8,Steel,Pile,0.83,0.89,1.3,3.22,195720,20,23.31,0.462,59,0.373,0.253,0.78,27458409,High
1997,Industrial,Urban,19823,6,Hybrid,Raft,0.5,1.312,1.76,3.74,106369,2,25.41,0.537,20,0.289,0.739,0.68,31874731,High
1998,Industrial,Urban,18497,3,Hybrid,Pile,0.532,1.064,2.487,6.93,160075,12,16.54,0.204,7,0.95,0.849,0.928,48893432,High
1999,Residential,Rural,4179,12,RCC,Pile,0.704,1.233,2.244,4.44,129121,4,32.92,0.067,12,0.305,0.753,0.674,5563942,Low
2000,Industrial,Rural,8040,3,Steel,Pile,0.92,1.112,1.278,6.79,68690,16,20.39,0.257,36,0.41,0.977,0.796,16302039,Medium
2001,Industrial,Urban,9988,12,Hybrid,Pile,0.572,0.911,2.42,5.49,167046,2,20.88,0.317,32,0.468,0.17,0.629,20142101,Medium
2002,Industrial,Semi-Urban,7574,6,Hybrid,Strip,0.777,1.472,2.468,7.16,180199,16,29.67,0.416,49,0.7,0.518,0.888,20433551,Medium
2003,Industrial,Urban,4496,12,Hybrid,Strip,0.839,0.832,1.193,5.96,143958,28,39.59,0.296,1,0.814,0.909,0.757,8979849,Low
2004,Residential,Rural,6195,7,Steel,Strip,0.615,1.96,2.323,4.85,116963,15,25.25,0.036,8,0.684,0.387,0.948,8625225,Low
2005,Industrial,Semi-Urban,14735,8,RCC,Strip,0.756,1.21,2.301,3.87,111626,14,23.18,0.095,12,0.799,0.822,0.784,27740286,High
2006,Commercial,Rural,2866,5,RCC,Raft,0.956,1.634,0.868,5.05,169466,11,15.91,0.674,25,0.522,0.606,0.582,4358680,Low
2007,Commercial,Semi-Urban,14664,10,Steel,Raft,0.756,1.772,1.938,6.81,10886,15,34.68,0.063,44,0.997,0.981,0.996,38385952,High
2008,Industrial,Rural,7264,6,Steel,Strip,0.579,1.135,1.319,7.44,24091,24,21.53,0.046,54,0.336,0.434,0.751,7071743,Low
2009,Industrial,Semi-Urban,16027,12,Steel,Strip,0.814,1.698,1.947,3.96,72639,6,34.22,0.812,46,0.52,0.475,0.625,36211015,High
2010,Commercial,Semi-Urban,16792,1,Steel,Strip,0.796,1.799,2.353,6.99,195463,24,22.06,0.041,51,0.866,0.247,0.665,38031115,High
2011,Commercial,Semi-Urban,2114,6,RCC,Pile,0.513,1.09,1.648,4.08,40149,27,15.75,0.069,8,0.397,0.244,0.561,2017154,Low
2012,Residential,Semi-Urban,14896,9,Hybrid,Raft,0.545,1.991,1.505,4.33,170474,16,27.46,0.55,14,0.801,0.875,0.537,22015920,High
2013,Commercial,Rural,19300,10,Hybrid,Raft,0.578,0.825,2.367,6.19,20176,1,37.65,0.443,56,0.491,0.467,0.725,24260338,High
2014,Commercial,Rural,17380,4,Steel,Pile,0.568,1.06,2.456,4.74,162243,25,20.26,0.964,6,0.342,0.658,0.976,23089364,High
2015,Industrial,Semi-Urban,17388,14,Steel,Pile,0.63,1.736,0.906,6.97,16447,28,18.85,0.937,42,0.523,0.777,0.561,27179132,High
2016,Commercial,Semi-Urban,6233,14,Hybrid,Pile,0.727,1.033,2.369,8.73,95798,11,19.62,0.66,56,0.828,0.494,0.951,15731710,Medium
2017,Residential,Rural,3716,10,RCC,Raft,0.686,1.638,0.941,3.89,97823,14,32.26,0.072,56,0.29,0.958,0.898,3460708,Low
2018,Commercial,Semi-Urban,4864,13,Steel,Pile,0.945,1.827,1.373,6.42,149168,2,24.18,0.503,54,0.613,0.944,0.903,14215313,Medium
2019,Industrial,Semi-Urban,12769,1,Steel,Pile,0.806,1.951,2.096,8.54,17291,24,21.4,0.045,36,0.793,0.712,0.855,45722817,High
2020,Industrial,Semi-Urban,18361,14,RCC,Pile,0.938,1.369,2.121,4.06,121299,16,23.44,0.908,8,0.801,0.996,0.796,55292069,High
2021,Commercial,Urban,14329,11,RCC,Strip,0.764,1.965,2.034,5.2,100191,4,22.73,0.66,13,0.512,0.102,0.561,27415961,High
2022,Industrial,Semi-Urban,5460,9,RCC,Pile,0.545,1.294,0.866,3.74,67976,14,28.59,0.574,29,0.573,0.108,0.788,5179617,Low
2023,Residential,Urban,19281,4,Steel,Strip,0.732,1.062,1.026,6.85,25446,16,18.33,0.428,50,0.885,0.161,0.676,21283909,Medium
2024,Residential,Semi-Urban,8801,2,RCC,Raft,0.911,1.417,2.392,7.01,43281,15,27.72,0.51,46,0.367,0.949,0.553,15787187,Medium
2025,Commercial,Rural,9341,1,Steel,Raft,0.597,1.58,0.938,6.99,45800,2,22.79,0.4,47,0.994,0.644,0.902,11631584,Medium
2026,Commercial,Urban,8230,3,Steel,Raft,0.546,1.35,0.934,6.25,157739,13,38.32,0.1,19,0.535,0.935,0.773,9462020,Low
2027,Commercial,Urban,18383,7,RCC,Strip,0.665,1.48,2.221,7.48,191153,17,25.55,0.661,46,0.42,0.214,0.872,27639613,High
2028,Industrial,Semi-Urban,17479,11,Hybrid,Pile,0.694,1.3,1.89,3.22,63338,28,17.5,0.996,53,0.202,0.129,0.74,32149468,High
2029,Residential,Semi-Urban,1478,10,RCC,Raft,0.653,1.43,1.398,8.75,191415,20,38.34,0.112,22,0.3,0.589,0.776,1769210,Low
2030,Residential,Urban,1230,2,Hybrid,Pile,0.568,1.943,1.082,4.33,55705,10,38.44,0.994,14,0.805,0.258,0.856,2091287,Low
2031,Industrial,Rural,556,9,RCC,Strip,0.625,1.4,2.303,3.73,142816,15,19.39,0.9,57,0.719,0.874,0.623,1271319,Low
2032,Residential,Rural,2743,12,RCC,Raft,0.841,1.104,2.481,8.65,133331,17,35.41,0.894,55,0.397,0.478,0.924,4068948,Low
2033,Commercial,Semi-Urban,2201,13,Steel,Pile,0.693,1.71,0.885,7.98,32451,8,36.55,0.831,30,0.942,0.793,0.71,4254986,Low
2034,Commercial,Rural,18170,11,Steel,Pile,0.816,1.205,1.742,7.59,147491,2,23.89,0.924,3,0.869,0.565,0.854,37350538,High
2035,Commercial,Rural,8803,2,Steel,Raft,0.768,1.779,1.244,3.63,172410,24,18.99,0.246,24,0.415,0.576,0.663,13182244,Medium
2036,Residential,Semi-Urban,15600,5,Steel,Pile,0.775,0.868,2.215,7.85,182160,26,34.96,0.437,50,0.464,0.714,0.851,26346311,High
2037,Commercial,Rural,13498,8,Steel,Strip,0.624,1.199,1.388,6.65,93215,1,15.71,0.48,18,0.348,0.402,0.522,12710836,Medium
2038,Industrial,Semi-Urban,9893,13,Steel,Raft,0.761,0.913,2.015,7.39,46619,23,30.49,0.068,59,0.714,0.954,0.965,21364557,Medium
2039,Industrial,Urban,1447,13,Steel,Raft,0.512,0.902,1.717,8.87,199009,23,23.55,0.981,36,0.761,0.46,0.893,2451625,Low
2040,Residential,Semi-Urban,7053,12,Hybrid,Raft,0.716,1.59,1.721,4.17,22348,5,29.9,0.689,33,0.517,0.458,0.832,11247857,Medium
2041,Industrial,Urban,1257,10,Hybrid,Raft,0.786,1.262,2.259,6.03,97186,3,34.72,0.452,0,0.79,0.737,0.662,4409521,Low
2042,Industrial,Urban,15366,8,Steel,Strip,0.591,1.846,1.6,7.52,120675,22,35.72,0.992,40,0.993,0.673,0.921,32837552,High
2043,Residential,Rural,12080,3,Hybrid,Strip,0.628,1.42,2.238,5.6,86831,11,39.96,0.272,30,0.69,0.996,0.884,17723618,Medium
2044,Commercial,Rural,6151,2,RCC,Pile,0.61,1.154,1.418,3.33,77902,16,31.01,0.337,39,0.719,0.865,0.727,6943597,Low
2045,Commercial,Rural,7773,9,Hybrid,Strip,0.535,1.665,1.097,3.67,89050,21,20.59,0.191,43,0.499,0.356,0.599,7228072,Low
2046,Commercial,Semi-Urban,10533,3,Steel,Pile,0.674,1.549,1.574,6.61,110525,9,21.9,0.187,34,0.208,0.191,0.588,16144932,Medium
2047,Residential,Rural,4035,8,Hybrid,Pile,0.989,1.76,1.647,4.71,86489,4,25.9,0.188,26,0.963,0.196,0.744,10475429,Low
2048,Industrial,Urban,19177,2,RCC,Raft,0.677,1.572,1.613,3.83,49174,9,36.21,0.611,20,0.818,0.425,0.892,35130101,High
2049,Commercial,Rural,17988,3,Hybrid,Pile,0.73,1.0,2.174,5.04,112772,14,24.17,0.294,7,0.756,0.529,0.857,36146059,High
2050,Commercial,Rural,9353,1,Steel,Raft,0.827,1.604,1.76,4.21,173806,10,32.21,0.952,17,0.224,0.673,0.747,15973560,Medium
2051,Residential,Semi-Urban,1408,14,RCC,Pile,0.824,1.27,2.31,3.14,90426,22,16.13,0.817,22,0.807,0.872,0.602,2854787,Low
2052,Commercial,Semi-Urban,5117,11,RCC,Strip,0.975,1.356,1.674,3.91,117068,16,25.75,0.161,40,0.736,0.991,0.62,10018372,Low
2053,Residential,Urban,10548,6,Hybrid,Raft,0.929,1.906,1.182,8.3,143791,9,19.18,0.834,35,0.655,0.468,0.529,27318825,High
2054,Industrial,Semi-Urban,2811,13,RCC,Pile,0.897,1.232,1.02,3.07,177260,3,38.46,0.346,28,0.699,0.591,0.588,5064238,Low
2055,Residential,Rural,16520,7,RCC,Strip,0.976,1.534,2.276,7.64,153474,28,34.79,0.228,15,0.935,0.641,0.506,31085600,High
2056,Residential,Semi-Urban,17673,4,RCC,Strip,0.615,1.236,0.895,7.52,79948,29,18.47,0.782,49,0.205,0.603,0.837,10723812,Low
2057,Residential,Urban,14085,1,Steel,Raft,0.809,0.914,1.0,6.39,37228,1,25.05,0.857,56,0.326,0.181,0.794,15757002,Medium
2058,Residential,Rural,14517,3,RCC,Raft,0.944,1.344,0.908,4.25,51982,28,17.01,0.96,9,0.916,0.204,0.994,15349601,Medium
2059,Industrial,Urban,17055,9,Hybrid,Raft,0.812,1.516,1.52,8.27,41125,22,33.66,0.42,16,0.207,0.9,0.881,44606697,High
2060,Industrial,Semi-Urban,13052,5,Hybrid,Pile,0.989,1.289,1.705,5.85,52562,20,19.78,0.562,21,0.923,0.708,0.623,45573728,High
2061,Commercial,Semi-Urban,13837,6,RCC,Raft,0.55,1.269,0.834,4.04,37307,11,35.11,0.615,39,0.224,0.711,0.854,10559026,Low
2062,Industrial,Urban,2385,4,Hybrid,Strip,0.72,1.784,1.676,5.57,141806,26,16.85,0.628,1,0.823,0.833,0.506,6436837,Low
2063,Industrial,Rural,1549,1,RCC,Strip,0.989,0.836,1.469,4.17,49064,20,29.32,0.402,41,0.913,0.176,0.993,2439041,Low
2064,Commercial,Semi-Urban,11003,14,Hybrid,Raft,0.69,1.155,2.115,5.26,39314,20,30.21,0.152,29,0.69,0.474,0.807,20341564,Medium
2065,Industrial,Semi-Urban,1661,5,RCC,Raft,0.87,1.774,2.211,5.98,84227,1,23.36,0.07,43,0.713,0.322,0.56,4652333,Low
2066,Residential,Rural,1315,5,RCC,Strip,0.515,1.905,1.964,5.16,72147,5,19.11,0.906,38,0.24,0.695,0.749,1320142,Low
2067,Residential,Semi-Urban,4266,5,RCC,Pile,0.847,1.295,1.605,6.94,8977,9,23.1,0.367,38,0.369,0.293,0.97,6072932,Low
2068,Commercial,Urban,3739,6,Steel,Strip,0.967,1.867,1.167,8.62,42875,3,27.39,0.181,44,0.92,0.723,0.925,10850554,Low
2069,Commercial,Semi-Urban,14442,11,Hybrid,Strip,0.691,1.039,2.24,5.09,189373,12,39.23,0.984,18,0.859,0.449,0.649,25475830,High
2070,Commercial,Semi-Urban,8772,2,RCC,Strip,0.511,1.066,1.381,5.13,42380,18,26.17,0.803,9,0.248,0.495,0.698,5774368,Low
2071,Residential,Rural,19688,1,Steel,Raft,0.514,1.815,1.406,7.43,29046,28,19.73,0.981,19,0.85,0.836,0.927,20425322,Medium
2072,Industrial,Urban,1369,2,Steel,Pile,0.946,1.884,2.357,6.18,179359,2,15.65,0.279,23,0.539,0.413,0.95,6375454,Low
2073,Residential,Rural,6026,13,RCC,Pile,0.861,1.067,2.459,5.57,25895,10,15.21,0.463,5,0.649,0.331,0.957,8995510,Low
2074,Commercial,Semi-Urban,8241,10,RCC,Raft,0.553,0.871,2.327,7.88,19325,7,25.42,0.809,58,0.287,0.865,0.974,9068386,Low
2075,Industrial,Semi-Urban,5194,6,RCC,Strip,0.527,0.908,2.497,8.35,103859,22,22.41,0.552,44,0.519,0.717,0.75,6256588,Low
2076,Industrial,Rural,2434,5,RCC,Raft,0.902,1.114,2.277,6.54,29781,18,17.88,0.355,17,0.548,0.464,0.931,4932931,Low
2077,Residential,Rural,17587,5,RCC,Raft,0.905,1.714,1.997,4.11,150298,16,19.3,0.158,15,0.736,0.549,0.673,32314570,High
2078,Commercial,Rural,16818,12,Hybrid,Pile,0.56,1.412,1.299,5.8,112497,13,23.75,0.562,53,0.726,0.413,0.919,22268091,High
2079,Residential,Urban,19407,12,RCC,Pile,0.651,1.347,2.42,6.03,156319,1,32.17,0.598,38,0.639,0.596,0.674,36122601,High
2080,Industrial,Semi-Urban,19523,6,RCC,Raft,0.89,1.501,2.29,5.59,21501,7,30.24,0.721,39,0.225,0.225,0.804,41345319,High
2081,Residential,Rural,6659,14,Hybrid,Raft,0.763,1.868,1.209,4.57,187751,11,17.0,0.791,39,0.329,0.9,0.734,9961105,Low
2082,Residential,Semi-Urban,16219,10,Steel,Pile,0.978,0.909,1.632,5.83,107155,6,18.58,0.118,15,0.328,0.599,0.946,27704845,High
2083,Commercial,Urban,13493,7,Hybrid,Pile,0.741,1.634,0.919,5.68,41529,21,37.71,0.628,39,0.91,0.447,0.533,29563587,High
2084,Commercial,Urban,14313,9,Steel,Strip,0.838,1.912,2.421,4.26,26874,5,16.78,0.781,14,0.921,0.614,0.974,46638639,High
2085,Industrial,Urban,1664,7,Steel,Raft,0.755,1.056,1.774,8.42,175211,10,19.97,0.389,39,0.845,0.245,0.731,4016536,Low
2086,Residential,Urban,1119,2,Hybrid,Strip,0.971,1.805,1.217,8.31,124924,29,22.95,0.276,5,0.34,0.171,0.741,2090865,Low
2087,Residential,Semi-Urban,8482,6,RCC,Strip,0.699,1.638,1.297,7.56,32277,3,20.75,0.48,32,0.872,0.593,0.914,9293498,Low
2088,Residential,Urban,3566,9,Steel,Strip,0.615,0.817,2.467,5.41,43471,27,22.27,0.31,47,0.35,0.163,0.833,4104915,Low
2089,Industrial,Urban,9138,7,RCC,Pile,0.663,1.078,1.847,5.22,178080,15,33.19,0.51,12,0.644,0.695,0.977,17136846,Medium
2090,Industrial,Rural,2837,2,Hybrid,Strip,0.926,1.527,1.515,7.3,191454,12,17.38,0.308,3,0.787,0.82,0.773,6994597,Low
2091,Commercial,Urban,6094,3,Steel,Pile,0.749,1.403,1.65,6.65,165954,5,23.81,0.423,31,0.241,0.99,0.779,14010320,Medium
2092,Commercial,Rural,2960,8,RCC,Pile,0.677,1.434,0.968,6.6,101867,14,30.29,0.915,49,0.678,0.792,0.986,3908723,Low
2093,Commercial,Urban,7320,11,Steel,Pile,0.772,1.078,0.928,3.74,73536,12,16.22,0.917,28,0.401,0.977,0.963,12110284,Medium
2094,Residential,Urban,3942,9,Steel,Raft,0.567,1.61,1.808,6.71,141587,22,16.11,0.992,57,0.598,0.12,0.604,5523697,Low
2095,Residential,Rural,16691,4,Hybrid,Strip,0.503,1.12,1.67,8.41,187449,11,27.46,0.486,6,0.507,0.603,0.653,14223767,Medium
2096,Commercial,Urban,19595,9,RCC,Pile,0.64,1.267,1.411,3.51,48147,23,37.5,0.168,32,0.749,0.248,0.813,28459189,High
2097,Residential,Semi-Urban,16826,2,RCC,Raft,0.803,1.243,1.762,5.04,191211,23,26.12,0.889,4,0.591,0.321,0.97,21031822,Medium
2098,Commercial,Semi-Urban,11029,13,Steel,Raft,0.856,1.606,0.924,6.05,17719,13,25.17,0.597,57,0.441,0.761,0.782,19156933,Medium
2099,Industrial,Urban,18175,11,RCC,Raft,0.913,0.908,2.405,7.12,95642,10,15.25,0.748,39,0.928,0.328,0.866,49226922,High
2100,Commercial,Semi-Urban,10890,5,Steel,Pile,0.963,1.047,1.299,3.54,165111,10,33.32,0.163,3,0.967,0.262,0.547,23298229,High
2101,Industrial,Rural,14530,11,Hybrid,Pile,0.706,1.041,0.922,8.24,179132,24,19.1,0.32,6,0.842,0.435,0.761,22191687,High
2102,Residential,Urban,5874,2,Hybrid,Pile,0.87,0.93,1.088,3.24,99754,21,32.46,0.275,15,0.665,0.175,0.574,9367930,Low
2103,Commercial,Urban,13642,11,RCC,Raft,0.537,1.049,0.962,8.15,115146,14,23.71,0.56,36,0.908,0.232,0.63,12800983,Medium
2104,Residential,Rural,19539,1,Hybrid,Pile,0.529,1.528,1.104,3.17,128621,20,16.12,0.997,48,0.681,0.232,0.583,17907090,Medium
2105,Industrial,Rural,12704,13,Hybrid,Strip,0.562,1.679,1.508,3.92,104378,16,23.2,0.612,10,0.319,0.303,0.583,15519854,Medium
2106,Industrial,Rural,7894,14,RCC,Pile,0.724,1.592,2.055,7.8,159984,12,31.49,0.573,58,0.214,0.884,0.996,14684339,Medium
2107,Industrial,Urban,17588,5,Steel,Pile,0.606,1.37,1.263,8.16,98074,23,34.21,0.759,49,0.781,0.366,0.649,31884626,High
2108,Residential,Rural,1325,2,Hybrid,Strip,0.643,0.863,1.541,8.89,133546,18,30.89,0.329,4,0.802,0.346,0.783,1439203,Low
2109,Residential,Rural,9696,14,RCC,Pile,0.824,1.951,2.379,3.69,114199,24,32.78,0.253,28,0.941,0.213,0.51,19892915,Medium
2110,Residential,Semi-Urban,12152,13,RCC,Pile,0.679,1.002,1.303,6.16,133068,4,20.9,0.838,54,0.859,0.114,0.903,12986871,Medium
2111,Residential,Semi-Urban,17260,7,RCC,Pile,0.779,1.602,2.151,3.46,179164,10,39.13,0.961,54,0.712,0.244,0.84,29705494,High
2112,Industrial,Urban,1472,8,Hybrid,Pile,0.706,1.895,1.068,3.94,96304,1,20.67,0.421,24,0.352,0.751,0.614,3701512,Low
2113,Industrial,Semi-Urban,11768,2,Hybrid,Raft,0.584,1.637,1.103,4.05,25405,18,19.25,0.041,2,0.675,0.973,0.518,19211501,Medium
2114,Commercial,Semi-Urban,943,7,Steel,Pile,0.537,1.062,1.575,3.38,150088,15,21.25,0.179,31,0.548,0.769,0.637,1483549,Low
2115,Commercial,Rural,1254,4,Steel,Strip,0.618,1.179,1.198,8.36,146341,17,39.3,0.857,29,0.386,0.868,0.814,1494506,Low
2116,Residential,Rural,16523,1,Steel,Strip,0.529,0.836,2.335,3.76,79898,21,16.62,0.122,19,0.839,0.808,0.508,15375029,Medium
2117,Industrial,Semi-Urban,10863,11,Steel,Raft,0.809,1.535,0.886,6.78,107487,1,34.34,0.763,29,0.32,0.366,0.538,17132893,Medium
2118,Industrial,Semi-Urban,11397,3,Steel,Pile,0.898,1.536,1.815,6.75,110773,27,17.63,0.62,2,0.704,0.758,0.705,35339961,High
2119,Industrial,Semi-Urban,5896,11,Steel,Strip,0.67,1.671,1.827,4.19,18115,14,34.33,0.727,43,0.689,0.776,0.588,11184341,Medium
2120,Commercial,Urban,3965,12,RCC,Raft,0.694,0.813,0.912,8.99,21974,12,21.93,0.257,55,0.443,0.333,0.816,4090932,Low
2121,Commercial,Urban,3211,1,Steel,Pile,0.908,1.781,2.045,5.08,77727,25,33.17,0.018,14,0.543,0.929,0.587,11498725,Medium
2122,Industrial,Urban,19291,5,Hybrid,Raft,0.611,1.686,1.597,8.43,65835,27,16.23,0.04,59,0.293,0.998,0.997,41370512,High
2123,Industrial,Semi-Urban,6247,13,Steel,Pile,0.56,0.969,2.029,8.69,7224,11,23.36,0.725,40,0.22,0.605,0.718,9342020,Low
2124,Industrial,Semi-Urban,18607,8,Hybrid,Raft,0.751,1.217,2.206,8.69,132757,20,26.62,0.613,13,0.21,0.385,0.574,39113884,High
2125,Commercial,Urban,2419,1,Steel,Raft,0.823,1.566,1.349,7.52,10333,26,15.52,0.84,39,0.339,0.422,0.537,4794417,Low
2126,Industrial,Urban,17802,14,RCC,Strip,0.8,1.395,1.624,4.52,68239,19,19.52,0.399,49,0.894,0.624,0.71,37090412,High
2127,Industrial,Semi-Urban,13973,9,RCC,Strip,0.857,0.938,1.243,3.72,118327,25,19.22,0.556,9,0.618,0.107,0.905,15849974,Medium
2128,Residential,Rural,17465,3,Hybrid,Raft,0.528,0.905,1.143,6.42,109437,4,27.04,0.784,16,0.294,0.378,0.719,11572835,Medium
2129,Residential,Urban,14735,5,Steel,Pile,0.714,1.738,0.801,5.16,163287,17,18.33,0.497,14,0.924,0.144,0.571,20642092,Medium
2130,Commercial,Semi-Urban,16210,9,RCC,Pile,0.619,0.987,2.438,7.99,190069,18,39.43,0.993,28,0.655,0.662,0.744,24787273,High
2131,Industrial,Semi-Urban,14934,5,RCC,Pile,0.88,1.007,1.55,7.47,129496,4,37.17,0.743,52,0.222,0.644,0.669,26120377,High
2132,Industrial,Rural,13978,9,Steel,Pile,0.936,1.797,0.822,4.66,49228,27,20.61,0.683,33,0.81,0.632,0.751,30000249,High
2133,Residential,Semi-Urban,4381,10,Hybrid,Pile,0.641,1.535,0.815,3.1,140976,1,20.86,0.802,34,0.579,0.236,0.696,5478214,Low
2134,Commercial,Semi-Urban,2499,8,Hybrid,Strip,0.548,1.526,1.29,4.42,140970,6,38.69,0.777,8,0.626,0.95,0.824,3361249,Low
2135,Residential,Urban,15349,7,Hybrid,Raft,0.627,1.375,0.824,6.4,187719,7,22.49,0.22,50,0.691,0.581,0.902,19802124,Medium
2136,Residential,Urban,11403,11,RCC,Strip,0.552,1.483,1.437,3.47,101309,1,25.58,0.21,16,0.276,0.6,0.943,9673697,Low
2137,Residential,Rural,17284,1,Steel,Pile,0.661,1.522,0.907,6.95,128044,6,32.54,0.606,56,0.958,0.59,0.871,21053246,Medium
2138,Residential,Rural,15200,4,RCC,Raft,0.769,1.961,0.867,7.03,90521,3,23.6,0.436,1,0.404,0.572,0.678,15435429,Medium
2139,Industrial,Semi-Urban,5945,9,RCC,Pile,0.987,1.068,1.938,4.02,17052,23,37.56,0.872,25,0.697,0.945,0.724,15240844,Medium
2140,Industrial,Urban,3128,10,RCC,Pile,0.7,1.057,2.342,6.58,106631,16,29.73,0.29,37,0.884,0.642,0.821,8181704,Low
2141,Residential,Rural,18540,8,RCC,Raft,0.61,0.869,1.496,6.64,170840,27,29.18,0.331,42,0.466,0.537,0.61,12007698,Medium
2142,Commercial,Rural,17504,4,Steel,Pile,0.583,1.59,2.223,5.87,124943,2,28.86,0.166,27,0.702,0.79,0.851,31441080,High
2143,Commercial,Rural,746,12,RCC,Strip,0.587,1.459,0.85,8.72,9572,2,17.8,0.982,29,0.991,0.326,0.825,762323,Low
2144,Commercial,Semi-Urban,5712,1,RCC,Strip,0.596,0.933,2.122,3.65,36443,11,34.76,0.116,42,0.881,0.273,0.828,6201604,Low
2145,Commercial,Urban,3839,10,Hybrid,Strip,0.881,1.237,0.907,5.44,11896,20,29.3,0.983,54,0.823,0.495,0.667,7247825,Low
2146,Residential,Rural,19894,4,RCC,Pile,0.531,1.014,2.225,8.3,10233,11,16.34,0.706,8,0.551,0.114,0.801,17226322,Medium
2147,Industrial,Urban,2868,3,Steel,Strip,0.999,1.198,2.3,5.32,148716,8,36.26,0.089,59,0.561,0.364,0.599,8733846,Low
2148,Commercial,Rural,12686,6,RCC,Pile,0.761,1.942,2.136,5.55,167214,19,33.24,0.152,27,0.588,0.478,0.595,26577834,High
2149,Residential,Rural,2339,11,Steel,Pile,0.772,1.62,2.195,7.01,138436,24,22.22,0.327,15,0.752,0.621,0.884,5045117,Low
2150,Commercial,Urban,19787,5,Steel,Strip,0.679,0.809,1.755,6.99,160579,23,22.15,0.26,23,0.315,0.589,0.69,25127650,High
2151,Commercial,Urban,6705,5,Steel,Strip,0.845,1.103,1.25,3.14,43596,21,27.62,0.973,21,0.889,0.431,0.772,11486495,Medium
2152,Residential,Urban,4895,2,Hybrid,Pile,0.736,0.812,1.893,5.73,6210,15,15.18,0.613,19,0.214,0.409,0.646,7613193,Low
2153,Industrial,Semi-Urban,15790,12,Hybrid,Pile,0.665,1.658,1.547,5.0,20625,28,35.24,0.074,51,0.336,0.101,0.618,29254392,High
2154,Industrial,Rural,4191,3,RCC,Pile,0.633,1.363,0.809,6.77,77382,20,38.55,0.525,13,0.585,0.893,0.89,4866273,Low
2155,Residential,Semi-Urban,7970,11,RCC,Pile,0.963,1.993,1.611,6.33,48973,14,26.17,0.897,51,0.402,0.308,0.897,15590201,Medium
2156,Industrial,Urban,4341,6,RCC,Strip,0.645,1.68,1.907,6.91,149218,26,28.41,0.416,42,0.492,0.422,0.918,7487610,Low
2157,Residential,Rural,4848,2,Steel,Pile,0.718,1.421,0.824,6.92,137820,26,35.24,0.666,31,0.466,0.118,0.927,5022993,Low
2158,Residential,Semi-Urban,18276,4,Steel,Pile,0.675,1.766,1.856,4.53,180258,18,21.94,0.773,9,0.415,0.961,0.706,29947263,High
2159,Residential,Rural,6560,2,Steel,Pile,0.543,1.646,1.909,4.48,60589,25,27.29,0.185,1,0.504,0.545,0.904,7447701,Low
2160,Industrial,Semi-Urban,16025,9,RCC,Pile,0.593,1.093,1.069,5.22,77449,20,17.77,0.856,6,0.604,0.121,0.673,15480576,Medium
2161,Residential,Urban,4800,3,RCC,Pile,0.595,1.436,1.533,4.45,104864,5,32.55,0.449,0,0.581,0.326,0.526,5745526,Low
2162,Commercial,Semi-Urban,3838,10,RCC,Raft,0.847,1.467,2.439,7.1,139849,2,34.82,0.057,36,0.85,0.891,0.845,9951745,Low
2163,Industrial,Rural,5987,10,RCC,Raft,0.703,1.341,2.303,6.62,198829,2,16.67,0.879,14,0.447,0.438,0.599,9486974,Low
2164,Industrial,Rural,4014,6,Hybrid,Raft,0.891,1.015,1.498,4.3,93122,2,37.06,0.564,10,0.426,0.72,0.726,7598350,Low
2165,Industrial,Rural,17643,1,Hybrid,Strip,0.854,1.068,1.395,8.3,166233,26,24.36,0.198,19,0.604,0.652,0.582,28956678,High
2166,Industrial,Rural,11780,13,Hybrid,Pile,0.596,1.137,1.011,5.76,160241,2,38.06,0.317,49,0.238,0.525,0.696,15223854,Medium
2167,Commercial,Urban,10807,11,RCC,Strip,0.781,0.812,0.86,3.76,17483,9,37.5,0.569,40,0.289,0.85,0.942,10753445,Low
2168,Industrial,Semi-Urban,10415,14,Hybrid,Pile,0.871,1.9,1.306,4.28,175859,29,34.77,0.374,59,0.842,0.136,0.807,29266482,High
2169,Industrial,Urban,11658,10,Hybrid,Raft,0.817,1.623,2.398,6.24,88687,12,35.75,0.233,32,0.595,0.921,0.574,44998868,High
2170,Residential,Urban,9121,3,RCC,Pile,0.8,1.628,2.43,5.03,34106,21,22.23,0.479,51,0.253,0.746,0.863,18552169,Medium
2171,Industrial,Urban,11047,8,Hybrid,Strip,0.87,1.487,2.181,8.11,123632,27,24.18,0.185,37,0.552,0.877,0.924,34031321,High
2172,Commercial,Rural,13985,5,RCC,Strip,0.528,1.627,1.396,5.97,178787,22,21.0,0.245,19,0.519,0.115,0.583,10685576,Low
2173,Commercial,Rural,2959,8,RCC,Pile,0.866,1.978,1.044,8.49,180895,20,23.86,0.827,57,0.397,0.176,0.872,4767866,Low
2174,Commercial,Rural,5773,2,RCC,Strip,0.636,1.262,1.812,3.61,190635,18,29.05,0.229,9,0.498,0.285,0.775,5528010,Low
2175,Commercial,Semi-Urban,18602,7,Steel,Raft,0.786,1.655,1.899,7.01,116439,3,36.6,0.695,31,0.351,0.634,0.802,37410296,High
2176,Industrial,Rural,9957,9,RCC,Pile,0.621,1.231,1.522,8.31,181608,19,28.68,0.25,35,0.559,0.183,0.97,11919152,Medium
2177,Industrial,Semi-Urban,5923,7,Hybrid,Raft,0.919,1.825,1.976,4.76,192375,16,32.42,0.212,49,0.527,0.938,0.518,21101562,Medium
2178,Commercial,Rural,18192,3,Hybrid,Raft,0.74,1.83,2.069,3.81,158364,11,18.39,0.251,58,0.686,0.774,0.819,43540248,High
2179,Commercial,Rural,17934,7,RCC,Strip,0.821,1.883,2.131,5.74,168638,27,38.49,0.468,11,0.954,0.827,0.541,36092832,High
2180,Industrial,Urban,5979,8,Steel,Pile,0.897,0.807,1.654,8.77,107996,26,29.58,0.146,57,0.348,0.625,0.895,13634046,Medium
2181,Commercial,Urban,15919,14,Steel,Raft,0.948,1.158,2.146,6.8,191586,24,34.4,0.107,24,0.534,0.668,0.948,44239202,High
2182,Residential,Urban,2749,1,Steel,Raft,0.866,0.961,0.843,6.86,126732,24,39.96,0.757,8,0.65,0.299,0.543,3390475,Low
2183,Commercial,Semi-Urban,3309,13,Hybrid,Pile,0.574,1.345,1.957,7.03,191228,15,36.49,0.023,48,0.638,0.919,0.513,7024070,Low
2184,Commercial,Semi-Urban,3421,13,Steel,Strip,0.927,1.395,1.201,3.24,74346,22,27.61,0.385,16,0.729,0.684,0.978,5997243,Low
2185,Residential,Rural,5176,3,Steel,Raft,0.809,1.107,1.26,5.67,27485,11,36.7,0.396,13,0.414,0.476,0.963,5358965,Low
2186,Residential,Semi-Urban,2917,5,RCC,Pile,0.805,1.668,0.955,3.47,5826,29,31.47,0.893,23,0.708,0.894,0.962,3962356,Low
2187,Industrial,Rural,17416,12,Steel,Pile,0.961,1.124,1.127,4.9,166609,10,33.25,0.774,40,0.361,0.877,0.97,34040870,High
2188,Industrial,Semi-Urban,13963,6,Steel,Raft,0.624,1.825,2.486,7.93,13481,27,30.93,0.511,58,0.3,0.1,0.75,28480560,High
2189,Residential,Semi-Urban,8667,3,Steel,Raft,0.62,1.013,1.506,6.94,25981,24,22.19,0.48,50,0.865,0.932,0.988,10257335,Low
2190,Residential,Semi-Urban,1969,4,RCC,Raft,0.757,1.241,2.377,8.97,167181,19,23.36,0.566,44,0.579,0.427,0.946,3402227,Low
2191,Industrial,Urban,7792,5,RCC,Strip,0.875,1.547,1.077,4.03,6080,23,28.96,0.358,2,0.518,0.48,0.549,13010771,Medium
2192,Commercial,Semi-Urban,7431,3,Steel,Strip,0.724,1.526,1.147,5.38,96767,5,36.85,0.701,49,0.943,0.177,0.906,10613330,Low
2193,Residential,Urban,1591,4,Hybrid,Pile,0.817,0.894,1.748,7.86,40876,14,26.31,0.686,40,0.768,0.89,0.856,3836448,Low
2194,Industrial,Urban,16863,5,Hybrid,Pile,0.726,1.816,1.394,4.29,188993,9,28.51,0.575,15,0.742,0.585,0.567,53238507,High
2195,Commercial,Semi-Urban,760,2,RCC,Raft,0.805,1.518,1.895,3.92,177498,25,24.23,0.058,17,0.355,0.915,0.869,1664326,Low
2196,Residential,Rural,10956,10,Steel,Pile,0.911,1.844,1.517,5.57,157351,21,15.45,0.127,38,0.367,0.803,0.742,20314394,Medium
2197,Commercial,Rural,13935,9,Hybrid,Strip,0.59,1.841,2.18,5.3,131739,6,31.09,0.039,49,0.586,0.908,0.927,24195173,High
2198,Industrial,Rural,9877,10,Steel,Pile,0.848,1.455,1.534,8.88,68613,1,29.15,0.719,13,0.722,0.953,0.909,26825647,High
2199,Residential,Semi-Urban,16313,8,RCC,Pile,0.894,1.893,1.773,5.74,19036,28,39.46,0.478,9,0.516,0.897,0.971,31907724,High
2200,Commercial,Rural,4801,12,Hybrid,Raft,0.724,1.818,1.346,8.17,184536,12,27.7,0.955,9,0.251,0.289,0.538,7299130,Low
2201,Residential,Urban,7707,6,RCC,Raft,0.662,1.95,1.997,8.33,29252,14,28.37,0.952,5,0.746,0.163,0.855,12540817,Medium
2202,Commercial,Rural,16976,10,Steel,Strip,0.507,1.821,1.913,3.95,7027,4,22.06,0.798,2,0.819,0.658,0.689,22098358,High
2203,Industrial,Semi-Urban,9056,11,RCC,Pile,0.899,1.785,1.475,7.29,196672,15,17.49,0.443,48,0.955,0.24,0.888,23261863,High
2204,Industrial,Rural,14295,3,RCC,Pile,0.664,1.363,1.269,4.67,90612,17,32.69,0.316,21,0.527,0.877,0.801,18837180,Medium
2205,Residential,Urban,6625,11,RCC,Pile,0.679,1.054,1.844,3.57,102331,20,35.21,0.201,1,0.406,0.953,0.748,8740009,Low
2206,Commercial,Semi-Urban,2424,2,RCC,Raft,0.668,1.893,2.403,8.25,180447,12,36.74,0.232,38,0.941,0.209,0.502,5185286,Low
2207,Residential,Rural,19979,7,Hybrid,Strip,0.749,1.667,1.025,4.75,113463,1,25.11,0.99,11,0.772,0.312,0.804,22809236,High
2208,Residential,Semi-Urban,7183,8,Steel,Pile,0.851,1.138,2.158,5.07,125714,13,32.59,0.53,56,0.251,0.663,0.71,14198430,Medium
2209,Commercial,Semi-Urban,19422,10,Hybrid,Pile,0.886,1.209,1.723,4.94,101669,10,21.57,0.012,0,0.664,0.753,0.666,50704215,High
2210,Commercial,Semi-Urban,19160,1,Steel,Pile,0.696,1.623,1.693,4.2,117955,4,21.32,0.044,51,0.223,0.561,0.994,35431370,High
2211,Commercial,Rural,13831,14,Steel,Pile,0.832,1.373,2.435,5.61,93209,6,39.89,0.459,36,0.381,0.432,0.85,30843863,High
2212,Industrial,Semi-Urban,10445,6,Steel,Strip,0.86,0.898,1.83,5.57,23636,9,36.24,0.443,12,0.257,0.375,0.77,16349002,Medium
2213,Residential,Rural,17794,7,Steel,Strip,0.648,0.97,2.212,5.45,121714,18,21.41,0.406,31,0.364,0.699,0.934,17188599,Medium
2214,Residential,Urban,806,13,Steel,Strip,0.548,1.695,1.675,8.5,66897,2,25.83,0.824,24,0.592,0.77,0.614,1174830,Low
2215,Industrial,Rural,4731,9,Hybrid,Raft,0.947,1.194,1.225,5.04,196150,6,29.12,0.703,50,0.439,0.36,0.81,8906033,Low
2216,Commercial,Urban,6528,12,Steel,Pile,0.839,1.409,1.981,3.18,186478,11,15.32,0.107,37,0.27,0.393,0.93,15244098,Medium
2217,Industrial,Rural,12707,3,RCC,Pile,0.824,1.72,2.369,4.07,195202,26,38.98,0.363,4,0.586,0.514,0.562,28438804,High
2218,Industrial,Semi-Urban,7158,2,Hybrid,Pile,0.529,1.701,2.23,7.33,128368,28,17.72,0.597,36,0.767,0.505,0.618,16161996,Medium
2219,Industrial,Rural,6836,5,Hybrid,Pile,0.909,1.0,1.137,6.55,82863,13,35.43,0.382,17,0.243,0.858,0.541,13340921,Medium
2220,Residential,Semi-Urban,14396,13,Steel,Strip,0.783,0.918,1.339,8.71,194163,6,39.4,0.208,9,0.906,0.493,0.996,17033376,Medium
2221,Industrial,Urban,10130,10,RCC,Raft,0.924,1.509,1.679,7.17,118855,12,32.61,0.628,52,0.722,0.981,0.79,30083034,High
2222,Residential,Rural,17756,1,RCC,Raft,0.987,1.69,1.772,4.17,199834,19,39.17,0.602,18,0.616,0.38,0.745,28892188,High
2223,Residential,Semi-Urban,1641,13,Steel,Pile,0.979,0.979,1.129,3.72,31198,18,15.49,0.975,33,0.517,0.724,0.669,2749217,Low
2224,Residential,Urban,17549,6,Steel,Strip,0.928,1.246,1.191,6.12,69239,19,23.86,0.561,29,0.515,0.783,0.725,26390070,High
2225,Commercial,Urban,8900,9,RCC,Raft,0.505,1.844,2.09,6.99,169195,28,26.91,0.874,31,0.468,0.667,0.888,13566885,Medium
2226,Residential,Rural,1451,10,Hybrid,Raft,0.943,1.933,2.042,3.99,60450,12,34.57,0.949,10,0.293,0.43,0.958,3266849,Low
2227,Residential,Urban,9749,9,Hybrid,Pile,0.538,1.345,2.227,6.61,113111,20,31.36,0.435,21,0.263,0.332,0.552,14516857,Medium
2228,Commercial,Semi-Urban,13436,7,Steel,Raft,0.926,0.895,2.386,8.19,98702,13,33.4,0.053,29,0.447,0.644,0.65,30407846,High
2229,Residential,Urban,14955,14,Hybrid,Pile,0.64,1.109,1.324,7.37,84926,20,18.62,0.143,0,0.734,0.693,0.595,23526734,High
2230,Industrial,Urban,5222,11,Hybrid,Strip,0.805,1.08,2.261,6.99,63059,23,36.12,0.504,5,0.431,0.332,0.718,12002809,Medium
2231,Industrial,Semi-Urban,13312,7,RCC,Pile,0.519,1.087,1.932,7.74,172770,4,35.56,0.893,13,0.85,0.403,0.765,17898825,Medium
2232,Residential,Urban,4508,8,Hybrid,Raft,0.886,1.393,2.428,3.62,160104,26,34.22,0.654,55,0.504,0.876,0.861,12069961,Medium
2233,Commercial,Urban,10560,10,RCC,Pile,0.556,1.5,1.263,4.22,108070,22,35.45,0.201,2,0.705,0.829,0.938,14539785,Medium
2234,Industrial,Urban,13556,14,Steel,Pile,0.705,0.947,1.258,3.23,10258,6,20.34,0.701,57,0.546,0.265,0.771,22935967,High
2235,Commercial,Urban,7155,2,Steel,Pile,0.909,1.867,1.997,3.87,148589,13,18.51,0.894,38,0.598,0.94,0.744,26083518,High
2236,Commercial,Semi-Urban,17655,14,RCC,Pile,0.848,1.544,2.378,8.48,196809,10,37.38,0.03,14,0.4,0.665,0.788,42674899,High
2237,Industrial,Urban,13527,6,RCC,Pile,0.503,1.517,2.202,4.33,167207,3,38.93,0.243,30,0.611,0.547,0.944,24838853,High
2238,Commercial,Semi-Urban,4530,5,Steel,Pile,0.702,1.985,2.036,6.97,95007,9,25.61,0.153,59,0.289,0.281,0.824,10467709,Low
2239,Industrial,Urban,1021,5,RCC,Raft,0.521,1.554,1.458,7.15,43871,15,26.17,0.784,18,0.509,0.757,0.894,1602756,Low
2240,Commercial,Urban,1900,13,Steel,Pile,0.837,1.915,2.02,6.87,190356,26,33.52,0.891,21,0.559,0.929,0.86,7089257,Low
2241,Industrial,Urban,12430,3,Steel,Raft,0.984,1.144,2.162,6.32,47642,5,27.37,0.555,6,0.763,0.158,0.962,37977094,High
2242,Residential,Urban,4223,3,Steel,Pile,0.828,1.088,2.081,5.92,166716,26,22.84,0.848,26,0.52,0.569,0.908,9305890,Low
2243,Industrial,Semi-Urban,7079,6,Steel,Strip,0.612,1.42,1.951,5.52,63790,25,19.75,0.657,34,0.732,0.889,0.671,12168735,Medium
2244,Industrial,Semi-Urban,18742,12,Steel,Pile,0.678,1.41,0.88,8.5,44956,26,15.57,0.657,42,0.34,0.957,0.927,29750452,High
2245,Industrial,Semi-Urban,5281,10,Steel,Raft,0.988,1.072,1.922,3.06,47479,22,29.69,0.58,4,0.22,0.165,0.734,10653168,Low
2246,Industrial,Rural,13373,13,Hybrid,Raft,0.612,1.64,1.613,3.32,9310,22,18.55,0.05,45,0.605,0.812,0.924,23097577,High
2247,Commercial,Urban,19282,10,Hybrid,Strip,0.781,0.836,2.435,5.96,157454,9,36.46,0.937,34,0.579,0.353,0.953,37299244,High
2248,Residential,Urban,17026,7,Steel,Pile,0.7,1.629,1.832,4.98,79067,29,39.57,0.356,35,0.736,0.587,0.843,34450978,High
2249,Industrial,Semi-Urban,11543,14,Hybrid,Strip,0.884,1.349,1.834,5.45,13303,26,26.44,0.803,36,0.451,0.805,0.859,25776843,High
2250,Commercial,Rural,16875,1,RCC,Pile,0.934,1.627,2.49,8.99,100209,15,17.89,0.81,59,0.224,0.591,0.571,40906772,High
2251,Residential,Urban,17601,14,RCC,Pile,0.67,1.372,0.959,7.65,66821,13,29.58,0.966,22,0.779,0.199,0.662,20784135,Medium
2252,Residential,Semi-Urban,1142,3,Steel,Raft,0.83,1.973,1.27,8.26,165845,21,29.35,0.327,35,0.954,0.631,0.779,2502174,Low
2253,Residential,Urban,19432,12,Hybrid,Strip,0.775,1.202,1.915,5.21,188961,3,18.33,0.997,3,0.515,0.206,0.502,31781761,High
2254,Residential,Urban,12385,1,RCC,Strip,0.639,1.979,1.336,4.44,74717,19,31.17,0.301,1,0.689,0.413,0.924,14005902,Medium
2255,Industrial,Semi-Urban,8049,10,RCC,Raft,0.636,0.878,1.388,7.61,124144,2,22.9,0.451,36,0.636,0.602,0.685,9398976,Low
2256,Industrial,Semi-Urban,13897,3,RCC,Raft,0.769,1.621,2.317,7.85,71019,18,36.14,0.706,34,0.653,0.992,0.862,35405226,High
2257,Commercial,Urban,15574,5,RCC,Strip,0.577,1.345,1.785,6.3,161528,14,29.7,0.155,45,0.894,0.754,0.885,21663585,Medium
2258,Commercial,Urban,14271,9,Hybrid,Raft,0.905,1.787,0.975,8.38,57254,22,25.82,0.266,3,0.789,0.373,0.774,37309551,High
2259,Commercial,Semi-Urban,1449,3,RCC,Pile,0.535,1.748,1.328,8.8,45295,24,39.08,0.728,58,0.816,0.889,0.895,2295161,Low
2260,Residential,Urban,17405,10,RCC,Strip,0.547,1.76,0.929,5.83,176290,13,27.28,0.974,59,0.272,0.304,0.841,13175694,Medium
2261,Residential,Urban,15232,14,RCC,Strip,0.671,0.914,1.745,4.34,126803,27,37.18,0.733,47,0.317,0.446,0.68,13447483,Medium
2262,Industrial,Semi-Urban,17238,10,Steel,Raft,0.559,1.787,1.095,6.1,160484,24,21.61,0.862,55,0.731,0.682,0.908,26059808,High
2263,Residential,Urban,18366,9,RCC,Pile,0.738,1.057,2.257,8.94,139363,8,26.04,0.037,3,0.632,0.47,0.818,31165509,High
2264,Residential,Urban,10339,1,RCC,Strip,0.7,0.831,1.781,4.76,72271,10,17.1,0.577,5,0.819,0.757,0.58,11529276,Medium
2265,Residential,Rural,13323,6,Hybrid,Strip,0.861,1.061,0.901,6.71,12280,23,25.57,0.914,50,0.274,0.686,0.886,12707003,Medium
2266,Commercial,Semi-Urban,19099,9,RCC,Pile,0.977,1.375,1.311,7.16,80276,2,37.36,0.682,16,0.653,0.701,0.838,38879969,High
2267,Commercial,Rural,19421,12,RCC,Raft,0.877,1.691,1.848,4.28,54998,10,35.74,0.676,3,0.589,0.478,0.642,35428407,High
2268,Industrial,Rural,15190,5,RCC,Raft,0.59,1.062,1.37,6.53,179984,27,39.39,0.203,21,0.884,0.15,0.921,15067011,Medium
2269,Residential,Rural,6839,11,Steel,Raft,0.968,0.936,1.672,4.89,53052,2,33.74,0.861,56,0.35,0.885,0.687,10428476,Low
2270,Residential,Urban,11456,14,Hybrid,Raft,0.696,1.575,2.346,8.13,5887,29,21.79,0.865,20,0.479,0.167,0.776,23854414,High
2271,Industrial,Urban,4265,10,Hybrid,Pile,0.737,1.981,1.395,7.29,129796,26,19.02,0.614,11,0.32,0.518,0.672,12417006,Medium
2272,Residential,Rural,3327,2,Steel,Pile,0.711,1.521,1.371,7.96,158963,23,19.49,0.427,6,0.561,0.372,0.862,4398228,Low
2273,Residential,Rural,2558,5,Steel,Strip,0.64,1.629,2.194,4.2,14503,4,31.53,0.824,47,0.905,0.367,0.791,3734486,Low
2274,Commercial,Rural,12019,1,Hybrid,Strip,0.948,1.473,1.342,3.21,156509,22,24.56,0.465,27,0.736,0.304,0.735,20850656,Medium
2275,Industrial,Urban,1230,9,RCC,Pile,0.666,1.739,0.933,8.1,40894,9,25.35,0.823,45,0.795,0.344,0.51,2434171,Low
2276,Industrial,Rural,2332,10,Hybrid,Strip,0.789,1.971,1.108,5.32,16506,21,36.51,0.485,12,0.275,0.96,0.804,4085786,Low
2277,Industrial,Rural,9100,13,Steel,Pile,0.62,1.453,2.413,4.08,195616,10,33.17,0.58,42,0.562,0.975,0.811,21316830,Medium
2278,Industrial,Semi-Urban,16118,10,RCC,Raft,0.899,1.3,2.387,3.55,140336,4,20.23,0.748,42,0.871,0.614,0.591,42646426,High
2279,Commercial,Semi-Urban,7670,9,Hybrid,Pile,0.887,1.832,1.182,6.1,6817,3,19.28,0.265,32,0.87,0.572,0.666,21334341,Medium
2280,Commercial,Urban,4679,6,RCC,Pile,0.648,1.964,1.741,3.9,106484,7,35.55,0.247,39,0.99,0.144,0.939,10406973,Low
2281,Residential,Semi-Urban,6799,11,RCC,Strip,0.841,0.955,1.034,6.4,59172,23,38.84,0.668,12,0.621,0.823,0.775,5817409,Low
2282,Residential,Semi-Urban,8330,9,Steel,Pile,0.852,1.494,1.947,7.36,188167,23,19.63,0.954,3,0.202,0.253,0.718,13892245,Medium
2283,Residential,Semi-Urban,11939,14,Hybrid,Raft,0.781,1.751,1.115,6.21,35033,16,38.79,0.446,55,0.919,0.228,0.968,20104342,Medium
2284,Residential,Urban,5302,3,Steel,Raft,0.8,1.44,0.885,8.42,43947,5,25.74,0.898,24,0.965,0.482,0.906,8609176,Low
2285,Commercial,Semi-Urban,7115,4,Hybrid,Strip,0.787,1.291,2.202,3.93,28251,13,37.64,0.518,50,0.942,0.413,0.549,15797898,Medium
2286,Industrial,Urban,7262,13,Hybrid,Strip,0.541,1.586,1.353,5.96,140008,10,33.77,0.974,19,0.818,0.187,0.929,11184016,Medium
2287,Commercial,Rural,6043,6,RCC,Pile,0.835,1.124,0.984,3.98,84187,24,37.63,0.792,37,0.37,0.233,0.575,6457708,Low
2288,Residential,Semi-Urban,5383,4,RCC,Strip,0.735,1.219,2.218,8.26,20490,27,31.13,0.86,34,0.311,0.993,0.587,6988330,Low
2289,Commercial,Urban,16239,1,RCC,Raft,0.719,1.991,2.096,8.59,43970,2,18.93,0.68,8,0.761,0.761,0.538,42615007,High
2290,Industrial,Semi-Urban,1166,7,Steel,Strip,0.93,1.564,1.962,5.4,125298,16,16.51,0.868,50,0.312,0.639,0.741,3147015,Low
2291,Industrial,Rural,776,5,RCC,Strip,0.512,1.848,2.349,4.83,164393,20,30.68,0.593,29,0.963,0.373,0.822,1360000,Low
2292,Commercial,Urban,14563,14,Steel,Raft,0.626,1.769,1.632,4.68,164493,1,16.46,0.567,38,0.557,0.486,0.877,27311081,High
2293,Commercial,Urban,1381,8,RCC,Pile,0.561,1.583,1.018,8.16,194599,6,20.9,0.874,22,0.225,0.665,0.513,1809390,Low
2294,Commercial,Urban,2560,9,Steel,Pile,0.518,1.809,0.904,7.09,188081,22,20.16,0.015,10,0.32,0.806,0.589,3646005,Low
2295,Residential,Rural,15177,5,Hybrid,Strip,0.638,1.145,1.341,8.28,107200,19,25.68,0.479,14,0.432,0.952,0.811,14950879,Medium
2296,Commercial,Rural,18966,8,Steel,Raft,0.994,1.565,0.948,3.71,163024,1,29.93,0.87,46,0.763,0.21,0.763,31354664,High
2297,Commercial,Rural,7202,13,Steel,Raft,0.635,1.509,1.71,5.86,81333,28,37.78,0.196,52,0.79,0.272,0.526,10130029,Low
2298,Commercial,Urban,9929,1,Steel,Raft,0.832,1.547,0.825,7.06,26466,5,38.4,0.958,21,0.37,0.611,0.968,16499091,Medium
2299,Industrial,Rural,16353,1,Hybrid,Pile,0.559,1.002,1.554,8.38,46303,12,39.56,0.741,16,0.719,0.945,0.879,25089462,High
2300,Industrial,Semi-Urban,658,7,Steel,Raft,0.801,1.133,1.103,5.29,159935,17,34.1,0.762,46,0.225,0.507,0.679,1341294,Low
2301,Residential,Rural,16496,6,Hybrid,Raft,0.992,1.144,1.426,4.88,174905,19,38.03,0.665,11,0.282,0.671,0.768,23293720,High
2302,Residential,Urban,5729,5,RCC,Pile,0.646,1.522,1.948,8.48,30210,8,34.77,0.447,50,0.628,0.364,0.687,9530951,Low
2303,Industrial,Semi-Urban,8456,14,RCC,Raft,0.924,1.967,1.397,3.29,132139,10,37.77,0.461,34,0.763,0.831,0.728,21535768,Medium
2304,Industrial,Rural,13066,5,Hybrid,Pile,0.999,1.945,1.38,5.88,25761,25,17.6,0.839,33,0.931,0.645,0.798,44962035,High
2305,Industrial,Semi-Urban,3026,14,Steel,Strip,0.794,1.073,2.484,5.75,184249,3,39.04,0.139,0,0.55,0.444,0.699,5977797,Low
2306,Commercial,Semi-Urban,8303,9,RCC,Strip,0.655,1.166,2.022,3.88,57075,9,20.86,0.522,56,0.296,0.588,0.81,9132682,Low
2307,Commercial,Urban,7074,1,Steel,Strip,0.837,0.843,1.674,5.37,93326,7,29.21,0.31,31,0.943,0.725,0.733,14168166,Medium
2308,Industrial,Semi-Urban,9233,8,Steel,Strip,0.922,1.279,1.785,7.34,149719,24,27.92,0.984,3,0.55,0.292,0.829,17354865,Medium
2309,Commercial,Semi-Urban,18022,2,Hybrid,Strip,0.586,1.802,1.854,5.2,97205,6,29.11,0.004,23,0.598,0.407,0.631,28885320,High
2310,Commercial,Urban,7757,7,RCC,Pile,0.726,1.899,0.842,4.86,190591,15,32.55,0.064,6,0.884,0.325,0.586,12725024,Medium
2311,Residential,Urban,3783,6,Hybrid,Pile,0.66,1.084,0.936,7.69,6433,13,28.49,0.967,11,0.669,0.964,0.507,5596133,Low
2312,Industrial,Urban,16409,10,Hybrid,Pile,0.642,1.119,1.904,8.93,99199,14,32.22,0.544,21,0.441,0.139,0.801,34535061,High
2313,Industrial,Semi-Urban,12302,2,Hybrid,Raft,0.93,1.065,1.42,7.68,113497,5,28.36,0.139,48,0.633,0.151,0.99,27336679,High
2314,Commercial,Semi-Urban,8396,12,Hybrid,Strip,0.711,1.22,0.894,8.08,6856,26,15.3,0.449,34,0.7,0.42,0.71,10347195,Low
2315,Industrial,Semi-Urban,19303,13,Steel,Raft,0.67,1.766,1.306,8.64,121220,29,30.68,0.323,20,0.912,0.584,0.606,39888928,High
2316,Residential,Urban,14026,3,RCC,Raft,0.802,1.576,1.021,7.81,195465,24,28.88,0.911,28,0.388,0.396,0.507,16963116,Medium
2317,Residential,Rural,18640,4,RCC,Raft,0.61,1.743,2.358,8.88,77397,28,29.65,0.688,48,0.648,0.871,0.756,25422607,High
2318,Residential,Semi-Urban,11778,7,RCC,Strip,0.615,1.5,1.145,7.48,181869,2,15.04,0.131,16,0.936,0.252,0.996,9938264,Low
2319,Industrial,Rural,13742,8,Steel,Raft,0.76,1.109,1.044,6.97,47830,7,26.72,0.536,27,0.236,0.428,0.992,17144243,Medium
2320,Industrial,Urban,19190,13,Steel,Strip,0.705,1.074,1.864,7.16,129607,1,36.87,0.134,41,0.356,0.539,0.551,33170983,High
2321,Industrial,Semi-Urban,3070,11,Hybrid,Strip,0.647,0.811,1.687,8.4,173803,16,23.31,0.665,46,0.477,0.282,0.908,4294605,Low
2322,Industrial,Rural,824,2,Hybrid,Strip,0.527,1.737,1.779,7.1,22879,7,26.12,0.727,40,0.743,0.361,0.587,1456907,Low
2323,Industrial,Semi-Urban,10221,8,Hybrid,Raft,0.76,1.817,1.541,7.57,81603,15,18.06,0.562,16,0.873,0.953,0.905,28031941,High
2324,Residential,Semi-Urban,6145,11,Hybrid,Strip,0.908,1.722,1.594,4.3,160736,6,26.26,0.966,3,0.359,0.568,0.927,11172104,Medium
2325,Commercial,Semi-Urban,18829,9,RCC,Strip,0.926,0.889,2.124,8.48,88848,20,24.89,0.944,55,0.397,0.883,0.504,31023669,High
2326,Residential,Rural,14904,7,Hybrid,Pile,0.618,1.715,1.174,5.68,63382,19,37.08,0.206,40,0.859,0.342,0.619,19749689,Medium
2327,Industrial,Urban,4986,1,Steel,Raft,0.8,0.855,1.474,3.97,147500,9,15.89,0.0,5,0.319,0.651,0.528,8465133,Low
2328,Residential,Semi-Urban,2930,6,Steel,Pile,0.928,0.927,2.428,7.8,94644,22,38.78,0.663,14,0.409,0.787,0.749,6273965,Low
2329,Industrial,Urban,17729,8,Steel,Pile,0.704,1.329,1.123,5.14,88787,6,29.41,0.476,43,0.786,0.479,0.513,37502578,High
2330,Industrial,Urban,13656,5,Hybrid,Raft,0.966,1.371,1.299,4.1,115491,29,28.24,0.335,23,0.333,0.662,0.813,33323164,High
2331,Residential,Rural,1067,12,RCC,Pile,0.951,1.779,1.126,4.54,85563,17,37.16,0.917,53,0.862,0.877,0.779,2089393,Low
2332,Industrial,Rural,2679,2,RCC,Strip,0.604,1.615,0.835,3.21,58057,5,19.78,0.979,7,0.592,0.227,0.69,2344678,Low
2333,Commercial,Urban,2519,5,Hybrid,Pile,0.629,0.984,1.259,3.54,26913,15,20.23,0.931,54,0.558,0.419,0.731,4113377,Low
2334,Industrial,Semi-Urban,16419,8,Hybrid,Pile,0.59,1.071,0.879,6.56,117275,28,36.86,0.5,40,0.308,0.842,0.995,20833917,Medium
2335,Commercial,Rural,19204,2,Steel,Strip,0.598,1.143,1.063,8.2,108384,7,38.24,0.703,26,0.744,0.308,0.584,18004958,Medium
2336,Commercial,Semi-Urban,18530,1,Steel,Pile,0.954,0.948,1.417,5.69,21852,14,35.95,0.172,30,0.907,0.601,0.866,40798342,High
2337,Industrial,Semi-Urban,4409,4,RCC,Strip,0.966,1.145,0.835,6.76,62984,20,16.03,0.951,8,0.754,0.494,0.823,6244019,Low
2338,Residential,Semi-Urban,8515,4,Steel,Raft,0.526,1.674,2.08,7.86,33507,28,31.3,0.284,17,0.454,0.698,0.832,11607642,Medium
2339,Commercial,Urban,3920,9,Steel,Pile,0.797,1.09,2.153,5.14,177468,18,26.28,0.193,52,0.759,0.701,0.673,10728639,Low
2340,Residential,Semi-Urban,15385,3,Hybrid,Raft,0.782,1.802,1.499,6.93,111469,29,35.2,0.06,59,0.608,0.621,0.608,27716335,High
2341,Commercial,Urban,17240,4,RCC,Pile,0.695,1.363,2.474,5.1,34725,25,18.95,0.55,1,0.883,0.952,0.825,43406933,High
2342,Industrial,Urban,7985,3,Hybrid,Strip,0.816,1.188,1.954,6.86,30531,22,38.01,0.948,21,0.568,0.258,0.956,18864358,Medium
2343,Industrial,Semi-Urban,19965,2,RCC,Pile,0.974,1.295,2.064,4.31,58769,25,23.39,0.136,19,0.39,0.852,0.988,49850521,High
2344,Commercial,Semi-Urban,19164,4,Hybrid,Raft,0.585,1.651,1.127,8.87,197108,24,23.08,0.121,55,0.281,0.54,0.74,23921819,High
2345,Industrial,Semi-Urban,4631,14,RCC,Strip,0.56,1.42,2.224,3.46,137757,17,19.46,0.273,41,0.425,0.696,0.713,6629435,Low
2346,Commercial,Semi-Urban,11152,8,Steel,Strip,0.517,0.809,2.407,6.03,119972,18,15.17,0.665,3,0.651,0.346,0.674,11938774,Medium
2347,Industrial,Urban,14879,1,RCC,Raft,0.682,1.907,1.202,4.72,173772,2,22.82,0.548,37,0.336,0.185,0.905,22897319,High
2348,Residential,Semi-Urban,15403,8,RCC,Raft,0.669,0.879,1.967,6.61,59663,29,18.71,0.096,43,0.232,0.8,0.628,14877439,Medium
2349,Industrial,Semi-Urban,16413,8,Hybrid,Pile,0.715,1.926,2.07,5.57,170002,18,33.45,0.442,12,0.559,0.327,0.757,47646359,High
2350,Residential,Urban,19671,3,RCC,Pile,0.752,0.834,1.319,4.84,165402,14,33.92,0.067,48,0.478,0.451,0.673,21817896,High
2351,Industrial,Rural,9970,14,RCC,Strip,0.879,1.725,1.608,4.5,130842,4,35.7,0.852,19,0.536,0.143,0.938,16289808,Medium
2352,Residential,Rural,17349,10,RCC,Raft,0.696,1.442,0.966,4.09,104875,7,15.14,0.107,51,0.563,0.685,0.641,14397134,Medium
2353,Industrial,Urban,12040,10,Hybrid,Raft,0.665,1.407,1.094,7.7,58161,7,23.79,0.471,5,0.813,0.719,0.843,25509028,High
2354,Residential,Rural,18371,12,RCC,Pile,0.913,0.887,0.905,4.33,83600,1,15.15,0.51,14,0.969,0.911,0.794,22631407,High
2355,Commercial,Urban,5097,12,Hybrid,Pile,0.925,1.086,1.752,7.64,124430,8,27.69,0.53,7,0.41,0.902,0.664,15315544,Medium
2356,Commercial,Semi-Urban,5036,6,Steel,Strip,0.616,1.733,1.863,5.91,183705,20,37.73,0.609,29,0.954,0.735,0.627,8945555,Low
2357,Residential,Semi-Urban,17209,13,Hybrid,Raft,0.657,1.87,2.357,3.43,150544,24,25.2,0.702,35,0.383,0.39,0.902,29898696,High
2358,Industrial,Rural,10457,13,RCC,Raft,0.913,1.435,1.722,3.99,113741,10,36.84,0.004,35,0.804,0.437,0.755,20473562,Medium
2359,Residential,Semi-Urban,4662,4,Steel,Raft,0.54,1.224,1.243,8.36,169396,9,38.69,0.031,2,0.745,0.444,0.806,4459797,Low
2360,Industrial,Rural,803,13,RCC,Raft,0.663,0.872,0.901,6.62,77085,7,20.95,0.612,26,0.242,0.217,0.981,801672,Low
2361,Commercial,Rural,5567,1,Hybrid,Pile,0.724,1.619,2.304,4.11,105304,3,15.25,0.182,29,0.78,0.953,0.699,16010467,Medium
2362,Industrial,Semi-Urban,5524,14,Steel,Pile,0.594,1.134,1.614,7.22,94678,12,33.49,0.832,58,0.921,0.836,0.907,10076916,Low
2363,Commercial,Semi-Urban,8215,1,Steel,Pile,0.59,0.866,2.053,7.94,89424,3,29.48,0.628,28,0.944,0.231,0.819,13279125,Medium
2364,Industrial,Rural,11726,5,Steel,Strip,0.712,1.599,0.825,4.98,76678,5,23.68,0.98,15,0.748,0.952,0.797,15905671,Medium
2365,Industrial,Semi-Urban,3131,12,RCC,Raft,0.877,1.383,1.63,6.34,108632,7,24.19,0.728,39,0.829,0.859,0.527,7370216,Low
2366,Industrial,Urban,13912,8,Steel,Pile,0.92,0.814,1.354,4.76,17511,12,17.02,0.091,37,0.257,0.927,0.956,29501967,High
2367,Residential,Semi-Urban,15537,1,Steel,Raft,0.99,0.933,0.852,3.48,39044,23,36.78,0.171,19,0.329,0.357,0.614,17179474,Medium
2368,Residential,Semi-Urban,12147,2,Steel,Pile,0.537,1.639,2.119,5.4,77863,25,21.05,0.047,44,0.41,0.402,0.737,16766704,Medium
2369,Commercial,Urban,13069,7,Steel,Strip,0.608,0.876,1.672,7.51,122954,17,17.43,0.741,15,0.625,0.523,0.876,16840039,Medium
2370,Commercial,Semi-Urban,2869,8,Hybrid,Pile,0.878,1.839,1.366,5.75,80128,14,34.49,0.127,20,0.509,0.302,0.761,6932477,Low
2371,Residential,Semi-Urban,12159,12,RCC,Strip,0.77,1.174,2.17,5.43,142359,3,27.13,0.664,17,0.726,0.519,0.502,16230922,Medium
2372,Commercial,Rural,1028,14,RCC,Raft,0.664,0.906,1.56,5.2,107529,1,34.07,0.555,40,0.557,0.108,0.975,1273340,Low
2373,Residential,Semi-Urban,11002,3,Steel,Pile,0.603,1.712,0.806,5.75,187259,22,37.55,0.633,55,0.82,0.89,0.51,13019674,Medium
2374,Industrial,Semi-Urban,5175,11,Hybrid,Pile,0.64,1.429,2.406,4.91,182602,28,24.55,0.509,30,0.771,0.246,0.545,13184704,Medium
2375,Commercial,Urban,18547,12,Steel,Pile,0.715,1.168,1.235,6.67,102320,26,16.36,0.013,1,0.798,0.551,0.612,34034610,High
2376,Commercial,Rural,2841,13,RCC,Raft,0.589,1.287,2.212,3.38,174650,23,21.33,0.253,23,0.863,0.936,0.799,4122396,Low
2377,Residential,Rural,14419,8,RCC,Strip,0.982,0.826,2.188,7.84,69525,18,16.28,0.885,5,0.867,0.839,0.986,20573233,Medium
2378,Commercial,Rural,15230,1,RCC,Strip,0.554,1.595,1.076,4.04,69461,14,18.73,0.929,45,0.824,0.799,0.961,13415242,Medium
2379,Commercial,Semi-Urban,15756,9,Steel,Pile,0.993,1.239,1.606,6.8,86328,25,36.22,0.097,16,0.253,0.645,0.826,36293872,High
2380,Industrial,Rural,5405,12,Steel,Raft,0.921,1.657,0.868,5.7,133743,13,38.54,0.953,25,0.699,0.493,0.871,10587103,Low
2381,Commercial,Urban,16039,2,Hybrid,Strip,0.712,1.554,1.403,7.64,145720,12,31.92,0.671,46,0.216,0.501,0.856,24622003,High
2382,Industrial,Rural,15755,14,Hybrid,Strip,0.87,1.582,2.043,7.96,165282,5,33.3,0.923,51,0.795,0.178,0.843,39033355,High
2383,Residential,Urban,9384,13,RCC,Strip,0.836,1.751,1.203,4.23,135896,3,33.29,0.401,36,0.249,0.158,0.906,11090251,Medium
2384,Commercial,Rural,9643,2,RCC,Strip,0.607,1.557,0.999,7.06,68910,14,18.08,0.102,1,0.987,0.859,0.67,8958706,Low
2385,Industrial,Rural,6450,4,Hybrid,Strip,0.67,1.302,1.662,4.14,178916,7,16.18,0.302,25,0.691,0.468,0.611,10265745,Low
2386,Residential,Urban,1860,12,RCC,Pile,0.757,1.268,1.713,3.74,171787,7,32.46,0.69,43,0.346,0.149,0.674,3023844,Low
2387,Commercial,Rural,5627,10,Hybrid,Pile,0.819,0.943,1.949,8.58,156636,17,15.94,0.795,36,0.575,0.697,0.524,11497432,Medium
2388,Residential,Rural,14752,3,Steel,Pile,0.771,1.735,2.091,3.99,174985,6,35.29,0.05,0,0.861,0.715,0.984,31695515,High
2389,Commercial,Rural,9230,4,RCC,Strip,0.736,1.713,1.983,4.37,50262,15,29.78,0.487,1,0.344,0.305,0.87,11273078,Medium
2390,Residential,Semi-Urban,4425,6,RCC,Strip,0.722,1.096,2.237,3.78,144675,19,17.84,0.064,32,0.629,0.47,0.607,5069863,Low
2391,Residential,Urban,8963,7,Hybrid,Strip,0.749,1.835,1.179,5.82,19936,15,31.48,0.864,10,0.203,0.616,0.628,13670325,Medium
2392,Industrial,Rural,17912,5,Steel,Pile,0.717,1.507,1.769,8.52,33569,7,30.16,0.476,29,0.831,0.637,0.996,40744186,High
2393,Residential,Urban,1742,2,RCC,Strip,0.771,1.374,1.412,4.58,149925,5,24.41,0.915,33,0.356,0.56,0.884,2341951,Low
2394,Commercial,Urban,9284,3,RCC,Pile,0.944,0.821,2.436,6.25,177040,15,35.44,0.079,26,0.51,0.428,0.713,20505239,Medium
2395,Commercial,Urban,10297,10,Hybrid,Strip,0.816,1.259,1.548,5.47,25791,20,22.62,0.33,42,0.624,0.162,0.603,20342673,Medium
2396,Industrial,Rural,6906,11,Steel,Pile,0.861,1.569,2.432,5.02,134847,13,24.45,0.677,33,0.316,0.12,0.52,18044642,Medium
2397,Commercial,Rural,14465,3,Hybrid,Raft,0.799,0.908,2.107,6.43,132804,26,32.42,0.294,6,0.941,0.514,0.835,27561579,High
2398,Commercial,Urban,14233,14,Steel,Strip,0.822,1.351,2.021,6.35,127668,7,33.8,0.842,38,0.575,0.283,0.89,30608487,High
2399,Commercial,Semi-Urban,18324,5,Steel,Strip,0.789,1.992,1.636,5.16,87419,13,21.84,0.987,38,0.385,0.945,0.554,34907708,High
2400,Residential,Urban,4126,12,Hybrid,Pile,0.513,1.66,1.554,8.1,126740,13,15.42,0.281,1,0.788,0.676,0.501,7232737,Low
2401,Residential,Semi-Urban,10574,11,Hybrid,Strip,1.0,1.456,1.695,3.32,48657,13,19.41,0.361,29,0.915,0.627,0.679,22703901,High
2402,Commercial,Urban,17068,12,Steel,Pile,0.517,1.44,1.299,3.51,173080,23,21.58,0.967,47,0.93,0.466,0.834,25314825,High
2403,Industrial,Urban,8531,5,Hybrid,Pile,0.698,0.853,2.338,8.94,42264,8,37.63,0.358,2,0.545,0.397,0.962,21710810,Medium
2404,Residential,Urban,3688,4,RCC,Raft,0.553,1.949,2.15,7.49,73510,5,37.34,0.556,1,0.488,0.262,0.94,5042831,Low
2405,Industrial,Rural,3445,8,RCC,Raft,0.548,1.914,2.162,7.82,63029,4,31.52,0.769,29,0.943,0.154,0.844,5828480,Low
2406,Commercial,Semi-Urban,7265,6,RCC,Strip,0.897,1.619,1.536,6.62,27064,17,32.73,0.438,36,0.242,0.671,0.907,11302422,Medium
2407,Commercial,Semi-Urban,19358,6,RCC,Strip,0.713,0.919,0.921,5.52,102881,20,30.53,0.373,28,0.8,0.801,0.678,18034285,Medium
2408,Residential,Urban,11307,1,RCC,Pile,0.901,1.049,1.961,6.78,97764,14,34.48,0.496,34,0.342,0.872,0.623,20994417,Medium
2409,Commercial,Rural,10704,6,Hybrid,Pile,0.636,1.021,1.437,3.56,151156,11,23.78,0.78,57,0.572,0.752,0.562,15342016,Medium
2410,Residential,Rural,9852,3,Steel,Pile,0.628,1.423,2.28,7.55,50841,10,28.67,0.312,37,0.963,0.907,0.591,17683050,Medium
2411,Commercial,Semi-Urban,5099,13,Hybrid,Pile,0.626,1.049,2.127,6.24,174930,1,31.77,0.351,21,0.665,0.985,0.981,11599579,Medium
2412,Commercial,Rural,4813,6,RCC,Strip,0.808,1.635,1.047,8.74,23698,7,26.71,0.189,58,0.619,0.966,0.965,6181499,Low
2413,Residential,Semi-Urban,2718,10,RCC,Raft,0.907,1.454,1.823,6.82,50561,6,34.32,0.702,36,0.249,0.633,0.523,4507552,Low
2414,Residential,Semi-Urban,14286,13,Hybrid,Strip,0.726,0.821,1.977,3.91,181088,7,38.31,0.899,17,0.422,0.302,0.735,16954186,Medium
2415,Residential,Semi-Urban,18036,11,Hybrid,Strip,0.69,1.693,1.766,5.87,154753,24,31.6,0.186,39,0.202,0.196,0.687,21969044,High
2416,Commercial,Rural,556,13,Steel,Strip,0.987,1.027,1.674,3.35,41447,15,16.87,0.035,44,0.9,0.995,0.826,1412401,Low
2417,Commercial,Semi-Urban,13033,6,RCC,Raft,0.558,1.79,1.187,7.47,55637,6,30.26,0.381,53,0.716,0.378,0.664,15315352,Medium
2418,Industrial,Semi-Urban,643,2,Hybrid,Strip,0.743,1.226,1.201,6.01,94048,18,32.41,0.41,33,0.294,0.131,0.64,1153341,Low
2419,Residential,Urban,7718,1,Steel,Raft,0.704,1.206,2.106,5.22,132631,2,22.08,0.646,59,0.491,0.452,0.905,13106223,Medium
2420,Commercial,Semi-Urban,9059,11,RCC,Pile,0.549,0.814,0.832,8.81,46096,9,23.04,0.086,44,0.849,0.773,0.974,7958435,Low
2421,Commercial,Semi-Urban,1115,3,RCC,Strip,0.634,1.985,2.124,8.64,130507,6,29.88,0.821,48,0.312,0.902,0.601,2139938,Low
2422,Residential,Urban,8562,5,RCC,Pile,0.514,1.534,1.696,8.72,181300,22,32.68,0.574,37,0.384,0.53,0.618,9921276,Low
2423,Industrial,Urban,12020,4,Hybrid,Pile,0.938,1.307,2.392,4.33,39817,17,36.79,0.546,29,0.633,0.365,0.71,50138291,High
2424,Residential,Rural,6477,7,RCC,Pile,0.804,0.916,2.495,7.37,108542,24,34.06,0.316,1,0.316,0.801,0.853,8924865,Low
2425,Industrial,Semi-Urban,11919,4,RCC,Strip,0.908,1.639,1.928,8.67,38624,11,18.35,0.365,19,0.506,0.553,0.584,24911038,High
2426,Commercial,Rural,10280,8,Steel,Pile,0.761,1.139,1.501,6.43,198009,24,23.7,0.055,43,0.986,0.177,0.734,17312109,Medium
2427,Industrial,Rural,11181,7,Hybrid,Strip,0.8,1.986,1.608,4.28,186367,4,18.72,0.754,15,0.635,0.899,0.92,27633797,High
2428,Commercial,Urban,7484,10,Steel,Pile,0.85,1.941,1.147,7.91,7837,7,33.92,0.605,3,0.761,0.69,0.617,21637897,Medium
2429,Residential,Rural,5471,9,Hybrid,Strip,0.954,1.682,0.969,8.28,37120,15,21.66,0.976,47,0.731,0.133,0.524,8127245,Low
2430,Residential,Semi-Urban,1444,1,RCC,Strip,0.546,1.965,1.784,7.22,102220,25,18.09,0.354,12,0.369,0.108,0.953,1394225,Low
2431,Residential,Urban,9614,5,Steel,Strip,0.665,0.927,2.169,4.76,37688,27,17.41,0.666,13,0.877,0.179,0.894,11999621,Medium
2432,Industrial,Semi-Urban,7578,13,Hybrid,Pile,0.855,1.136,1.245,4.14,44753,29,17.86,0.92,8,0.298,0.84,0.849,15114246,Medium
2433,Commercial,Semi-Urban,18630,4,Hybrid,Strip,0.979,1.104,1.513,6.75,132830,17,21.18,0.712,43,0.937,0.533,0.544,38270776,High
2434,Residential,Urban,12812,6,RCC,Pile,0.99,0.886,1.743,5.9,171106,12,34.56,0.04,13,0.373,0.402,0.95,21401543,Medium
2435,Residential,Semi-Urban,6283,1,RCC,Raft,0.819,1.967,2.343,7.01,37733,13,20.94,0.632,10,0.964,0.324,0.653,13283828,Medium
2436,Commercial,Urban,10251,6,Steel,Pile,0.597,0.872,1.036,3.67,93246,21,22.03,0.545,57,0.838,0.556,0.606,13010943,Medium
2437,Residential,Semi-Urban,7407,1,Steel,Pile,0.56,1.828,1.203,3.82,64907,13,37.02,0.499,9,0.337,0.175,0.744,7018450,Low
2438,Commercial,Urban,19810,14,Hybrid,Strip,0.973,1.722,2.362,5.18,144833,8,26.06,0.553,29,0.328,0.655,0.961,63007218,High
2439,Commercial,Rural,17973,14,Steel,Pile,0.717,1.251,0.867,4.55,87117,7,27.72,0.461,6,0.268,0.442,0.997,20257239,Medium
2440,Commercial,Semi-Urban,3457,1,RCC,Raft,0.597,0.823,1.915,6.72,139517,29,15.07,0.692,56,0.398,0.873,0.807,3871163,Low
2441,Commercial,Urban,19496,8,Steel,Strip,0.967,0.807,1.887,5.21,59714,26,17.05,0.015,5,0.727,0.779,0.978,41548039,High
2442,Commercial,Semi-Urban,6547,2,Steel,Pile,0.552,1.045,1.452,7.1,130977,4,33.51,0.189,16,0.616,0.117,0.727,7420063,Low
2443,Industrial,Semi-Urban,6749,10,Hybrid,Pile,0.865,1.393,1.596,7.61,114001,3,23.34,0.365,12,0.691,0.25,0.515,19744287,Medium
2444,Residential,Semi-Urban,16847,13,RCC,Strip,0.813,1.349,2.253,4.12,134136,17,18.74,0.453,58,0.225,0.527,0.638,20892523,Medium
2445,Industrial,Urban,4259,14,Hybrid,Strip,0.544,1.502,1.08,8.52,147020,16,25.72,0.13,46,0.264,0.693,0.651,6059466,Low
2446,Residential,Rural,4763,6,RCC,Pile,0.669,1.726,1.194,7.72,197422,19,16.13,0.82,57,0.754,0.744,0.891,6456950,Low
2447,Industrial,Rural,10781,14,RCC,Pile,0.575,1.253,1.671,6.76,93423,2,32.73,0.929,59,0.878,0.835,0.562,16835612,Medium
2448,Commercial,Rural,2402,6,Hybrid,Strip,0.802,0.992,1.497,8.45,190728,21,17.0,0.751,55,0.488,0.144,0.587,3451949,Low
2449,Residential,Urban,3067,6,Steel,Strip,0.739,1.76,1.776,4.6,159721,14,16.37,0.929,3,0.333,0.117,0.807,4563413,Low
2450,Residential,Rural,10690,8,Hybrid,Raft,0.502,1.199,2.365,5.53,28855,16,25.49,0.743,25,0.447,0.64,0.565,11535509,Medium
2451,Industrial,Urban,8575,4,Steel,Raft,0.988,1.144,2.359,3.51,13903,17,29.68,0.441,31,0.53,0.751,0.748,28901866,High
2452,Industrial,Semi-Urban,3494,3,Hybrid,Raft,0.675,1.717,1.191,5.74,34716,4,34.1,0.393,55,0.704,0.808,0.518,7475939,Low
2453,Residential,Semi-Urban,5729,6,Hybrid,Strip,0.629,1.921,1.314,6.04,66113,8,16.77,0.166,2,0.528,0.24,0.834,6851823,Low
2454,Industrial,Rural,2510,4,Steel,Strip,0.611,1.898,1.076,6.7,165022,9,23.37,0.086,10,0.918,0.972,0.954,4153960,Low
2455,Industrial,Urban,7877,2,Steel,Strip,0.579,0.965,2.377,3.38,86866,16,21.71,0.22,53,0.521,0.306,0.937,12135361,Medium
2456,Industrial,Semi-Urban,13536,6,Steel,Pile,1.0,1.404,1.476,3.19,193623,16,33.59,0.532,19,0.345,0.325,0.537,35194026,High
2457,Commercial,Urban,17714,10,Hybrid,Strip,0.648,0.911,1.564,5.52,117218,17,24.24,0.135,57,0.399,0.239,0.796,22431949,High
2458,Commercial,Urban,548,5,Steel,Pile,0.703,1.953,2.164,4.13,198286,3,30.7,0.951,51,0.572,0.139,0.552,2071700,Low
2459,Industrial,Semi-Urban,4710,11,Steel,Strip,0.936,1.058,1.672,7.55,72888,22,27.23,0.219,28,0.826,0.829,0.527,10720270,Low
2460,Industrial,Urban,18062,9,Steel,Strip,0.821,1.037,1.004,7.01,46951,21,29.24,0.834,1,0.896,0.105,0.805,29103812,High
2461,Commercial,Semi-Urban,15338,11,RCC,Pile,0.684,1.867,1.544,4.95,191108,28,24.14,0.819,42,0.348,0.517,0.786,23123319,High
2462,Commercial,Semi-Urban,16538,6,Steel,Strip,0.949,1.961,1.872,3.27,172266,17,20.98,0.141,3,0.203,0.183,0.547,32779552,High
2463,Residential,Semi-Urban,8378,14,Steel,Strip,0.875,1.637,2.023,4.09,195494,18,16.49,0.711,31,0.896,0.14,0.68,15702372,Medium
2464,Residential,Urban,16954,3,Steel,Strip,0.614,0.945,1.897,7.15,144388,18,19.34,0.824,48,0.383,0.941,0.658,20286589,Medium
2465,Commercial,Semi-Urban,15847,11,RCC,Raft,0.822,1.383,1.003,8.94,181558,23,19.32,0.884,48,0.857,0.843,0.671,24106823,High
2466,Industrial,Urban,8379,5,RCC,Strip,0.961,1.78,1.317,4.96,22244,6,38.37,0.954,20,0.641,0.455,0.667,18126100,Medium
2467,Industrial,Semi-Urban,18661,10,Steel,Pile,0.748,1.487,2.047,7.81,6314,29,38.43,0.93,16,0.523,0.513,0.912,43953183,High
2468,Industrial,Semi-Urban,13754,8,Steel,Pile,0.867,0.959,2.296,8.2,75090,6,21.4,0.311,44,0.317,0.881,0.677,35036967,High
2469,Industrial,Rural,7880,9,Steel,Pile,0.986,1.006,0.88,3.29,104361,1,17.64,0.268,12,0.738,0.817,0.665,14256765,Medium
2470,Residential,Rural,2728,8,Steel,Strip,0.845,1.837,0.872,8.5,110190,29,22.04,0.398,31,0.855,0.722,0.515,3772877,Low
2471,Commercial,Rural,10314,3,RCC,Pile,0.551,1.432,1.894,5.8,111425,16,34.91,0.465,50,0.569,0.583,0.895,13110648,Medium
2472,Industrial,Urban,9388,9,Steel,Raft,0.622,1.647,1.732,8.79,131478,17,36.77,0.234,2,0.557,0.647,0.83,20406501,Medium
2473,Residential,Urban,6891,3,RCC,Pile,0.798,1.248,1.064,6.23,86741,4,27.53,0.086,41,0.804,0.454,0.671,9333855,Low
2474,Industrial,Semi-Urban,9929,8,Hybrid,Strip,0.638,1.439,1.732,4.41,65230,16,28.5,0.657,47,0.6,0.575,0.726,17134730,Medium
2475,Commercial,Semi-Urban,19290,10,RCC,Raft,0.979,1.973,2.457,8.85,162008,26,26.47,0.174,51,0.828,0.586,0.897,60353493,High
2476,Residential,Semi-Urban,1137,9,Hybrid,Pile,0.703,1.196,1.873,4.46,151601,22,19.57,0.915,30,0.243,0.878,0.672,2220746,Low
2477,Commercial,Semi-Urban,17833,7,RCC,Raft,0.729,1.61,1.564,8.29,178201,27,16.24,0.288,30,0.886,0.297,0.737,26941499,High
2478,Commercial,Urban,10596,4,RCC,Pile,0.851,1.007,2.207,4.04,170413,22,30.53,0.198,0,0.41,0.322,0.51,20507541,Medium
2479,Residential,Semi-Urban,4087,10,RCC,Strip,0.762,0.946,1.162,7.05,13511,21,34.97,0.194,27,0.335,0.29,0.959,3238539,Low
2480,Residential,Semi-Urban,1611,9,Steel,Raft,0.691,1.74,1.504,5.47,126884,20,33.73,0.289,22,0.226,0.621,0.686,2346759,Low
2481,Residential,Rural,8867,3,RCC,Pile,0.538,1.813,1.697,8.83,111866,2,37.51,0.612,51,0.867,0.726,0.648,11345333,Medium
2482,Residential,Semi-Urban,1222,3,Steel,Pile,0.798,1.602,1.658,4.11,55960,23,35.34,0.978,54,0.248,0.315,0.805,2247542,Low
2483,Residential,Semi-Urban,5366,2,RCC,Raft,0.934,0.99,2.366,5.45,48423,12,22.19,0.486,4,0.964,0.709,0.763,10122052,Low
2484,Residential,Semi-Urban,10639,10,RCC,Raft,0.843,1.089,1.298,6.84,198650,16,17.92,0.6,0,0.652,0.665,0.7,12891951,Medium
2485,Residential,Urban,17586,3,Hybrid,Raft,0.691,1.893,0.896,8.87,60379,6,25.77,0.843,15,0.759,0.389,0.961,28054529,High
2486,Industrial,Rural,2628,1,RCC,Raft,0.564,1.146,2.358,4.82,104920,16,23.71,0.334,10,0.78,0.307,0.681,3572188,Low
2487,Commercial,Semi-Urban,9618,4,Steel,Pile,0.908,1.783,1.169,5.38,66357,7,33.21,0.18,35,0.434,0.894,0.999,21740930,Medium
2488,Residential,Semi-Urban,3017,8,Hybrid,Pile,0.971,1.143,1.444,5.77,107982,14,16.7,0.434,36,0.845,0.613,0.895,6903378,Low
2489,Industrial,Rural,18033,5,Hybrid,Pile,0.694,1.927,1.703,4.52,141050,3,38.58,0.319,15,0.957,0.734,0.952,50792268,High
2490,Industrial,Semi-Urban,14728,2,RCC,Strip,0.864,1.897,2.459,7.9,100287,1,38.93,0.866,58,0.496,0.933,0.641,39763682,High
2491,Industrial,Urban,14679,3,RCC,Raft,0.705,0.852,1.71,3.55,74436,17,17.21,0.978,11,0.868,0.285,0.535,22290521,High
2492,Commercial,Semi-Urban,18762,1,Hybrid,Pile,0.751,1.724,1.561,7.23,138341,20,25.85,0.688,29,0.818,0.415,0.71,45033138,High
2493,Residential,Urban,10175,2,Steel,Raft,0.918,1.003,1.792,6.2,145197,4,37.48,0.654,43,0.672,0.491,0.657,19388582,Medium
2494,Industrial,Urban,809,1,RCC,Raft,0.542,1.058,2.45,4.45,173168,7,19.68,0.714,3,0.494,0.31,0.53,1349711,Low
2495,Commercial,Semi-Urban,4452,2,Hybrid,Pile,0.765,1.352,2.191,5.96,154681,29,32.31,0.468,54,0.532,0.856,0.536,11419703,Medium
2496,Commercial,Rural,19933,3,Steel,Raft,0.607,1.492,1.087,7.98,86993,7,32.78,0.629,48,0.446,0.175,0.587,20667090,Medium
2497,Commercial,Urban,14371,1,RCC,Raft,0.67,1.191,2.166,5.67,110759,4,20.84,0.071,40,0.541,0.315,0.689,22320866,High
2498,Industrial,Rural,10192,11,Hybrid,Raft,0.822,1.49,2.23,3.73,192256,7,15.15,0.493,37,0.992,0.272,0.968,28990205,High
2499,Residential,Semi-Urban,515,9,Hybrid,Raft,0.514,1.005,1.974,3.24,55521,8,31.61,0.332,59,0.491,0.958,0.829,907756,Low
2500,Industrial,Urban,17489,10,RCC,Raft,0.797,0.827,1.917,7.67,121143,9,30.43,0.053,7,0.732,0.665,0.699,33781313,High
2501,Industrial,Semi-Urban,16505,5,Steel,Pile,0.642,1.485,1.549,4.98,81544,22,31.24,0.545,7,0.456,0.745,0.9,29787177,High
2502,Residential,Rural,14778,8,Steel,Pile,0.835,1.421,1.891,8.59,129774,15,18.91,0.36,56,0.573,0.198,0.784,26415805,High
2503,Residential,Semi-Urban,15317,5,Hybrid,Raft,0.571,1.628,2.054,6.7,132093,4,30.09,0.591,20,0.267,0.275,0.709,20637360,Medium
2504,Residential,Semi-Urban,10259,8,Steel,Raft,0.868,1.58,1.009,5.62,121953,26,28.54,0.513,39,0.811,0.829,0.572,16344444,Medium
2505,Commercial,Urban,16164,7,Hybrid,Raft,0.823,1.877,1.237,6.39,143781,18,26.31,0.276,7,0.729,0.611,0.964,42720397,High
2506,Residential,Semi-Urban,6912,12,RCC,Strip,0.986,1.351,1.13,5.74,31376,25,34.42,0.54,28,0.478,0.141,0.812,6992209,Low
2507,Industrial,Semi-Urban,10696,4,Steel,Raft,0.956,0.81,2.23,8.43,160929,12,24.71,0.379,14,0.62,0.609,0.72,26922025,High
2508,Residential,Semi-Urban,9007,7,RCC,Strip,0.642,1.557,1.956,5.75,164017,23,23.83,0.921,13,0.898,0.528,0.719,11383860,Medium
2509,Industrial,Urban,5320,6,Hybrid,Strip,0.514,1.61,1.566,3.62,185937,6,28.53,0.376,37,0.236,0.238,0.883,7610060,Low
2510,Commercial,Rural,8335,3,RCC,Strip,0.828,1.426,2.204,6.58,12465,4,38.6,0.04,9,0.944,0.634,0.59,15012146,Medium
2511,Industrial,Rural,2349,9,Steel,Pile,0.801,1.627,2.019,6.74,69095,4,23.61,0.764,26,0.577,0.256,0.709,6097414,Low
2512,Industrial,Semi-Urban,14087,12,RCC,Strip,0.514,1.188,2.353,7.59,159662,18,26.13,0.964,39,0.888,0.83,0.532,19756279,Medium
2513,Residential,Urban,2453,10,Steel,Raft,0.561,0.979,0.931,8.6,10436,1,21.66,0.169,52,0.889,0.657,0.54,2548907,Low
2514,Residential,Semi-Urban,19653,13,Steel,Raft,0.792,1.597,1.666,5.66,69814,21,31.99,0.973,26,0.247,0.884,0.763,29261115,High
2515,Industrial,Rural,13231,9,Steel,Pile,0.956,1.094,2.001,5.11,96049,6,24.1,0.617,41,0.825,0.482,0.69,35936423,High
2516,Residential,Urban,19930,14,Steel,Pile,0.953,1.348,1.153,5.94,5815,26,32.32,0.847,39,0.786,0.561,0.86,40321826,High
2517,Commercial,Rural,7340,5,Steel,Raft,0.576,1.39,1.356,8.4,55927,9,18.64,0.473,57,0.235,0.785,0.993,8521178,Low
2518,Commercial,Rural,5566,8,Hybrid,Pile,0.692,1.373,1.512,8.88,15419,17,21.59,0.623,34,0.952,0.592,0.93,10894727,Low
2519,Residential,Urban,2915,7,RCC,Pile,0.522,1.518,2.15,8.83,127016,21,20.16,0.841,35,0.708,0.615,0.721,4190102,Low
2520,Commercial,Urban,2889,9,Hybrid,Strip,0.735,0.835,1.639,4.38,43044,11,34.44,0.983,10,0.334,0.598,0.689,4152905,Low
2521,Residential,Semi-Urban,16711,7,RCC,Strip,0.877,1.988,1.638,5.98,133914,29,17.24,0.185,12,0.298,0.542,0.793,21222926,Medium
2522,Industrial,Semi-Urban,1263,4,RCC,Pile,0.895,1.66,1.533,4.56,123481,21,21.3,0.899,34,0.65,0.825,0.546,3356978,Low
2523,Industrial,Rural,17699,4,RCC,Raft,0.749,1.31,1.189,5.21,64775,9,27.68,0.667,52,0.247,0.537,0.994,20235451,Medium
2524,Commercial,Urban,6755,11,Hybrid,Strip,0.548,1.03,2.369,3.19,57066,11,17.2,0.947,20,0.332,0.911,0.99,10213426,Low
2525,Residential,Urban,17761,8,Steel,Raft,0.691,0.896,1.34,3.96,176630,27,15.28,0.318,36,0.959,0.828,0.961,24258942,High
2526,Residential,Semi-Urban,7673,6,Steel,Pile,0.966,1.607,1.765,5.38,195747,4,32.28,0.243,43,0.796,0.723,0.831,20959973,Medium
2527,Commercial,Rural,11018,9,Hybrid,Raft,0.615,1.18,1.053,5.19,150381,13,30.34,0.366,11,0.691,0.909,0.752,13168922,Medium
2528,Industrial,Rural,10752,14,Steel,Raft,0.66,1.075,1.538,4.67,129681,29,15.21,0.884,49,0.367,0.583,0.853,12647967,Medium
2529,Commercial,Semi-Urban,12947,10,RCC,Raft,0.873,1.256,2.336,4.38,15690,19,16.21,0.46,24,0.375,0.84,0.657,25527161,High
2530,Industrial,Urban,15589,14,Steel,Raft,0.867,1.512,2.492,7.49,109809,3,20.48,0.951,27,0.557,0.318,0.926,53734002,High
2531,Residential,Semi-Urban,9895,7,Steel,Pile,0.956,1.606,1.415,4.77,6167,22,37.65,0.242,54,0.803,0.166,0.567,20143036,Medium
2532,Industrial,Semi-Urban,12567,7,Steel,Pile,0.694,1.574,1.062,7.24,166891,27,31.32,0.221,43,0.203,0.717,0.902,21118788,Medium
2533,Commercial,Semi-Urban,19707,4,RCC,Strip,0.757,1.836,1.335,5.21,13448,1,35.13,0.678,55,0.235,0.371,0.934,23639904,High
2534,Residential,Semi-Urban,5787,3,Steel,Strip,0.734,1.063,1.356,7.81,159961,17,33.99,0.292,17,0.896,0.671,0.585,7421821,Low
2535,Commercial,Urban,13961,8,Steel,Strip,0.964,1.564,1.896,4.0,7435,17,39.58,0.129,9,0.851,0.17,0.739,34931787,High
2536,Commercial,Semi-Urban,13902,7,Steel,Strip,0.885,0.921,1.643,3.95,128011,7,38.75,0.376,57,0.756,0.96,0.946,25147055,High
2537,Industrial,Urban,7933,4,Hybrid,Raft,0.916,1.458,2.106,7.08,7674,14,16.68,0.266,38,0.6,0.564,0.98,27407861,High
2538,Commercial,Semi-Urban,11784,13,Hybrid,Strip,0.567,1.501,1.992,8.49,40219,5,15.57,0.413,2,0.316,0.109,0.906,15194241,Medium
2539,Industrial,Rural,5326,4,Steel,Strip,0.896,1.059,1.227,3.86,58566,14,27.43,0.187,4,0.282,0.528,0.97,7331944,Low
2540,Residential,Urban,4164,1,Hybrid,Raft,0.716,1.27,2.133,3.44,148826,11,21.79,0.957,54,0.924,0.811,0.968,9527869,Low
2541,Industrial,Rural,11028,11,Hybrid,Pile,0.512,1.793,2.241,8.61,30378,25,27.61,0.802,11,0.506,0.879,0.99,23618566,High
2542,Residential,Semi-Urban,997,7,RCC,Strip,0.53,0.978,1.817,3.7,145076,28,17.27,0.841,13,0.757,0.515,0.707,929260,Low
2543,Industrial,Semi-Urban,8141,1,Hybrid,Pile,0.839,1.321,2.377,4.5,85952,27,37.72,0.298,44,0.565,0.213,0.643,23922588,High
2544,Commercial,Semi-Urban,5143,10,Hybrid,Strip,0.686,1.919,2.131,8.58,102656,3,34.35,0.857,40,0.785,0.916,0.816,13794388,Medium
2545,Industrial,Urban,5556,10,Steel,Pile,0.934,1.405,1.812,7.82,91679,6,28.8,0.591,31,0.355,0.983,0.594,19279136,Medium
2546,Industrial,Rural,631,4,RCC,Strip,0.867,1.67,2.34,5.06,19611,7,26.63,0.057,41,0.588,0.157,0.779,1376947,Low
2547,Residential,Urban,5943,11,RCC,Pile,0.511,1.792,1.821,8.73,46457,19,26.71,0.153,32,0.501,0.17,0.79,7156906,Low
2548,Commercial,Urban,17741,14,RCC,Pile,0.843,1.045,1.686,6.41,27427,9,30.41,0.446,5,0.396,0.609,0.903,33461388,High
2549,Industrial,Semi-Urban,13943,3,Hybrid,Strip,0.596,1.062,1.406,3.43,56704,2,28.63,0.394,29,0.678,0.581,0.681,18696720,Medium
2550,Commercial,Rural,9212,11,Steel,Pile,0.711,1.71,2.301,7.22,78879,28,27.06,0.795,5,0.63,0.63,0.801,19809363,Medium
2551,Industrial,Semi-Urban,8721,3,RCC,Strip,0.812,1.704,1.009,6.22,155739,12,31.98,0.874,30,0.597,0.385,0.952,12280083,Medium
2552,Industrial,Urban,16160,12,RCC,Strip,0.936,0.872,1.605,6.44,93343,7,34.12,0.865,1,0.673,0.145,0.711,26859319,High
2553,Commercial,Semi-Urban,6647,1,Hybrid,Raft,0.728,1.187,1.714,8.96,129229,10,31.07,0.375,25,0.314,0.622,0.786,11586010,Medium
2554,Industrial,Rural,12088,4,RCC,Strip,0.904,1.278,1.743,3.92,71933,20,24.78,0.636,47,0.496,0.236,0.894,16826594,Medium
2555,Commercial,Semi-Urban,5104,14,Steel,Strip,0.891,1.795,1.908,6.94,24196,15,25.36,0.497,31,0.46,0.407,0.625,10956822,Low
2556,Industrial,Rural,9952,1,RCC,Strip,0.707,1.306,1.66,5.75,169120,25,17.46,0.889,56,0.815,0.624,0.552,13149121,Medium
2557,Residential,Rural,18442,14,Steel,Strip,0.75,1.911,1.237,4.63,126311,23,25.36,0.889,4,0.229,0.288,0.841,18966718,Medium
2558,Commercial,Semi-Urban,16899,13,Steel,Raft,0.85,1.996,2.257,7.16,116056,24,34.64,0.054,45,0.426,0.588,0.685,47055328,High
2559,Industrial,Urban,4105,13,Steel,Raft,0.516,1.737,1.918,7.01,176600,27,16.66,0.572,47,0.935,0.743,0.691,9102388,Low
2560,Industrial,Semi-Urban,13784,8,Hybrid,Raft,0.945,1.6,2.259,8.14,145740,26,19.39,0.503,40,0.44,0.159,0.965,42345451,High
2561,Residential,Urban,2107,1,Hybrid,Raft,0.885,1.27,1.269,8.27,185496,19,36.07,0.77,42,0.322,0.658,0.704,4145314,Low
2562,Commercial,Urban,12209,12,Steel,Pile,0.625,0.88,1.883,6.37,168385,6,29.2,0.196,15,0.806,0.558,0.977,21818968,High
2563,Industrial,Semi-Urban,2516,14,Steel,Strip,0.991,1.488,2.014,4.95,143696,20,31.78,0.695,51,0.238,0.188,0.553,5736401,Low
2564,Residential,Urban,4074,6,RCC,Raft,0.59,1.234,1.452,6.18,33563,13,23.04,0.739,11,0.541,0.736,0.671,4138644,Low
2565,Industrial,Urban,14041,7,RCC,Strip,0.957,1.221,2.181,5.16,143578,20,27.22,0.027,14,0.884,0.38,0.846,34356367,High
2566,Commercial,Semi-Urban,7774,10,RCC,Raft,0.662,1.625,0.804,4.66,72262,12,34.04,0.431,20,0.963,0.264,0.563,8368953,Low
2567,Industrial,Semi-Urban,10435,14,Hybrid,Strip,0.882,1.356,1.811,6.31,198658,18,36.9,0.979,36,0.399,0.354,0.694,22910337,High
2568,Industrial,Semi-Urban,16248,12,RCC,Pile,0.728,1.703,1.843,6.95,123887,16,39.36,0.301,20,0.437,0.592,0.926,34326100,High
2569,Industrial,Urban,6906,2,Steel,Raft,0.868,1.278,1.708,6.54,194522,11,36.28,0.885,24,0.654,0.622,0.881,17955763,Medium
2570,Industrial,Rural,12326,4,Steel,Pile,0.578,0.981,1.871,8.73,141300,26,16.69,0.587,16,0.381,0.253,0.641,15755605,Medium
2571,Residential,Urban,17972,11,Hybrid,Pile,0.635,1.354,1.084,4.79,143359,25,23.58,0.297,7,0.321,0.943,0.678,24589082,High
2572,Residential,Rural,1861,14,Hybrid,Strip,0.55,1.941,1.964,5.23,47435,11,33.72,0.836,54,0.541,0.396,0.753,2568782,Low
2573,Commercial,Semi-Urban,4973,3,RCC,Raft,0.933,1.762,1.371,7.01,9997,1,25.45,0.991,29,0.258,0.341,0.866,8655474,Low
2574,Residential,Rural,7819,13,Hybrid,Pile,0.648,1.047,1.568,6.6,69739,1,25.91,0.742,32,0.915,0.268,0.576,9902459,Low
2575,Residential,Semi-Urban,9167,13,Steel,Strip,0.847,1.27,1.366,3.01,174226,7,34.86,0.061,1,0.467,0.208,0.764,10324306,Low
2576,Commercial,Semi-Urban,9981,9,Steel,Strip,0.91,1.913,1.606,4.87,161564,26,35.84,0.052,32,0.469,0.984,0.537,22449149,High
2577,Residential,Rural,9020,14,Hybrid,Strip,0.951,0.948,1.857,4.52,187206,7,34.79,0.492,51,0.833,0.707,0.699,15680101,Medium
2578,Residential,Semi-Urban,18070,7,Steel,Pile,0.553,1.105,2.225,8.04,159095,4,23.87,0.006,27,0.473,0.808,0.595,23040010,High
2579,Commercial,Rural,4036,2,Hybrid,Strip,0.947,1.115,1.622,8.2,189536,14,20.7,0.676,25,0.809,0.461,0.655,8018218,Low
2580,Commercial,Semi-Urban,2273,11,Steel,Strip,0.599,1.485,1.349,4.7,130213,24,23.97,0.016,40,0.345,0.473,0.666,2812343,Low
2581,Commercial,Urban,10755,12,RCC,Strip,0.868,1.293,1.63,3.61,118624,5,32.53,0.973,0,0.623,0.988,0.885,19797283,Medium
2582,Industrial,Urban,3058,6,Hybrid,Pile,0.864,0.896,1.971,4.23,119034,22,24.12,0.881,34,0.815,0.281,0.633,9300882,Low
2583,Industrial,Semi-Urban,5579,9,Hybrid,Strip,0.504,1.555,1.389,4.06,127428,12,16.38,0.815,47,0.56,0.394,0.832,6968867,Low
2584,Commercial,Semi-Urban,14841,12,Hybrid,Pile,0.61,0.919,1.504,4.42,23429,4,35.02,0.812,42,0.257,0.276,0.767,18273370,Medium
2585,Commercial,Rural,10481,3,Steel,Strip,0.746,1.528,1.757,4.41,120357,3,16.59,0.834,38,0.79,0.354,0.902,15824105,Medium
2586,Commercial,Urban,4024,14,RCC,Pile,0.71,1.408,1.3,5.88,109427,18,39.9,0.434,19,0.595,0.697,0.661,6386914,Low
2587,Industrial,Rural,9498,11,Hybrid,Pile,0.959,1.392,1.155,4.92,118837,24,36.54,0.792,12,0.453,0.378,0.997,21070053,Medium
2588,Industrial,Semi-Urban,14197,6,Steel,Raft,0.68,0.881,1.039,6.36,64323,27,38.91,0.367,30,0.994,0.888,0.648,19506708,Medium
2589,Residential,Semi-Urban,19550,14,Hybrid,Raft,0.968,1.567,1.399,5.06,64665,5,35.83,0.848,37,0.901,0.144,0.79,40096449,High
2590,Residential,Rural,14106,3,Steel,Raft,0.73,1.318,0.882,7.89,148091,26,17.53,0.618,22,0.23,0.419,0.816,11488470,Medium
2591,Commercial,Semi-Urban,13929,3,RCC,Pile,0.982,1.293,1.792,8.7,135528,6,25.47,0.358,11,0.675,0.875,0.769,33178075,High
2592,Industrial,Urban,16539,4,Steel,Strip,0.869,1.516,1.099,5.42,97844,14,37.7,0.745,5,0.484,0.659,0.929,32957575,High
2593,Industrial,Rural,7640,9,Steel,Strip,0.915,1.527,1.442,3.3,64450,6,17.27,0.243,23,0.23,0.794,0.556,13260960,Medium
2594,Industrial,Urban,9285,11,Hybrid,Pile,0.552,0.818,1.258,4.44,101674,20,22.63,0.965,33,0.209,0.391,0.799,11861334,Medium
2595,Commercial,Urban,15401,13,Steel,Strip,0.793,0.95,1.872,3.61,72181,25,26.68,0.665,32,0.667,0.432,0.753,26184647,High
2596,Residential,Urban,3780,8,Hybrid,Pile,0.571,1.084,2.246,5.07,8441,23,26.25,0.401,6,0.456,0.899,0.709,6407504,Low
2597,Commercial,Rural,2712,1,Steel,Strip,0.649,1.614,1.877,6.87,136991,12,38.6,0.551,50,0.763,0.775,0.673,4661368,Low
2598,Residential,Semi-Urban,15713,13,RCC,Pile,0.812,1.492,1.722,6.11,176222,28,24.88,0.738,13,0.564,0.446,0.576,24972417,High
2599,Residential,Urban,8578,12,Steel,Raft,0.863,1.709,1.937,4.46,174266,26,20.97,0.797,35,0.813,0.294,0.825,19264139,Medium
2600,Commercial,Urban,16436,11,Hybrid,Raft,0.52,1.689,0.851,7.6,18710,12,26.12,0.975,15,0.85,0.196,0.559,21688662,Medium
2601,Residential,Urban,17497,1,Steel,Strip,0.765,1.824,1.009,3.79,66439,29,24.9,0.209,45,0.726,0.876,0.915,26980745,High
2602,Residential,Semi-Urban,14774,7,Steel,Strip,0.783,1.252,0.961,4.37,103715,8,30.58,0.504,22,0.534,0.728,0.724,16112375,Medium
2603,Industrial,Semi-Urban,1368,3,RCC,Strip,0.539,1.214,0.967,7.06,45187,23,39.85,0.091,17,0.991,0.647,0.803,1313185,Low
2604,Residential,Rural,17695,14,Hybrid,Strip,0.75,1.797,1.243,4.18,66737,20,28.79,0.082,28,0.445,0.799,0.539,22148108,High
2605,Commercial,Semi-Urban,16542,11,RCC,Raft,0.857,1.085,1.704,7.07,166788,25,26.56,0.104,6,0.612,0.923,0.547,28558757,High
2606,Commercial,Rural,15907,7,Steel,Raft,0.527,1.353,0.995,8.86,188523,2,29.85,0.26,3,0.616,0.785,0.618,15853823,Medium
2607,Residential,Rural,16754,9,RCC,Pile,0.88,1.033,2.39,7.99,40626,5,39.49,0.696,24,0.543,0.479,0.89,26979451,High
2608,Industrial,Rural,2244,3,Steel,Strip,0.788,1.897,2.252,3.96,101975,18,30.62,0.861,32,0.297,0.259,0.743,4621229,Low
2609,Industrial,Rural,2756,3,Steel,Raft,0.917,1.289,2.452,6.12,112716,24,18.07,0.436,50,0.483,0.742,0.655,7387054,Low
2610,Residential,Rural,12359,2,RCC,Pile,0.609,1.055,0.872,5.53,48250,25,37.82,0.555,23,0.372,0.322,0.925,7637547,Low
2611,Residential,Urban,5923,10,RCC,Pile,0.917,1.63,2.247,8.95,73286,3,29.77,0.206,22,0.92,0.804,0.596,17739206,Medium
2612,Commercial,Semi-Urban,5589,1,Steel,Pile,0.547,1.094,2.166,8.79,76850,16,18.95,0.791,49,0.724,0.405,0.63,8975406,Low
2613,Residential,Urban,7108,9,RCC,Raft,0.702,1.932,2.334,3.76,54905,5,20.76,0.888,20,0.43,0.241,0.888,12351401,Medium
2614,Industrial,Rural,10217,6,RCC,Pile,0.6,1.241,1.698,8.45,153942,9,18.01,0.486,38,0.653,0.329,0.514,13484174,Medium
2615,Residential,Semi-Urban,18353,6,Steel,Strip,0.938,1.598,2.139,4.16,50313,6,39.02,0.161,20,0.883,0.34,0.61,39103044,High
2616,Commercial,Urban,19559,8,Hybrid,Pile,0.852,1.214,0.887,4.92,68959,19,16.77,0.005,57,0.948,0.441,0.761,46171002,High
2617,Commercial,Urban,18397,11,RCC,Pile,0.513,1.769,0.929,5.12,37716,22,34.11,0.536,47,0.26,0.332,0.958,17244071,Medium
2618,Commercial,Rural,5376,5,RCC,Raft,0.505,1.876,1.002,4.72,148510,25,23.44,0.498,26,0.83,0.303,0.633,4812755,Low
2619,Commercial,Urban,18335,9,Hybrid,Pile,0.646,1.746,2.355,8.12,133381,27,17.03,0.926,16,0.973,0.453,0.607,56925488,High
2620,Commercial,Urban,3507,11,RCC,Raft,0.572,1.818,0.904,4.98,145704,27,25.85,0.036,52,0.574,0.881,0.987,4617271,Low
2621,Residential,Urban,14825,5,Steel,Raft,0.815,0.922,0.97,7.9,8371,16,15.01,0.149,25,0.996,0.163,0.762,19207257,Medium
2622,Residential,Urban,3624,2,RCC,Strip,0.832,1.909,2.382,8.97,52340,26,35.43,0.198,18,0.966,0.367,0.531,8253835,Low
2623,Residential,Urban,2253,6,Steel,Pile,0.971,1.549,0.983,8.04,124960,7,28.55,0.547,32,0.726,0.606,0.638,5453265,Low
2624,Residential,Rural,18496,9,Hybrid,Strip,0.976,1.843,2.279,5.08,19754,4,26.29,0.285,57,0.878,0.887,0.767,50224582,High
2625,Commercial,Rural,3775,3,Hybrid,Strip,0.829,1.621,2.142,7.27,36296,16,35.73,0.206,58,0.437,0.356,0.536,8081860,Low
2626,Industrial,Urban,9247,10,Hybrid,Pile,0.503,1.042,0.868,6.2,102706,20,27.98,0.514,47,0.934,0.414,0.846,11848312,Medium
2627,Residential,Rural,12943,4,RCC,Pile,0.679,1.531,0.837,7.72,51531,17,29.88,0.041,51,0.674,0.818,0.761,13369614,Medium
2628,Industrial,Rural,18933,10,Hybrid,Raft,0.757,0.909,1.708,3.92,102469,19,35.37,0.975,6,0.608,0.435,0.855,31019020,High
2629,Residential,Semi-Urban,1324,11,RCC,Pile,0.75,1.635,2.495,6.83,187430,28,33.01,0.861,30,0.869,0.866,0.671,3252630,Low
2630,Residential,Urban,14380,8,RCC,Raft,0.802,1.291,2.294,7.64,152355,25,31.48,0.272,38,0.912,0.51,0.71,26733313,High
2631,Industrial,Rural,11541,6,RCC,Strip,0.98,0.982,1.327,7.57,113426,17,32.6,0.336,14,0.761,0.612,0.964,16623159,Medium
2632,Commercial,Rural,19914,13,Hybrid,Strip,0.943,1.975,1.457,8.78,150439,13,21.57,0.246,1,0.22,0.605,0.605,40818273,High
2633,Residential,Urban,1581,7,Hybrid,Raft,0.554,1.881,1.459,3.35,23753,2,17.93,0.928,44,0.678,0.207,0.52,2544969,Low
2634,Residential,Semi-Urban,12017,7,RCC,Pile,0.633,1.872,2.048,5.07,35779,2,30.57,0.653,1,0.857,0.419,0.991,19724483,Medium
2635,Residential,Urban,17376,4,Hybrid,Pile,0.917,1.747,1.38,5.86,176005,24,20.6,0.521,16,0.636,0.317,0.504,44499671,High
2636,Industrial,Semi-Urban,5264,12,RCC,Raft,0.912,1.63,1.051,4.86,143418,22,16.19,0.509,33,0.948,0.715,0.944,10191159,Low
2637,Commercial,Urban,8766,6,Hybrid,Strip,0.638,1.586,2.07,4.86,41538,23,21.36,0.166,46,0.918,0.94,0.913,21213096,Medium
2638,Industrial,Urban,11683,12,Steel,Raft,0.865,0.927,1.579,4.06,179284,27,33.01,0.963,45,0.624,0.291,0.744,23719692,High
2639,Industrial,Urban,17212,9,Hybrid,Pile,0.836,1.881,0.931,7.88,94488,4,32.71,0.915,24,0.523,0.182,0.853,45990191,High
2640,Commercial,Urban,13377,3,Hybrid,Pile,0.737,1.857,2.143,8.45,38859,16,37.58,0.952,47,0.244,0.556,0.553,38382177,High
2641,Industrial,Semi-Urban,10482,8,Hybrid,Raft,0.601,1.697,1.795,3.49,116838,27,31.88,0.291,10,0.706,0.452,0.882,20870276,Medium
2642,Commercial,Semi-Urban,9468,7,RCC,Pile,0.944,1.913,1.632,3.93,163117,4,25.99,0.477,43,0.413,0.132,0.892,19129467,Medium
2643,Residential,Rural,15139,4,RCC,Strip,0.839,1.464,1.945,4.37,94919,20,21.51,0.519,8,0.735,0.929,0.526,20951838,Medium
2644,Commercial,Urban,5174,10,Steel,Raft,0.584,1.337,1.659,6.05,96522,12,33.96,0.49,6,0.839,0.946,0.749,8970190,Low
2645,Residential,Semi-Urban,4816,13,Steel,Strip,0.852,1.962,1.902,7.75,116594,22,25.3,0.019,10,0.527,0.865,0.974,9705656,Low
2646,Industrial,Semi-Urban,15814,3,Steel,Strip,0.871,1.357,2.275,3.43,116925,28,35.39,0.833,50,0.212,0.352,0.976,31371448,High
2647,Industrial,Semi-Urban,10195,14,RCC,Raft,0.943,1.57,1.843,6.82,104147,28,36.29,0.747,55,0.892,0.21,0.992,25345936,High
2648,Residential,Urban,16314,7,Steel,Raft,0.611,1.248,1.921,3.9,134707,29,23.79,0.475,3,0.639,0.633,0.828,22684477,High
2649,Industrial,Rural,8879,10,Steel,Pile,0.994,1.564,1.844,8.83,158809,29,23.6,0.267,36,0.452,0.353,0.571,23970150,High
2650,Commercial,Semi-Urban,1714,9,Hybrid,Pile,0.577,1.664,1.703,8.39,22261,20,37.84,0.635,25,0.707,0.282,0.706,3252372,Low
2651,Residential,Urban,12138,12,Steel,Raft,0.8,1.55,1.092,8.7,164690,14,24.93,0.138,52,0.74,0.677,0.863,22046899,High
2652,Industrial,Semi-Urban,11213,10,Hybrid,Raft,0.829,1.417,1.371,3.64,43868,1,32.67,0.997,33,0.318,0.775,0.642,24457823,High
2653,Residential,Semi-Urban,16477,3,RCC,Pile,0.709,1.16,1.978,5.93,142584,17,24.45,0.125,15,0.717,0.575,0.905,22629166,High
2654,Commercial,Rural,12571,10,RCC,Pile,0.738,1.573,1.523,3.99,99019,24,33.28,0.058,40,0.429,0.388,0.931,16977979,Medium
2655,Commercial,Semi-Urban,3636,9,Hybrid,Pile,0.945,1.89,1.49,6.6,39329,18,19.34,0.612,46,0.843,0.561,0.882,11475447,Medium
2656,Industrial,Semi-Urban,7118,13,Steel,Raft,0.823,0.808,2.091,4.4,92367,12,35.9,0.463,29,0.953,0.64,0.671,16085887,Medium
2657,Commercial,Urban,5765,8,RCC,Raft,0.749,0.961,0.809,7.62,178143,25,39.58,0.719,53,0.282,0.147,0.871,5411909,Low
2658,Residential,Urban,8465,12,Hybrid,Pile,0.564,0.944,1.954,6.86,56306,10,34.14,0.128,45,0.934,0.499,0.536,14199344,Medium
2659,Commercial,Rural,10097,3,RCC,Strip,0.504,1.908,1.632,6.43,21587,24,23.98,0.364,15,0.923,0.638,0.668,10560214,Low
2660,Residential,Urban,9208,8,RCC,Strip,0.562,1.595,1.44,7.95,26060,15,28.88,0.501,5,0.474,0.217,0.883,8760282,Low
2661,Residential,Urban,7069,12,Steel,Pile,0.978,1.942,1.379,6.0,81367,17,31.74,0.447,32,0.223,0.504,0.897,16223628,Medium
2662,Commercial,Rural,18375,4,RCC,Raft,0.882,1.499,1.094,4.62,27463,26,19.82,0.583,49,0.731,0.412,0.659,24510620,High
2663,Industrial,Semi-Urban,5713,6,Hybrid,Raft,0.984,1.354,1.368,6.72,51748,11,22.07,0.102,14,0.476,0.881,0.98,16185415,Medium
2664,Commercial,Rural,12381,12,Steel,Strip,0.518,1.751,1.465,8.74,156165,24,35.04,0.504,19,0.353,0.54,0.637,12663149,Medium
2665,Residential,Urban,4728,10,Hybrid,Pile,0.84,0.993,1.544,6.61,118632,25,38.63,0.555,11,0.287,0.484,0.83,8154947,Low
2666,Residential,Rural,4909,2,Hybrid,Strip,0.522,1.258,1.943,6.78,100080,20,21.81,0.881,23,0.357,0.319,0.939,4371544,Low
2667,Commercial,Semi-Urban,1090,8,Hybrid,Strip,0.891,1.36,1.571,8.61,93890,7,18.69,0.571,39,0.39,0.962,0.776,2578234,Low
2668,Industrial,Rural,19940,13,Steel,Pile,0.69,1.158,2.154,6.09,116128,20,39.54,0.547,31,0.837,0.965,0.706,44856436,High
2669,Industrial,Urban,19090,9,RCC,Strip,0.548,1.246,1.888,8.98,116559,29,23.0,0.812,40,0.827,0.43,0.606,25424137,High
2670,Residential,Urban,3208,7,Hybrid,Raft,0.784,0.894,1.122,3.96,101282,19,34.46,0.065,32,0.596,0.936,0.598,4780008,Low
2671,Residential,Rural,6481,8,RCC,Strip,0.64,1.038,1.271,6.22,79261,11,24.48,0.648,47,0.643,0.657,0.579,4588523,Low
2672,Industrial,Semi-Urban,12721,7,RCC,Pile,0.83,1.203,0.935,4.28,59214,1,38.73,0.812,45,0.934,0.803,0.722,22652021,High
2673,Commercial,Rural,17631,11,Hybrid,Raft,0.829,1.755,2.408,5.72,112235,18,29.99,0.095,11,0.926,0.181,0.774,48359579,High
2674,Residential,Semi-Urban,14285,10,RCC,Raft,0.853,1.019,2.307,4.02,96950,23,25.38,0.812,14,0.863,0.119,0.92,20372741,Medium
2675,Residential,Semi-Urban,7053,4,Steel,Strip,0.996,1.216,0.944,4.34,184403,22,19.46,0.787,58,0.499,0.563,0.609,8577146,Low
2676,Industrial,Rural,18381,1,Steel,Raft,0.693,0.878,1.776,4.26,150273,15,21.39,0.001,59,0.493,0.168,0.878,24262413,High
2677,Commercial,Semi-Urban,1879,3,RCC,Pile,0.733,1.469,2.433,4.92,23696,13,36.42,0.246,7,0.91,0.903,0.847,4586770,Low
2678,Industrial,Urban,7860,7,RCC,Strip,0.902,1.534,2.07,3.81,163577,24,16.42,0.151,3,0.941,0.838,0.817,21093689,Medium
2679,Commercial,Rural,4270,11,Steel,Raft,0.789,1.839,1.636,7.86,46333,27,18.92,0.511,26,0.839,0.743,0.67,9051555,Low
2680,Commercial,Semi-Urban,14949,11,RCC,Pile,0.519,1.783,1.21,4.32,49908,16,19.82,0.914,36,0.806,0.128,0.659,15721633,Medium
2681,Commercial,Urban,9588,7,RCC,Strip,0.922,1.142,1.274,5.5,24042,19,16.77,0.603,57,0.647,0.513,0.879,14378956,Medium
2682,Residential,Rural,2046,11,RCC,Pile,0.526,0.964,2.052,3.1,98606,6,32.14,0.602,52,0.471,0.17,0.637,1891533,Low
2683,Industrial,Urban,6708,13,RCC,Raft,0.585,0.987,2.127,3.63,70106,28,39.53,0.123,13,0.393,0.936,0.665,10106995,Low
2684,Industrial,Urban,16850,3,Hybrid,Strip,0.551,1.963,1.699,8.38,156771,22,18.48,0.666,58,0.312,0.651,0.983,31457051,High
2685,Commercial,Urban,9375,1,RCC,Strip,0.539,1.608,1.006,8.02,186724,28,34.97,0.888,38,0.783,0.241,0.999,9351079,Low
2686,Residential,Semi-Urban,1795,10,Steel,Raft,0.513,0.851,2.388,8.05,102178,16,19.41,0.429,14,0.822,0.605,0.501,2131834,Low
2687,Residential,Rural,16361,9,Hybrid,Pile,0.528,0.964,2.236,5.47,50679,18,39.34,0.682,18,0.487,0.207,0.843,17281559,Medium
2688,Industrial,Rural,14473,12,Hybrid,Raft,0.721,1.383,1.039,3.85,170852,1,27.68,0.295,52,0.205,0.231,0.768,18928183,Medium
2689,Residential,Semi-Urban,18269,6,Steel,Strip,0.626,1.049,0.896,3.65,146216,18,36.19,0.269,13,0.951,0.173,0.73,14138574,Medium
2690,Residential,Rural,14981,13,RCC,Strip,0.563,1.764,1.711,6.63,76391,9,19.26,0.185,6,0.55,0.885,0.638,13581905,Medium
2691,Commercial,Urban,17826,13,Hybrid,Raft,0.829,1.488,1.283,7.97,29575,13,37.13,0.242,5,0.98,0.591,0.754,43770033,High
2692,Residential,Rural,3780,12,Hybrid,Pile,0.613,1.535,1.282,8.4,182001,16,17.04,0.343,33,0.742,0.395,0.728,4968761,Low
2693,Commercial,Semi-Urban,14097,7,RCC,Raft,0.509,1.355,0.948,4.73,101266,22,15.57,0.567,23,0.299,0.101,0.701,9137442,Low
2694,Industrial,Urban,17917,1,RCC,Pile,0.709,1.107,2.421,4.93,169370,19,32.72,0.781,24,0.462,0.525,0.925,37159108,High
2695,Residential,Semi-Urban,3286,1,Steel,Pile,0.655,1.507,2.211,3.61,123835,26,17.66,0.29,40,0.726,0.561,0.635,6097615,Low
2696,Industrial,Urban,2733,4,Hybrid,Strip,0.659,1.66,0.994,7.65,149588,23,36.65,0.168,24,0.719,0.403,0.799,4923830,Low
2697,Industrial,Urban,2120,7,RCC,Pile,0.723,1.245,2.29,4.65,24086,1,30.53,0.45,49,0.386,0.536,0.932,5396871,Low
2698,Residential,Rural,4035,14,RCC,Strip,0.834,1.406,1.961,5.89,63921,29,23.27,0.79,46,0.341,0.191,0.99,4217195,Low
2699,Residential,Urban,3382,11,Steel,Pile,0.808,1.808,1.353,8.57,166123,8,21.93,0.389,14,0.421,0.93,0.801,7749795,Low
2700,Industrial,Semi-Urban,17054,11,Hybrid,Pile,0.969,0.978,2.281,7.51,6631,10,17.05,0.913,41,0.83,0.333,0.76,55986075,High
2701,Residential,Rural,10245,8,RCC,Strip,0.759,1.454,1.817,3.32,160301,7,32.17,0.248,2,0.393,0.954,0.92,11088066,Medium
2702,Commercial,Semi-Urban,4397,10,Steel,Pile,0.736,1.218,2.243,3.05,128775,3,37.93,0.758,35,0.761,0.544,0.594,10170021,Low
2703,Commercial,Urban,16361,9,Hybrid,Raft,0.607,1.643,1.598,7.72,96468,13,33.92,0.468,1,0.896,0.871,0.815,34422120,High
2704,Residential,Semi-Urban,3337,1,Hybrid,Pile,0.878,0.823,1.651,6.32,55771,20,30.48,0.107,21,0.513,0.619,0.532,5793098,Low
2705,Industrial,Semi-Urban,9099,4,Hybrid,Strip,0.57,1.605,1.295,7.32,119480,11,17.97,0.281,27,0.206,0.86,0.83,13263067,Medium
2706,Residential,Urban,16411,4,Hybrid,Strip,0.746,0.923,1.459,3.94,154326,23,35.69,0.858,31,0.314,0.109,0.898,17587685,Medium
2707,Residential,Rural,7221,3,Steel,Raft,0.711,0.878,1.765,8.23,171086,20,39.13,0.006,38,0.45,0.268,0.532,7549370,Low
2708,Industrial,Semi-Urban,17563,7,RCC,Pile,0.829,1.67,2.41,7.64,145726,5,21.57,0.756,24,0.352,0.419,0.924,47568355,High
2709,Industrial,Urban,5987,1,Hybrid,Raft,0.959,1.568,1.82,8.35,97074,13,25.51,0.811,0,0.432,0.367,0.562,20138320,Medium
2710,Commercial,Rural,15621,9,Hybrid,Pile,0.973,1.874,1.051,5.05,125881,12,15.35,0.12,43,0.635,0.952,0.588,39885361,High
2711,Industrial,Rural,736,13,RCC,Raft,0.584,1.424,0.812,4.65,121051,16,35.8,0.962,22,0.217,0.455,0.918,751119,Low
2712,Commercial,Rural,12129,8,Hybrid,Strip,0.631,1.436,2.247,3.91,116227,17,15.52,0.872,4,0.251,0.975,0.562,18543490,Medium
2713,Industrial,Semi-Urban,12049,2,Hybrid,Strip,0.906,1.648,1.419,8.58,8602,14,27.16,0.179,47,0.885,0.686,0.837,32591208,High
2714,Residential,Semi-Urban,2923,2,RCC,Raft,0.759,1.188,1.335,4.06,46818,21,29.41,0.241,34,0.618,0.852,0.647,3303751,Low
2715,Commercial,Semi-Urban,13406,8,RCC,Pile,0.727,0.844,2.161,3.72,98329,26,16.39,0.818,10,0.948,0.454,0.624,21404378,Medium
2716,Commercial,Rural,15488,11,Hybrid,Pile,0.855,1.076,2.407,4.16,32184,10,19.39,0.546,14,0.203,0.271,0.825,31095279,High
2717,Commercial,Semi-Urban,1532,14,RCC,Strip,0.801,1.086,2.072,7.63,83760,13,34.77,0.923,4,0.2,0.145,0.553,1923161,Low
2718,Residential,Urban,6839,1,Steel,Pile,0.985,1.203,1.096,8.34,118038,12,21.31,0.979,37,0.792,0.691,0.787,15165593,Medium
2719,Residential,Semi-Urban,3440,13,Steel,Raft,0.792,1.932,1.465,7.87,103679,4,33.12,0.343,3,0.581,0.975,0.962,6442569,Low
2720,Residential,Semi-Urban,12762,7,Hybrid,Raft,0.733,1.766,2.091,6.38,152478,19,33.73,0.097,43,0.931,0.206,0.926,27554723,High
2721,Residential,Rural,12152,9,Hybrid,Pile,0.771,1.923,2.342,8.96,67539,12,25.18,0.704,9,0.829,0.795,0.926,31985908,High
2722,Residential,Semi-Urban,5442,12,RCC,Strip,0.904,1.998,2.498,3.41,73208,25,16.59,0.923,8,0.603,0.428,0.651,10225748,Low
2723,Commercial,Urban,7461,3,RCC,Strip,0.806,1.321,1.67,8.2,83106,1,15.27,0.165,32,0.583,0.994,0.851,14613692,Medium
2724,Residential,Rural,8230,7,Hybrid,Strip,0.824,1.072,2.198,5.57,169869,10,27.31,0.985,59,0.849,0.883,0.89,14956349,Medium
2725,Commercial,Urban,1133,6,Hybrid,Strip,0.986,1.472,0.879,5.73,107679,21,16.79,0.196,41,0.843,0.308,0.951,2675491,Low
2726,Residential,Rural,7322,7,Steel,Strip,0.809,1.857,1.286,3.77,152848,26,33.16,0.086,5,0.422,0.789,0.632,8966710,Low
2727,Industrial,Rural,6987,7,RCC,Raft,0.69,1.359,1.432,3.2,106821,29,24.52,0.496,45,0.74,0.761,0.88,9357559,Low
2728,Commercial,Semi-Urban,15631,10,Hybrid,Pile,0.846,1.406,2.458,4.9,185034,2,32.08,0.806,57,0.715,0.787,0.616,52778840,High
2729,Industrial,Urban,6238,1,Hybrid,Raft,0.83,0.961,0.806,4.05,96205,5,25.2,0.354,26,0.885,0.175,0.514,11309003,Medium
2730,Commercial,Rural,3598,14,RCC,Strip,0.507,1.305,1.324,5.9,129377,21,30.71,0.332,42,0.895,0.828,0.741,3222772,Low
2731,Industrial,Semi-Urban,8597,3,RCC,Strip,0.734,1.264,2.382,3.88,93044,26,35.83,0.197,27,0.415,0.335,0.883,13118803,Medium
2732,Residential,Rural,13636,10,Hybrid,Pile,0.871,1.222,1.321,3.83,110805,27,37.11,0.986,45,0.904,0.631,0.607,23170375,High
2733,Residential,Rural,5976,1,Hybrid,Pile,0.75,1.865,1.183,8.26,79211,17,15.42,0.342,42,0.94,0.204,0.524,9922965,Low
2734,Residential,Rural,8753,5,Hybrid,Pile,0.89,0.871,2.041,8.53,179889,4,31.14,0.666,33,0.288,0.602,0.687,15064975,Medium
2735,Commercial,Rural,18701,3,RCC,Raft,0.725,1.967,2.067,8.79,140995,7,29.1,0.132,28,0.659,0.916,0.601,38138323,High
2736,Industrial,Rural,5387,1,Hybrid,Pile,0.992,0.81,1.603,7.08,99034,15,30.93,0.45,31,0.549,0.259,0.691,11431221,Medium
2737,Residential,Rural,19482,2,Hybrid,Raft,0.646,1.935,2.41,7.63,31799,1,16.45,0.796,54,0.522,0.87,0.96,38414977,High
2738,Industrial,Semi-Urban,12143,10,Hybrid,Strip,0.546,1.458,1.145,8.01,54079,28,16.75,0.97,56,0.764,0.492,0.872,15296775,Medium
2739,Industrial,Rural,9992,5,Steel,Raft,0.715,1.643,2.353,6.95,104947,29,27.42,0.177,59,0.304,0.39,0.686,19985529,Medium
2740,Residential,Urban,3153,11,Steel,Pile,0.771,1.025,2.084,4.98,199269,14,16.43,0.095,21,0.856,0.151,0.663,6243576,Low
2741,Residential,Semi-Urban,1954,3,RCC,Raft,0.675,1.585,1.426,3.94,91752,26,34.41,0.988,58,0.221,0.576,0.961,2360069,Low
2742,Industrial,Urban,18022,6,Hybrid,Raft,0.621,1.858,2.172,4.42,7229,15,34.31,0.554,14,0.663,0.28,0.944,48724351,High
2743,Residential,Rural,6307,9,Hybrid,Raft,0.836,0.967,1.026,8.04,40237,2,17.93,0.345,26,0.38,0.946,0.802,7293150,Low
2744,Residential,Urban,3692,6,RCC,Pile,0.689,0.952,1.023,7.18,118298,20,26.38,0.96,9,0.734,0.314,0.679,3958577,Low
2745,Residential,Rural,13312,2,RCC,Raft,0.816,1.165,2.381,5.73,44364,26,29.87,0.39,58,0.62,0.628,0.896,18153156,Medium
2746,Commercial,Rural,16275,2,RCC,Pile,0.89,0.994,0.961,3.18,21966,2,36.49,0.232,24,1.0,0.603,0.832,21908403,High
2747,Industrial,Semi-Urban,10902,13,Hybrid,Raft,0.881,0.933,0.807,4.6,107423,16,39.71,0.804,59,0.89,0.403,0.782,18759489,Medium
2748,Industrial,Semi-Urban,13574,13,Steel,Raft,0.688,1.614,1.461,7.37,169712,2,15.43,0.314,10,0.469,0.867,0.869,26146881,High
2749,Commercial,Rural,15745,8,RCC,Raft,0.784,1.057,0.977,6.07,68989,16,26.91,0.322,7,0.623,0.265,0.567,15321100,Medium
2750,Industrial,Semi-Urban,4259,11,Hybrid,Pile,0.725,1.6,2.267,5.61,171223,17,35.08,0.445,20,0.454,0.835,0.965,12718282,Medium
2751,Residential,Urban,19913,8,RCC,Pile,0.935,1.834,2.369,4.88,29548,18,34.9,0.693,7,0.783,0.287,0.986,53667517,High
2752,Industrial,Semi-Urban,16183,6,Hybrid,Pile,0.939,1.582,1.62,6.64,107025,19,28.55,0.842,36,0.538,0.135,0.677,46384821,High
2753,Residential,Semi-Urban,12960,10,RCC,Strip,0.672,0.943,1.523,8.8,31068,16,19.56,0.226,23,0.292,0.949,0.973,10495367,Low
2754,Commercial,Urban,16947,7,Hybrid,Pile,0.546,1.488,1.716,8.41,132982,4,28.98,0.362,45,0.729,0.674,0.898,37415472,High
2755,Residential,Semi-Urban,15960,1,RCC,Raft,0.584,1.272,1.185,3.18,117526,17,24.79,0.496,47,0.209,0.667,0.971,11757400,Medium
2756,Industrial,Rural,18229,12,Steel,Strip,0.684,1.212,1.307,5.89,18887,1,25.23,0.026,22,0.438,0.339,0.959,22102158,High
2757,Industrial,Urban,17858,9,RCC,Pile,0.782,1.182,0.972,4.98,181268,23,23.22,0.697,59,0.926,0.225,0.6,32150639,High
2758,Industrial,Rural,10314,5,RCC,Pile,0.828,1.915,1.559,6.06,117627,21,18.61,0.566,52,0.275,0.735,0.63,20012976,Medium
2759,Commercial,Urban,14390,9,Steel,Strip,0.666,1.691,1.84,6.64,49278,13,33.46,0.134,23,0.604,0.567,0.63,27479474,High
2760,Commercial,Rural,2240,2,RCC,Strip,0.834,0.961,2.381,4.2,6094,7,32.71,0.13,12,0.836,0.386,0.547,3185370,Low
2761,Industrial,Rural,11718,14,Steel,Pile,0.969,1.371,2.056,7.69,123695,26,28.57,0.895,53,0.924,0.385,0.699,34973040,High
2762,Residential,Semi-Urban,6555,8,Hybrid,Strip,0.826,1.182,2.029,5.85,75023,9,23.87,0.683,38,0.648,0.9,0.681,11801870,Medium
2763,Commercial,Rural,2454,7,Steel,Raft,0.579,1.974,1.324,8.95,150386,14,35.57,0.388,58,0.323,0.901,0.672,3604050,Low
2764,Industrial,Semi-Urban,17163,11,Steel,Raft,0.79,1.974,2.31,3.15,56447,1,19.0,0.338,4,0.953,0.347,0.674,52799336,High
2765,Industrial,Urban,19275,14,Hybrid,Raft,0.771,1.183,2.41,4.14,178160,8,25.86,0.317,14,0.799,0.815,0.531,62797565,High
2766,Commercial,Rural,9732,4,Steel,Pile,0.935,1.223,2.385,7.14,151341,10,31.34,0.655,23,0.517,0.304,0.593,22958460,High
2767,Commercial,Rural,6939,3,Steel,Raft,0.675,1.519,0.866,7.17,26555,4,35.54,0.179,10,0.422,0.827,0.648,8322591,Low
2768,Commercial,Urban,1461,4,Hybrid,Strip,0.711,1.375,1.827,6.49,154761,25,31.24,0.987,55,0.238,0.214,0.944,2767354,Low
2769,Residential,Urban,18101,4,RCC,Raft,0.799,1.056,1.893,8.83,158060,13,17.94,0.687,16,0.353,0.782,0.963,28645571,High
2770,Residential,Rural,6507,10,RCC,Strip,0.762,1.592,1.302,5.49,95517,18,17.53,0.127,7,0.822,0.6,0.643,6719523,Low
2771,Industrial,Urban,18276,10,Steel,Raft,0.86,1.201,2.487,5.5,91901,9,16.26,0.138,41,0.287,0.206,0.847,48536940,High
2772,Commercial,Semi-Urban,2576,8,RCC,Strip,0.52,1.584,1.295,8.46,195003,8,29.0,0.648,23,0.304,0.654,0.925,2418959,Low
2773,Residential,Urban,6696,13,RCC,Raft,0.782,1.26,1.168,6.23,97166,6,21.07,0.383,54,0.357,0.273,0.753,8092745,Low
2774,Commercial,Urban,16792,13,Steel,Raft,0.561,1.64,1.623,5.12,82497,21,18.99,0.66,37,0.516,0.275,0.878,25975000,High
2775,Industrial,Rural,10815,4,Hybrid,Raft,0.658,1.601,1.349,7.31,11769,19,17.12,0.723,26,0.351,0.503,0.988,17009836,Medium
2776,Residential,Semi-Urban,12285,14,RCC,Strip,0.831,1.411,2.371,6.72,45641,16,31.04,0.538,41,0.923,0.968,0.581,21268333,Medium
2777,Residential,Urban,8642,5,Steel,Strip,0.579,1.646,1.548,4.84,39870,1,33.84,0.257,50,0.406,0.903,0.535,11152340,Medium
2778,Residential,Semi-Urban,6760,2,Hybrid,Raft,0.654,1.353,1.497,4.79,36348,15,36.44,0.551,6,0.936,0.844,0.82,9950675,Low
2779,Industrial,Semi-Urban,16034,13,RCC,Strip,0.852,0.939,1.864,5.37,8852,6,29.89,0.422,58,0.988,0.866,0.754,30878698,High
2780,Commercial,Semi-Urban,5341,4,Hybrid,Strip,0.825,1.019,0.938,3.43,194211,10,23.86,0.89,51,0.804,0.548,0.648,7905191,Low
2781,Residential,Rural,13884,7,Steel,Pile,0.546,1.095,2.086,8.66,130826,5,26.76,0.74,23,0.206,0.437,0.958,14112354,Medium
2782,Industrial,Urban,17943,3,Hybrid,Raft,0.789,0.876,2.106,4.1,195735,8,30.9,0.619,26,0.392,0.896,0.923,41389739,High
2783,Commercial,Rural,2422,14,Hybrid,Strip,0.574,1.654,1.606,4.16,89824,1,32.83,0.04,36,0.414,0.173,0.632,2963552,Low
2784,Industrial,Urban,12491,14,Steel,Strip,0.626,1.241,2.425,6.88,137525,13,31.12,0.99,44,0.634,0.996,0.887,28478057,High
2785,Commercial,Urban,6601,1,RCC,Strip,0.73,0.912,1.785,7.35,193802,26,39.05,0.566,2,0.327,0.598,0.914,8427259,Low
2786,Industrial,Rural,2973,13,RCC,Strip,0.555,1.784,1.982,7.42,131561,16,33.76,0.259,21,0.262,0.586,0.663,3774130,Low
2787,Commercial,Semi-Urban,8608,8,Hybrid,Pile,0.997,1.62,2.371,5.25,56586,17,33.77,0.592,47,0.341,0.363,0.55,27621322,High
2788,Residential,Semi-Urban,15950,8,Hybrid,Strip,0.583,1.343,1.933,8.24,36912,7,35.5,0.818,37,0.462,0.253,0.925,18428491,Medium
2789,Commercial,Urban,10543,6,Hybrid,Strip,0.891,1.097,1.534,6.26,47140,15,26.51,0.539,21,0.239,0.712,0.548,20749070,Medium
2790,Industrial,Rural,16710,7,Hybrid,Pile,0.915,0.982,0.842,5.63,169626,24,21.6,0.777,39,0.356,0.426,0.739,24795541,High
2791,Industrial,Semi-Urban,5049,10,RCC,Raft,0.997,1.35,2.038,7.86,20195,14,35.41,0.413,47,0.334,0.372,0.597,11553736,Medium
2792,Commercial,Semi-Urban,1094,11,Steel,Raft,0.714,1.862,2.44,4.46,129718,26,26.6,0.59,48,0.818,0.246,0.964,2965615,Low
2793,Residential,Urban,17390,2,Steel,Pile,0.937,1.026,1.599,8.16,143330,28,30.18,0.422,28,0.336,0.582,0.554,32576400,High
2794,Residential,Urban,5389,5,Steel,Raft,0.979,1.482,1.378,6.23,170613,17,25.74,0.528,9,0.833,0.629,0.558,11611376,Medium
2795,Commercial,Rural,8712,12,Hybrid,Raft,0.586,1.954,1.683,8.4,23426,25,24.9,0.168,16,0.607,0.499,0.851,14176232,Medium
2796,Commercial,Urban,18283,7,Hybrid,Pile,0.74,1.565,2.038,4.21,63968,23,31.78,0.599,41,0.806,0.111,0.603,49946096,High
2797,Industrial,Semi-Urban,3701,9,Steel,Strip,0.53,1.328,0.801,8.62,192393,7,31.63,0.979,6,0.56,0.543,0.566,3662209,Low
2798,Residential,Semi-Urban,8354,1,RCC,Pile,0.81,1.66,2.308,7.13,180604,24,22.73,0.765,42,0.921,0.345,0.584,17227309,Medium
2799,Commercial,Semi-Urban,7263,3,Steel,Pile,0.791,1.789,2.307,6.71,150578,14,19.72,0.32,34,0.421,0.225,0.798,18504997,Medium
2800,Residential,Semi-Urban,11153,6,RCC,Pile,0.602,1.509,1.72,5.53,192832,8,18.28,0.864,39,0.813,0.62,0.611,14698542,Medium
2801,Commercial,Rural,5690,14,Hybrid,Pile,0.899,1.846,1.008,8.74,20959,13,17.84,0.896,2,0.331,0.704,0.689,12140185,Medium
2802,Commercial,Rural,14215,7,Steel,Pile,0.519,1.418,1.942,5.66,194664,1,35.44,0.177,12,0.906,0.567,0.925,21468264,Medium
2803,Residential,Urban,6181,6,Steel,Strip,0.903,1.796,1.034,5.99,156698,4,22.15,0.053,5,0.223,0.653,0.588,9599136,Low
2804,Commercial,Urban,4178,1,Hybrid,Raft,0.513,1.942,1.663,7.69,170465,29,31.96,0.572,16,0.566,0.646,0.913,7844229,Low
2805,Commercial,Urban,14602,4,RCC,Pile,0.828,1.401,0.959,4.71,190773,29,22.19,0.476,1,0.537,0.212,0.888,20516677,Medium
2806,Industrial,Rural,17220,6,Steel,Strip,0.539,1.526,1.801,4.75,197168,11,31.67,0.715,38,0.699,0.294,0.916,21781781,High
2807,Commercial,Semi-Urban,2167,8,Steel,Pile,0.626,1.531,1.341,7.65,22730,9,39.6,0.293,59,0.553,0.109,0.674,3480655,Low
2808,Commercial,Urban,17793,10,RCC,Strip,0.861,1.738,2.213,3.77,145378,19,16.65,0.38,37,0.671,0.984,0.736,44069450,High
2809,Commercial,Semi-Urban,8704,14,Steel,Raft,0.64,1.788,2.16,7.94,5013,22,31.34,0.264,32,0.889,0.29,0.854,18461325,Medium
2810,Industrial,Urban,5622,4,Steel,Strip,0.756,0.833,2.497,6.75,30747,4,22.06,0.292,41,0.314,0.833,0.519,11240691,Medium
2811,Residential,Urban,11717,7,Hybrid,Strip,0.958,1.68,1.238,6.23,170666,1,17.07,0.009,22,0.395,0.803,0.832,22838334,High
2812,Industrial,Urban,16083,11,RCC,Raft,0.525,1.741,0.905,4.37,33118,19,16.97,0.511,51,0.842,0.735,0.56,20709544,Medium
2813,Industrial,Urban,1473,3,Steel,Raft,0.906,1.641,1.553,7.72,34055,19,24.29,0.473,32,0.382,0.505,0.644,4185000,Low
2814,Residential,Urban,1908,8,Steel,Strip,0.533,1.656,0.942,7.83,92427,29,28.52,0.356,24,0.925,0.625,0.905,2144071,Low
2815,Industrial,Semi-Urban,10635,1,Hybrid,Pile,0.563,0.85,1.103,5.9,7561,19,31.18,0.54,13,0.633,0.268,0.818,12489348,Medium
2816,Residential,Urban,19172,4,Steel,Pile,0.56,1.33,1.815,5.34,147913,11,29.19,0.392,34,0.265,0.195,0.811,24307242,High
2817,Industrial,Semi-Urban,9238,8,Hybrid,Raft,0.997,1.782,1.807,4.48,39670,6,37.45,0.433,29,0.217,0.417,0.613,28493730,High
2818,Residential,Rural,14849,10,Steel,Pile,0.59,1.921,0.874,7.53,16350,25,18.84,0.002,8,0.81,0.843,0.834,17453888,Medium
2819,Commercial,Urban,1718,4,Hybrid,Raft,0.948,1.075,1.553,6.84,46364,7,35.73,0.066,29,0.885,0.608,0.566,4854248,Low
2820,Industrial,Semi-Urban,18304,2,RCC,Strip,0.995,1.495,1.701,4.24,132220,23,28.21,0.151,6,0.392,0.787,0.982,34036031,High
2821,Industrial,Rural,3877,2,RCC,Strip,0.692,1.765,1.256,7.77,59872,1,36.51,0.184,7,0.393,0.901,0.626,5187747,Low
2822,Industrial,Rural,11464,4,Steel,Pile,0.816,1.703,2.282,8.29,55010,29,25.67,0.452,6,0.963,0.604,0.913,37650089,High
2823,Industrial,Rural,4598,13,Steel,Raft,0.89,1.543,1.074,3.36,19387,15,27.05,0.875,41,0.725,0.431,0.96,8690784,Low
2824,Commercial,Semi-Urban,19622,4,Hybrid,Pile,0.696,0.822,1.232,7.63,102994,25,25.56,0.406,26,0.334,0.87,0.586,26536805,High
2825,Industrial,Urban,8119,2,Hybrid,Pile,0.581,1.669,1.067,8.12,179029,4,17.41,0.627,24,0.559,0.307,0.505,16184730,Medium
2826,Commercial,Urban,12439,7,RCC,Strip,0.717,1.728,0.998,8.95,152664,13,18.63,0.026,46,0.928,0.122,0.937,17716341,Medium
2827,Commercial,Semi-Urban,18726,6,Steel,Pile,0.886,1.667,2.294,4.43,51965,24,27.94,0.855,50,0.697,0.146,0.882,55127364,High
2828,Commercial,Urban,19700,11,Hybrid,Strip,0.89,1.719,1.272,5.23,121878,12,28.33,0.113,23,0.526,0.624,0.577,44106930,High
2829,Commercial,Semi-Urban,17378,3,RCC,Raft,0.615,1.317,2.028,8.8,111413,1,26.69,0.284,27,0.321,0.903,0.915,23929751,High
2830,Residential,Urban,7060,8,RCC,Pile,0.587,1.993,1.528,3.56,72358,8,15.32,0.817,33,0.781,0.608,0.905,11231292,Medium
2831,Residential,Rural,6010,8,Hybrid,Strip,0.96,1.725,1.881,6.14,143813,25,27.64,0.265,51,0.421,0.468,0.731,11317269,Medium
2832,Industrial,Urban,3944,1,Steel,Pile,0.522,1.494,2.378,6.04,71081,21,18.34,0.258,9,0.653,0.619,0.973,8809886,Low
2833,Residential,Semi-Urban,8043,3,RCC,Raft,0.867,1.921,2.236,6.64,194219,23,29.16,0.603,35,0.68,0.704,0.791,17285510,Medium
2834,Residential,Semi-Urban,12929,5,Hybrid,Pile,0.523,1.89,0.917,4.98,134656,11,22.21,0.903,14,0.644,0.783,0.721,15982909,Medium
2835,Industrial,Rural,7753,2,RCC,Pile,0.919,1.777,2.237,8.56,149427,10,39.79,0.214,37,0.397,0.413,0.507,20604346,Medium
2836,Industrial,Semi-Urban,14275,12,Steel,Strip,0.953,1.476,1.568,4.62,135750,2,23.98,0.621,2,0.767,0.448,0.976,33706208,High
2837,Industrial,Urban,545,12,Hybrid,Raft,0.649,1.433,1.395,6.9,126164,17,35.52,0.6,11,0.653,0.121,0.564,1223359,Low
2838,Residential,Urban,16097,5,Steel,Raft,0.537,1.194,1.943,5.98,189316,28,21.14,0.66,32,0.523,0.685,0.648,20599555,Medium
2839,Residential,Rural,2557,11,Steel,Raft,0.74,1.101,2.415,4.6,152702,13,19.74,0.947,25,0.242,0.799,0.865,3637772,Low
2840,Industrial,Semi-Urban,1163,10,RCC,Pile,0.649,1.415,0.96,4.13,64921,27,20.53,0.166,55,0.465,0.56,0.503,1707327,Low
2841,Commercial,Rural,5168,3,Steel,Strip,0.709,1.493,2.106,8.74,62808,22,23.33,0.654,40,0.482,0.439,0.771,8076515,Low
2842,Industrial,Urban,18913,9,RCC,Pile,0.832,1.093,1.146,6.37,175284,9,36.22,0.182,54,0.833,0.4,0.579,37577301,High
2843,Commercial,Rural,6217,11,Hybrid,Pile,0.605,1.907,1.446,6.63,136691,16,34.1,0.314,40,0.611,0.681,0.511,10911455,Low
2844,Commercial,Semi-Urban,3196,1,Hybrid,Pile,0.678,1.469,2.285,7.7,163683,28,25.89,0.39,5,0.946,0.398,0.821,7994941,Low
2845,Industrial,Rural,13700,4,RCC,Raft,0.891,1.432,1.728,3.49,31991,17,19.7,0.835,2,0.801,0.639,0.801,25014454,High
2846,Industrial,Semi-Urban,16601,10,RCC,Strip,0.822,1.323,0.915,7.28,79957,10,16.22,0.054,26,0.63,0.934,0.867,22902158,High
2847,Industrial,Semi-Urban,9331,6,RCC,Raft,0.663,0.87,1.664,3.99,79084,17,30.46,0.734,40,0.335,0.398,0.809,10015926,Low
2848,Residential,Urban,19547,9,Steel,Pile,0.832,1.859,2.142,7.44,171218,20,32.67,0.913,13,0.377,0.161,0.721,47052986,High
2849,Commercial,Urban,19629,3,Hybrid,Pile,0.883,1.18,1.699,3.85,57503,10,30.15,0.079,48,0.328,0.887,0.739,53644148,High
2850,Residential,Urban,5504,3,Hybrid,Strip,0.796,1.571,1.084,7.99,38652,22,27.53,0.791,48,0.554,0.346,0.61,8222763,Low
2851,Residential,Semi-Urban,13656,12,Steel,Raft,0.62,1.529,1.557,7.09,34172,14,39.32,0.108,49,0.778,0.99,0.542,19754849,Medium
2852,Industrial,Rural,4902,5,RCC,Pile,0.5,1.501,2.371,5.32,14950,15,15.62,0.963,10,0.807,0.856,0.93,7765737,Low
2853,Residential,Semi-Urban,11287,7,Hybrid,Pile,0.901,1.431,1.919,5.15,149103,9,39.71,0.815,51,0.277,0.484,0.846,24964182,High
2854,Industrial,Urban,15162,14,Steel,Strip,0.911,1.018,2.041,3.89,80185,2,21.91,0.695,50,0.597,0.665,0.561,38370544,High
2855,Commercial,Urban,6412,5,RCC,Pile,0.849,1.137,2.136,8.42,87470,14,24.58,0.55,16,0.585,0.35,0.632,14214107,Medium
2856,Industrial,Rural,894,11,Hybrid,Raft,0.538,1.429,0.954,3.71,13391,21,33.81,0.921,54,0.551,0.176,0.932,1185851,Low
2857,Residential,Urban,15135,8,RCC,Raft,0.793,1.747,1.789,5.83,96502,7,20.68,0.119,59,0.441,0.573,0.98,27097939,High
2858,Residential,Urban,4097,5,Steel,Pile,0.911,1.318,1.439,4.42,188966,28,32.75,0.122,45,0.581,0.482,0.896,8575066,Low
2859,Industrial,Urban,11024,7,Hybrid,Pile,0.695,1.045,1.037,8.98,165082,4,23.31,0.822,47,0.613,0.973,0.785,22674827,High
2860,Industrial,Rural,829,6,RCC,Pile,0.599,0.906,1.145,6.52,186667,13,38.51,0.482,51,0.68,0.638,0.935,1327803,Low
2861,Residential,Semi-Urban,17656,14,RCC,Strip,0.794,1.596,2.128,3.9,124462,22,19.29,0.845,15,0.502,0.772,0.813,24193483,High
2862,Commercial,Urban,2145,10,RCC,Strip,0.913,1.308,1.075,7.01,111772,22,38.29,0.391,59,0.956,0.222,0.85,3885672,Low
2863,Commercial,Rural,18671,13,Steel,Raft,0.524,0.95,1.331,8.95,21437,4,34.78,0.452,42,0.471,0.751,0.913,17417017,Medium
2864,Industrial,Urban,10315,2,RCC,Raft,0.798,1.609,1.284,6.63,70699,4,19.26,0.332,0,0.916,0.151,0.677,21178259,Medium
2865,Commercial,Rural,17883,3,Hybrid,Pile,0.822,1.049,0.883,5.74,110102,9,24.69,0.951,47,0.841,0.652,0.892,28819951,High
2866,Residential,Urban,2348,11,Hybrid,Pile,0.801,1.411,1.586,4.76,149769,11,17.61,0.465,53,0.572,0.855,0.603,5745442,Low
2867,Industrial,Rural,2061,11,RCC,Pile,0.825,1.167,2.102,3.55,130003,1,29.99,0.755,5,0.597,0.535,0.597,4266959,Low
2868,Residential,Urban,1273,4,Steel,Strip,0.816,1.918,0.838,4.37,24173,13,39.01,0.696,14,0.896,0.294,0.906,1957860,Low
2869,Residential,Semi-Urban,7811,5,Hybrid,Strip,0.565,1.074,0.991,6.32,21197,21,16.98,0.235,32,0.594,0.499,0.782,6173261,Low
2870,Commercial,Urban,15703,9,Hybrid,Pile,0.617,1.304,2.024,7.52,107821,27,21.45,0.914,6,0.744,0.857,0.707,39066961,High
2871,Industrial,Rural,18687,6,Hybrid,Pile,0.809,1.951,1.809,8.27,79713,25,33.88,0.545,7,0.847,0.743,0.762,60062010,High
2872,Industrial,Urban,9790,1,RCC,Raft,0.509,1.182,2.016,7.76,81916,9,26.46,0.856,52,0.926,0.645,0.989,15286986,Medium
2873,Commercial,Semi-Urban,2550,3,Hybrid,Strip,0.817,1.574,1.191,3.75,43127,25,23.47,0.832,41,0.375,0.724,0.947,4154668,Low
2874,Residential,Urban,17631,7,RCC,Pile,0.833,1.18,2.166,7.64,53982,18,30.03,0.059,58,0.98,0.851,0.754,38736809,High
2875,Residential,Rural,4473,8,RCC,Strip,0.62,0.933,1.616,6.49,36225,7,22.35,0.62,29,0.972,0.237,0.774,3302137,Low
2876,Residential,Rural,2115,7,RCC,Pile,0.799,1.553,1.838,5.81,134792,14,23.22,0.789,6,0.438,0.858,0.807,3398134,Low
2877,Residential,Semi-Urban,15050,5,RCC,Pile,0.767,1.899,0.957,6.44,22464,26,35.15,0.906,39,0.691,0.826,0.895,22146753,High
2878,Industrial,Rural,10994,10,RCC,Raft,0.63,1.343,1.149,3.05,108452,24,24.79,0.506,44,0.238,0.53,0.937,10674984,Low
2879,Industrial,Urban,6006,8,Hybrid,Raft,0.731,1.551,2.115,3.41,19769,17,32.51,0.751,13,0.334,0.463,0.573,14914594,Medium
2880,Commercial,Urban,13554,9,RCC,Raft,0.955,1.531,1.181,6.16,105569,18,18.77,0.97,54,0.667,0.939,0.814,29738597,High
2881,Commercial,Urban,14361,7,RCC,Pile,0.713,1.298,0.957,4.04,26025,1,24.97,0.828,2,0.72,0.837,0.614,22774894,High
2882,Industrial,Rural,12087,11,RCC,Raft,0.815,1.538,1.815,6.27,129914,29,28.8,0.854,25,0.628,0.99,0.811,23114318,High
2883,Industrial,Urban,14015,9,RCC,Pile,0.518,1.111,1.731,5.13,144729,9,21.68,0.407,43,0.764,0.678,0.586,21295383,Medium
2884,Residential,Urban,6354,1,RCC,Strip,0.539,1.254,1.833,8.44,42367,10,25.54,0.092,57,0.834,0.128,0.904,5960709,Low
2885,Residential,Urban,17100,14,RCC,Strip,0.541,1.331,1.851,8.7,68875,16,34.0,0.966,33,0.335,0.238,0.83,14992960,Medium
2886,Commercial,Semi-Urban,18243,9,Hybrid,Pile,0.889,1.837,1.65,8.88,43429,11,19.04,0.696,29,0.728,0.838,0.933,58781980,High
2887,Industrial,Rural,4274,3,RCC,Raft,0.675,1.218,1.639,8.39,162022,21,27.52,0.171,29,0.65,0.675,0.972,6075414,Low
2888,Commercial,Rural,5427,6,RCC,Raft,0.614,1.562,2.371,8.92,103193,4,21.54,0.974,56,0.294,0.278,0.967,7071711,Low
2889,Industrial,Rural,4929,8,Hybrid,Strip,0.874,1.056,1.708,7.24,109415,24,25.26,0.716,28,0.383,0.111,0.573,8183043,Low
2890,Residential,Semi-Urban,5106,3,Hybrid,Pile,0.585,1.103,1.849,8.76,34212,19,24.38,0.09,36,0.536,0.337,0.688,7059564,Low
2891,Commercial,Rural,4978,4,Steel,Pile,0.623,1.578,1.254,6.85,10515,8,31.38,0.171,43,0.891,0.224,0.742,7177011,Low
2892,Commercial,Semi-Urban,16576,7,Hybrid,Pile,0.715,1.715,2.281,7.86,64150,3,34.18,0.865,24,0.374,0.889,0.894,45229198,High
2893,Industrial,Semi-Urban,18780,12,Hybrid,Strip,0.666,1.355,0.841,3.79,195542,22,27.49,0.954,3,0.346,0.895,0.507,21624654,Medium
2894,Residential,Rural,7866,7,RCC,Strip,0.793,1.202,1.747,7.1,167274,4,19.16,0.365,58,0.777,0.858,0.963,9570154,Low
2895,Commercial,Urban,4927,4,Steel,Raft,0.669,1.892,1.453,8.59,167100,29,36.72,0.413,0,0.981,0.185,0.704,10079325,Low
2896,Residential,Urban,13976,9,RCC,Pile,0.696,0.963,1.827,6.24,13610,8,19.66,0.395,7,0.558,0.222,0.816,16850602,Medium
2897,Commercial,Rural,5861,13,Steel,Pile,0.931,1.665,1.412,4.12,19570,23,29.46,0.835,52,0.48,0.222,0.99,11850252,Medium
2898,Residential,Rural,1141,3,RCC,Pile,0.942,1.628,2.02,6.16,153915,12,28.18,0.453,51,0.403,0.333,0.941,2363785,Low
2899,Industrial,Semi-Urban,10585,12,Hybrid,Pile,0.914,1.628,0.835,7.24,156988,5,22.17,0.375,56,0.24,0.166,0.681,21512002,Medium
2900,Commercial,Rural,4550,8,Hybrid,Strip,0.932,1.923,1.49,7.62,142101,29,38.82,0.622,56,0.343,0.983,0.742,9972388,Low
2901,Commercial,Semi-Urban,5053,8,Steel,Raft,0.785,1.674,2.213,6.14,27673,29,31.92,0.491,1,0.275,0.87,0.885,11538014,Medium
2902,Residential,Rural,19188,13,RCC,Strip,0.823,1.162,1.225,4.3,154669,3,26.75,0.533,16,0.595,0.162,0.872,16277700,Medium
2903,Residential,Urban,3843,4,RCC,Raft,0.779,1.224,0.89,8.56,54749,5,26.09,0.407,55,0.983,0.229,0.852,4836933,Low
2904,Commercial,Urban,2556,7,Hybrid,Pile,0.893,1.269,1.644,7.64,37310,4,17.31,0.461,40,0.83,0.336,0.505,8088827,Low
2905,Industrial,Rural,19692,4,Hybrid,Pile,0.776,0.837,2.46,4.62,115402,24,34.52,0.036,58,0.681,0.798,0.6,45814484,High
2906,Residential,Semi-Urban,9916,13,Steel,Pile,0.556,1.896,0.909,7.87,86460,11,17.09,0.926,51,0.589,0.743,0.611,11869559,Medium
2907,Residential,Urban,7726,12,Hybrid,Pile,0.905,0.888,0.919,5.09,115541,21,20.02,0.031,42,0.694,0.667,0.625,13178341,Medium
2908,Residential,Semi-Urban,1386,1,Steel,Pile,0.88,1.64,1.812,4.87,95557,26,19.11,0.773,48,0.501,0.921,0.548,3334841,Low
2909,Commercial,Rural,9084,1,Steel,Strip,0.91,1.676,1.225,8.18,58901,26,16.7,0.298,22,0.343,0.133,0.903,13004069,Medium
2910,Commercial,Rural,19330,14,Steel,Raft,0.595,1.812,1.497,8.24,136118,16,35.74,0.112,20,0.672,0.245,0.671,25602051,High
2911,Commercial,Urban,12030,1,Steel,Strip,0.636,1.464,2.212,5.39,100326,21,37.66,0.61,28,0.622,0.271,0.888,21377395,Medium
2912,Commercial,Rural,4091,2,Hybrid,Pile,0.648,1.67,1.138,3.05,82656,18,30.64,0.707,4,0.956,0.154,0.966,6488555,Low
2913,Industrial,Urban,19065,6,Steel,Raft,0.754,1.163,2.023,4.12,31088,25,36.94,0.63,31,0.72,0.656,0.657,41779451,High
2914,Industrial,Semi-Urban,17238,12,Hybrid,Raft,0.567,1.695,1.658,8.46,160346,6,31.88,0.576,20,0.819,0.289,0.727,34589228,High
2915,Commercial,Urban,3131,10,Steel,Pile,0.693,1.212,2.338,8.39,6286,27,32.13,0.536,57,0.274,0.534,0.544,6375022,Low
2916,Industrial,Urban,18405,11,Hybrid,Raft,0.591,1.883,2.454,5.72,168248,16,37.24,0.541,8,0.809,0.717,0.647,56628109,High
2917,Residential,Semi-Urban,19556,5,Steel,Strip,0.632,0.996,1.624,4.82,56853,1,17.3,0.865,6,0.986,0.636,0.773,22025074,High
2918,Residential,Urban,11870,11,Hybrid,Strip,0.853,1.179,1.794,4.82,178980,19,16.37,0.09,17,0.726,0.361,0.59,21369732,Medium
2919,Residential,Urban,19221,2,RCC,Strip,0.927,1.399,2.068,8.38,169782,20,16.34,0.157,14,0.794,0.473,0.769,34730455,High
2920,Commercial,Rural,17512,8,Steel,Strip,0.511,1.731,1.342,4.95,179733,16,25.45,0.813,57,0.984,0.406,0.656,18104278,Medium
2921,Residential,Semi-Urban,3179,9,Steel,Raft,0.783,1.699,1.185,6.07,67422,10,38.66,0.303,24,0.513,0.867,0.995,5133828,Low
2922,Industrial,Urban,4922,7,RCC,Strip,0.518,1.053,2.44,7.39,182842,26,36.75,0.772,47,0.859,0.478,0.688,6828324,Low
2923,Commercial,Semi-Urban,7963,12,RCC,Raft,0.543,0.973,1.535,4.26,154746,14,34.55,0.353,15,0.52,0.156,0.52,6857729,Low
2924,Industrial,Semi-Urban,10113,14,Steel,Pile,0.853,1.165,0.803,4.52,164373,18,25.1,0.925,19,0.541,0.657,0.736,17266037,Medium
2925,Residential,Urban,18010,12,Hybrid,Strip,0.868,1.381,2.224,5.15,116446,13,35.6,0.281,44,0.727,0.278,0.667,38622658,High
2926,Residential,Rural,2280,9,Steel,Pile,0.907,1.447,1.819,6.93,108756,27,20.46,0.427,36,0.405,0.405,0.685,4160415,Low
2927,Residential,Semi-Urban,9924,4,Hybrid,Strip,0.737,1.315,1.087,7.9,89579,13,29.63,0.159,33,0.994,0.395,0.685,12403032,Medium
2928,Commercial,Urban,7071,13,RCC,Pile,0.93,1.596,0.851,6.28,22515,26,33.65,0.667,50,0.463,0.165,0.941,12432621,Medium
2929,Industrial,Semi-Urban,1325,7,Hybrid,Pile,0.583,1.313,1.296,3.8,72904,15,17.31,0.403,4,0.298,0.956,0.749,2234916,Low
2930,Commercial,Rural,11655,5,Steel,Pile,0.625,1.936,2.377,5.68,126636,4,36.85,0.941,32,0.458,0.592,0.626,23446299,High
2931,Commercial,Rural,2895,5,RCC,Pile,0.567,1.113,2.387,3.77,165217,18,33.18,0.016,0,0.885,0.241,0.896,3761946,Low
2932,Residential,Rural,4645,3,RCC,Pile,0.899,1.553,1.329,3.53,130635,15,28.33,0.388,47,0.451,0.6,0.722,6428626,Low
2933,Commercial,Urban,16279,9,Steel,Raft,0.614,1.534,2.221,6.54,199831,6,16.56,0.024,48,0.689,0.506,0.573,36386369,High
2934,Commercial,Urban,5992,13,Steel,Raft,0.578,1.138,1.551,8.74,79194,29,32.36,0.329,6,0.948,0.41,0.999,8642474,Low
2935,Residential,Rural,7611,10,RCC,Strip,0.812,1.294,1.912,8.03,86299,10,26.18,0.38,41,0.408,0.525,0.514,9031446,Low
2936,Commercial,Urban,13587,5,Hybrid,Raft,0.539,1.239,1.369,7.65,9057,15,33.42,0.258,59,0.305,0.703,0.855,18345387,Medium
2937,Residential,Rural,10484,6,Hybrid,Pile,0.522,1.007,1.677,7.36,19559,25,15.91,0.256,3,0.277,0.28,0.924,8657210,Low
2938,Residential,Urban,7292,3,Hybrid,Raft,0.553,1.373,1.299,8.38,156490,1,29.37,0.26,3,0.552,0.584,0.677,9224622,Low
2939,Residential,Rural,8211,10,Steel,Raft,0.5,1.264,0.904,7.52,186359,5,26.18,0.266,44,0.283,0.832,0.579,5572230,Low
2940,Residential,Semi-Urban,2065,7,RCC,Pile,0.848,1.014,1.037,6.76,14670,9,25.75,0.282,12,0.563,0.3,0.718,2197207,Low
2941,Commercial,Rural,4167,9,Hybrid,Raft,0.781,1.34,1.294,5.19,107687,27,27.94,0.851,58,0.89,0.564,0.741,7408246,Low
2942,Residential,Rural,6959,9,RCC,Pile,0.605,1.306,2.46,3.61,141644,23,18.09,0.039,34,0.822,0.969,1.0,9343915,Low
2943,Residential,Urban,4596,14,Hybrid,Raft,0.617,0.958,2.442,5.77,128220,14,38.39,0.989,42,0.665,0.82,0.51,7795705,Low
2944,Commercial,Urban,1519,13,RCC,Pile,0.905,0.957,2.207,8.55,19493,11,32.62,0.282,17,0.88,0.634,0.828,4031758,Low
2945,Commercial,Urban,9976,10,Steel,Strip,0.751,1.577,1.195,6.5,103963,6,17.12,0.028,51,0.28,0.774,0.902,15384659,Medium
2946,Industrial,Urban,8754,14,Steel,Raft,0.849,1.648,1.551,4.11,136257,16,16.99,0.175,42,0.688,0.573,0.809,23736402,High
2947,Commercial,Urban,12084,10,Steel,Strip,0.726,1.929,1.548,6.89,121764,23,20.27,0.942,49,0.293,0.988,0.815,23285726,High
2948,Commercial,Urban,6465,5,Hybrid,Pile,0.619,0.904,1.458,5.79,186655,29,20.99,0.998,45,0.586,0.252,0.938,9745277,Low
2949,Industrial,Semi-Urban,11964,7,Steel,Pile,0.985,0.941,0.876,8.59,116488,9,27.3,0.247,10,0.571,0.748,0.783,25442038,High
2950,Commercial,Rural,19153,13,Steel,Strip,0.783,0.862,1.709,3.97,70496,3,28.41,0.225,12,0.412,0.105,0.941,20805477,Medium
2951,Commercial,Rural,12939,12,Steel,Pile,0.565,1.439,0.924,7.27,198562,8,18.65,0.836,42,0.864,0.213,0.605,14650595,Medium
2952,Commercial,Rural,5221,12,RCC,Pile,0.703,1.547,2.163,7.09,198496,17,39.34,0.914,30,0.383,0.75,0.758,8604089,Low
2953,Commercial,Semi-Urban,8908,13,RCC,Pile,0.665,1.284,1.975,8.9,74370,26,35.62,0.65,38,0.642,0.783,0.517,14766341,Medium
2954,Industrial,Rural,695,3,RCC,Pile,0.607,1.757,1.4,6.39,13724,22,30.84,0.936,41,0.586,0.135,0.902,1134614,Low
2955,Commercial,Semi-Urban,3773,6,RCC,Pile,0.967,1.624,1.9,8.23,159512,9,21.95,0.95,5,0.545,0.4,0.889,9168872,Low
2956,Commercial,Semi-Urban,15830,12,RCC,Pile,0.94,1.983,1.196,3.15,176099,17,37.76,0.76,37,0.227,0.206,0.77,28664665,High
2957,Industrial,Semi-Urban,11386,8,RCC,Pile,0.6,0.965,1.251,3.74,27699,5,22.88,0.349,49,0.757,0.901,0.698,13993158,Medium
2958,Residential,Rural,3712,13,RCC,Pile,0.676,0.87,1.334,5.08,30697,24,22.98,0.149,10,0.21,0.508,0.685,2730644,Low
2959,Industrial,Semi-Urban,3255,8,Steel,Strip,0.881,1.13,2.155,6.72,61574,26,23.82,0.518,20,0.856,0.498,0.601,7491705,Low
2960,Residential,Rural,18405,2,Steel,Raft,0.604,0.823,1.158,5.69,57245,11,16.2,0.29,25,0.413,0.841,0.714,13712390,Medium
2961,Industrial,Rural,1580,6,Hybrid,Pile,0.796,1.919,1.757,4.22,63488,6,16.55,0.119,14,0.296,0.726,0.652,4252740,Low
2962,Industrial,Urban,16001,7,Steel,Strip,0.85,1.165,1.141,6.54,62554,22,26.9,0.394,23,0.534,0.93,0.789,29744304,High
2963,Commercial,Urban,17605,12,RCC,Pile,0.827,1.463,1.285,6.4,57925,14,37.04,0.48,59,0.647,0.945,0.893,36905433,High
2964,Residential,Semi-Urban,14547,7,RCC,Raft,0.853,1.182,1.2,6.15,73399,3,38.56,0.662,17,0.448,0.382,0.847,15424193,Medium
2965,Commercial,Semi-Urban,18446,3,Hybrid,Pile,0.853,1.095,1.897,3.54,89353,24,34.39,0.221,7,0.297,0.684,0.757,40092849,High
2966,Residential,Rural,1139,14,Steel,Strip,0.982,0.983,1.695,8.56,165644,17,25.11,0.868,40,0.215,0.588,0.974,1802315,Low
2967,Industrial,Semi-Urban,13002,14,Steel,Strip,0.673,1.184,2.026,6.55,127139,28,22.76,0.185,34,0.763,0.636,0.599,22564828,High
2968,Industrial,Semi-Urban,5690,9,Hybrid,Raft,0.939,1.539,1.174,4.58,56075,4,20.39,0.997,27,0.909,0.663,0.82,15532200,Medium
2969,Residential,Rural,4236,2,RCC,Pile,0.511,1.966,0.816,7.12,147388,8,28.46,0.557,28,0.28,0.154,0.544,3144318,Low
2970,Commercial,Semi-Urban,16973,11,RCC,Strip,0.644,1.47,1.957,4.91,72020,6,27.06,0.147,46,0.385,0.906,0.837,22053257,High
2971,Commercial,Semi-Urban,1751,3,RCC,Raft,0.524,1.439,0.995,6.04,23309,11,26.67,0.834,51,0.216,0.226,0.863,1536123,Low
2972,Commercial,Rural,9794,11,RCC,Raft,0.826,0.842,1.219,5.05,178911,25,22.91,0.254,45,0.908,0.482,0.891,11158777,Medium
2973,Commercial,Rural,17232,2,Hybrid,Pile,0.55,1.808,1.32,8.28,6331,1,29.55,0.188,55,0.556,0.363,0.832,26823608,High
2974,Industrial,Urban,4552,11,Steel,Strip,0.923,0.854,2.07,8.96,195676,15,30.2,0.135,1,0.94,0.598,0.561,11701228,Medium
2975,Industrial,Rural,19825,9,RCC,Pile,0.823,1.887,1.864,3.97,20895,16,36.88,0.551,17,0.574,0.965,0.522,48670153,High
2976,Industrial,Urban,771,4,Steel,Pile,0.514,1.446,1.113,3.14,126021,2,34.04,0.879,0,0.89,0.471,0.857,1278517,Low
2977,Industrial,Semi-Urban,18914,2,Steel,Pile,0.857,1.002,1.816,4.32,197695,13,23.25,0.897,59,0.961,0.643,0.899,49152088,High
2978,Industrial,Rural,12198,3,RCC,Strip,0.931,1.342,2.004,6.54,36957,12,24.49,0.786,1,0.468,0.227,0.516,21328587,Medium
2979,Commercial,Rural,16389,13,RCC,Raft,0.831,1.994,1.461,4.04,78111,14,20.99,0.581,44,0.713,0.517,0.575,28506008,High
2980,Commercial,Rural,10157,4,RCC,Pile,0.515,1.166,1.218,7.87,137715,1,19.27,0.53,44,0.733,0.924,0.895,10156806,Low
2981,Commercial,Semi-Urban,9887,14,Steel,Pile,0.929,1.123,1.954,5.45,175699,11,17.72,0.374,13,0.217,0.939,0.984,22636130,High
2982,Commercial,Urban,16876,10,Hybrid,Strip,0.866,0.942,1.839,6.66,67739,4,15.85,0.044,27,0.551,0.592,0.76,35739023,High
2983,Industrial,Semi-Urban,11779,13,RCC,Pile,0.689,1.517,0.932,5.73,92017,13,25.44,0.837,43,0.884,0.792,0.577,18766003,Medium
2984,Industrial,Semi-Urban,12515,6,Steel,Raft,0.664,0.907,1.933,8.42,165801,25,38.98,0.999,56,0.957,0.103,0.661,20310718,Medium
2985,Industrial,Rural,7541,5,Steel,Pile,0.74,1.719,1.63,3.21,92822,20,28.45,0.921,59,0.919,0.578,0.891,17506944,Medium
2986,Residential,Urban,18010,3,RCC,Raft,0.934,1.903,2.081,7.38,134842,25,33.55,0.933,20,0.978,0.759,0.772,49035664,High
2987,Commercial,Semi-Urban,9208,10,Hybrid,Pile,0.626,1.918,1.124,6.91,193414,6,24.94,0.333,19,0.722,0.397,0.529,16838121,Medium
2988,Commercial,Rural,11357,8,RCC,Pile,0.55,0.929,1.239,6.9,31868,5,24.61,0.099,33,0.386,0.911,0.654,9447217,Low
2989,Industrial,Semi-Urban,9993,8,RCC,Pile,0.932,1.47,1.724,5.48,41478,26,18.13,0.872,33,0.66,0.802,0.876,24399700,High
2990,Commercial,Semi-Urban,8552,7,Hybrid,Raft,0.513,0.917,1.619,3.09,51388,4,22.5,0.764,45,0.537,0.793,0.663,10048000,Low
2991,Commercial,Rural,17495,3,RCC,Pile,0.955,1.486,1.457,7.14,162325,13,38.22,0.39,53,0.407,0.119,0.716,29450063,High
2992,Industrial,Rural,17633,14,RCC,Pile,0.653,1.778,2.068,7.98,119080,26,27.26,0.834,38,0.818,0.265,0.953,33715839,High
2993,Residential,Urban,14080,1,Hybrid,Pile,0.754,1.445,1.76,3.51,194819,18,20.11,0.139,3,0.703,0.742,0.992,33056182,High
2994,Residential,Semi-Urban,18740,5,Steel,Raft,0.566,1.846,2.007,5.65,11193,13,31.59,0.651,42,0.832,0.606,0.879,28927383,High
2995,Residential,Rural,18410,1,Steel,Pile,0.951,1.762,1.061,3.98,111734,8,25.14,0.953,27,0.416,0.621,0.62,30680129,High
2996,Industrial,Rural,10716,6,Steel,Strip,0.875,1.132,2.039,6.67,110706,19,35.68,0.91,38,0.923,0.113,0.622,20916003,Medium
2997,Commercial,Urban,6729,11,Steel,Raft,0.962,1.556,1.585,7.71,5318,15,17.32,0.761,0,0.391,0.498,0.652,16983051,Medium
2998,Industrial,Urban,13843,7,Steel,Strip,0.842,0.809,0.857,7.0,79289,29,28.05,0.267,44,0.682,0.808,0.58,20190343,Medium
2999,Industrial,Rural,2598,12,RCC,Pile,0.592,1.275,1.199,4.91,196223,1,35.03,0.103,7,0.246,0.697,0.589,3126200,Low
3000,Commercial,Urban,15938,5,Hybrid,Raft,0.654,1.086,0.844,3.84,90333,11,36.34,0.325,59,0.633,0.615,0.628,21202598,Medium
3001,Residential,Rural,8365,4,Steel,Raft,0.743,1.925,1.577,7.77,27769,16,24.91,0.617,15,0.279,0.727,0.83,11817940,Medium
3002,Residential,Semi-Urban,17057,2,Hybrid,Pile,0.804,1.286,1.354,4.94,51555,10,33.53,0.317,50,0.466,0.866,0.806,29999866,High
3003,Industrial,Urban,12711,5,Steel,Strip,0.963,1.585,2.479,3.13,49998,7,39.14,0.413,47,0.889,0.865,0.67,50656166,High
3004,Residential,Semi-Urban,1000,9,RCC,Raft,0.692,1.678,2.276,6.43,155115,8,30.55,0.404,44,0.915,0.51,0.598,1969485,Low
3005,Industrial,Semi-Urban,4146,4,Steel,Raft,0.852,1.728,2.204,4.48,151430,23,35.29,0.336,30,0.814,0.377,0.812,12833410,Medium
3006,Industrial,Semi-Urban,19247,14,Steel,Raft,0.981,1.683,1.652,8.05,170347,20,29.34,0.923,6,0.494,0.43,0.565,52303341,High
3007,Commercial,Rural,10548,2,Hybrid,Raft,0.576,1.147,2.172,3.86,44857,16,34.76,0.32,54,0.663,0.569,0.573,14884554,Medium
3008,Commercial,Semi-Urban,11844,13,Hybrid,Raft,0.931,1.623,1.254,5.61,138092,24,38.52,0.994,50,0.379,0.18,0.692,24252555,High
3009,Commercial,Semi-Urban,18780,6,RCC,Pile,0.71,1.459,1.753,4.52,69738,10,32.79,0.209,4,0.743,0.632,0.784,33507336,High
3010,Industrial,Semi-Urban,10410,8,Hybrid,Raft,0.866,1.517,1.468,7.14,193957,4,18.86,0.873,1,0.478,0.508,0.864,24646298,High
3011,Commercial,Rural,2278,2,Hybrid,Strip,0.647,0.801,1.091,6.29,164903,12,17.05,0.732,40,0.377,0.783,0.843,2519058,Low
3012,Residential,Semi-Urban,13484,9,Hybrid,Raft,0.667,1.11,0.923,7.75,143450,21,35.3,0.669,47,0.668,0.347,0.689,14117685,Medium
3013,Residential,Semi-Urban,19941,7,RCC,Pile,0.514,1.917,1.749,5.75,198301,16,21.46,0.445,52,0.289,0.16,0.827,19864980,Medium
3014,Industrial,Urban,5690,14,RCC,Pile,0.986,1.148,0.966,3.03,127580,24,36.88,0.817,3,0.749,0.905,0.606,13094922,Medium
3015,Industrial,Rural,15804,13,RCC,Strip,0.907,1.326,2.021,4.29,55756,29,19.9,0.492,9,0.35,0.161,0.747,23358103,High
3016,Commercial,Semi-Urban,7497,2,Hybrid,Raft,0.547,1.024,2.366,8.99,14876,18,37.78,0.136,34,0.643,0.935,0.808,12760446,Medium
3017,Industrial,Urban,12520,11,Hybrid,Strip,1.0,0.966,1.076,5.43,80007,16,35.13,0.28,0,0.514,0.548,0.872,25042407,High
3018,Industrial,Rural,5247,5,RCC,Strip,0.803,1.05,1.601,6.72,17343,13,37.03,0.182,38,0.653,0.151,0.54,6615735,Low
3019,Residential,Rural,9786,5,Hybrid,Strip,0.927,1.464,2.056,8.43,57051,16,20.82,0.57,2,0.397,0.213,0.551,16588625,Medium
3020,Residential,Rural,545,7,Hybrid,Strip,0.533,1.903,1.288,3.12,191085,26,36.96,0.655,42,0.448,0.58,0.537,900591,Low
3021,Commercial,Rural,8258,13,Steel,Raft,0.695,1.191,2.365,6.96,190502,15,29.69,0.336,44,0.312,0.114,0.773,11896326,Medium
3022,Industrial,Rural,955,5,RCC,Pile,0.835,1.188,2.31,4.73,104172,8,17.1,0.04,25,0.822,0.924,0.785,2537151,Low
3023,Industrial,Rural,10354,11,RCC,Pile,0.553,1.477,0.976,4.68,68418,15,38.28,0.659,16,0.256,0.817,0.506,9924159,Low
3024,Residential,Semi-Urban,19808,14,Hybrid,Raft,0.744,1.228,0.847,4.35,8013,21,19.87,0.062,57,0.501,0.554,0.828,20790577,Medium
3025,Industrial,Semi-Urban,17849,6,Hybrid,Strip,0.721,1.892,2.46,7.94,24694,21,20.34,0.966,41,0.559,0.934,0.882,49712634,High
3026,Residential,Semi-Urban,2028,14,Steel,Raft,0.608,1.253,2.426,5.24,179295,7,32.6,0.887,7,0.356,0.334,0.558,2844180,Low
3027,Commercial,Semi-Urban,3476,9,RCC,Strip,0.65,1.389,1.518,3.4,54297,20,29.58,0.831,29,0.508,0.868,0.669,3718717,Low
3028,Residential,Urban,19955,3,RCC,Strip,0.984,1.44,0.886,3.58,187198,19,37.57,0.368,7,0.534,0.825,0.925,26239514,High
3029,Industrial,Semi-Urban,13788,3,Hybrid,Raft,0.644,1.738,1.852,3.89,76163,29,22.67,0.745,28,0.379,0.624,0.844,27520812,High
3030,Commercial,Rural,6887,8,RCC,Raft,0.607,1.477,1.299,8.39,39588,22,16.04,0.046,50,0.711,0.387,0.652,7530336,Low
3031,Residential,Semi-Urban,3021,10,Hybrid,Strip,0.768,1.087,2.392,5.56,93187,14,39.87,0.09,57,0.225,0.602,0.871,4746415,Low
3032,Residential,Semi-Urban,7025,12,Steel,Strip,0.835,0.949,2.151,8.5,135315,6,22.82,0.495,50,0.358,0.961,0.944,11079521,Low
3033,Commercial,Rural,1626,6,Hybrid,Strip,0.863,1.925,1.904,7.9,112100,13,19.05,0.587,17,0.699,0.176,0.655,3786326,Low
3034,Commercial,Semi-Urban,13848,12,Steel,Strip,0.877,1.762,1.284,8.03,93252,26,39.61,0.767,23,0.702,0.281,0.842,25048339,High
3035,Residential,Semi-Urban,8216,10,Hybrid,Raft,0.518,0.828,1.992,4.72,154003,12,29.07,0.298,8,0.412,0.68,0.547,8308467,Low
3036,Industrial,Semi-Urban,16602,3,Steel,Pile,0.697,1.786,1.292,4.63,143045,22,18.72,0.543,19,0.746,0.711,0.529,35584943,High
3037,Residential,Urban,3904,2,Steel,Pile,0.887,1.509,0.864,6.36,40540,7,35.9,0.063,51,0.576,0.248,0.793,7055936,Low
3038,Commercial,Semi-Urban,4992,13,RCC,Strip,0.952,1.423,1.664,5.51,187211,20,38.64,0.471,43,0.622,0.826,0.746,9040239,Low
3039,Residential,Rural,2843,2,Hybrid,Pile,0.801,0.815,1.631,6.05,33219,3,37.03,0.671,12,0.466,0.936,0.905,4289725,Low
3040,Commercial,Rural,606,2,RCC,Pile,0.526,1.737,2.097,3.32,47779,3,19.97,0.99,36,0.987,0.172,0.89,1114728,Low
3041,Commercial,Semi-Urban,15695,5,RCC,Pile,0.698,1.038,2.272,8.83,77511,3,16.32,0.768,18,0.79,0.977,0.643,31219032,High
3042,Industrial,Semi-Urban,13741,12,Hybrid,Pile,0.537,1.674,1.403,3.35,48614,15,24.28,0.995,4,0.399,0.353,0.756,22791424,High
3043,Commercial,Semi-Urban,13075,5,RCC,Pile,0.874,0.819,1.564,4.07,127862,16,23.87,0.498,35,0.389,0.378,0.878,17663059,Medium
3044,Commercial,Rural,5301,1,RCC,Pile,0.532,1.756,1.6,7.07,48079,13,25.15,0.433,23,0.819,0.14,0.635,6131338,Low
3045,Industrial,Rural,6080,2,RCC,Strip,0.593,0.828,1.351,3.93,132597,16,34.97,0.834,52,0.51,0.548,0.681,4823441,Low
3046,Commercial,Urban,17098,2,Hybrid,Strip,0.708,1.083,2.064,3.64,46905,2,15.24,0.462,54,0.273,0.959,0.53,32572395,High
3047,Industrial,Urban,5900,4,RCC,Strip,0.731,1.122,1.688,3.92,112801,6,31.87,0.756,51,0.228,0.245,0.565,8176314,Low
3048,Industrial,Urban,7375,7,RCC,Raft,0.703,0.989,2.354,3.37,67887,17,39.63,0.995,33,0.531,0.619,0.805,13813095,Medium
3049,Commercial,Rural,9156,3,RCC,Pile,0.732,1.377,1.906,4.51,195317,6,24.98,0.725,46,0.532,0.347,0.748,13577077,Medium
3050,Commercial,Urban,6747,5,Hybrid,Pile,0.857,1.14,1.16,4.63,109886,24,27.13,0.014,7,0.765,0.117,0.584,14430208,Medium
3051,Residential,Semi-Urban,6677,11,Steel,Raft,0.685,1.992,1.08,5.99,98807,22,30.7,0.18,45,0.66,0.988,0.504,9559936,Low
3052,Industrial,Semi-Urban,7769,9,Steel,Pile,0.774,1.496,1.433,5.63,160806,18,22.14,0.276,3,0.816,0.745,0.585,19453040,Medium
3053,Residential,Rural,15474,5,Steel,Strip,0.652,1.48,1.39,5.84,49754,23,32.96,0.822,43,0.454,0.762,0.875,16238828,Medium
3054,Commercial,Urban,14537,9,Steel,Strip,0.677,1.065,1.492,6.7,92933,12,20.07,0.932,56,0.699,0.697,0.547,22102419,High
3055,Residential,Semi-Urban,19256,1,RCC,Raft,0.807,1.29,1.112,4.39,94604,19,16.62,0.65,37,0.909,0.229,0.701,21446190,Medium
3056,Industrial,Rural,16667,9,Hybrid,Strip,0.745,0.949,2.463,3.81,152084,25,35.03,0.088,7,0.255,0.286,0.619,25246297,High
3057,Residential,Urban,10880,14,RCC,Raft,0.862,1.715,1.048,8.27,93977,12,19.41,0.5,8,0.767,0.447,0.775,16220933,Medium
3058,Industrial,Semi-Urban,7117,5,Hybrid,Strip,0.78,1.197,1.91,6.8,148697,27,33.29,0.859,40,0.773,0.996,0.756,16296644,Medium
3059,Commercial,Urban,803,8,RCC,Pile,0.902,1.702,0.822,3.36,195070,24,36.78,0.362,47,0.835,0.705,0.991,1981030,Low
3060,Commercial,Rural,13183,5,Steel,Strip,0.722,1.246,1.492,8.77,78521,22,16.14,0.065,40,0.415,0.498,0.886,15015654,Medium
3061,Industrial,Urban,17217,14,Steel,Raft,0.746,1.987,1.326,7.16,53767,17,32.67,0.78,54,0.533,0.536,0.969,43901417,High
3062,Commercial,Rural,11525,12,Hybrid,Pile,0.835,1.005,1.449,3.91,51163,2,31.16,0.657,30,0.392,0.93,0.789,20924402,Medium
3063,Commercial,Urban,19215,6,RCC,Raft,0.611,0.802,1.647,8.81,158331,14,30.6,0.467,30,0.447,0.277,0.869,20691900,Medium
3064,Commercial,Semi-Urban,5061,8,Steel,Pile,0.693,1.514,1.821,5.19,110584,28,22.38,0.85,59,0.975,0.389,0.948,10799456,Low
3065,Commercial,Rural,579,2,Hybrid,Pile,0.812,1.944,1.792,8.91,89950,13,16.14,0.85,50,0.557,0.434,0.521,1857283,Low
3066,Industrial,Rural,4263,3,RCC,Strip,0.514,1.576,1.872,3.62,153131,24,17.46,0.701,39,0.879,0.908,0.958,5468134,Low
3067,Residential,Rural,10669,11,Hybrid,Strip,0.718,0.903,2.236,3.96,163823,6,21.82,0.942,6,0.836,0.799,0.606,14754445,Medium
3068,Residential,Urban,17616,9,RCC,Pile,0.799,1.449,2.307,6.94,145467,17,25.15,0.454,24,0.556,0.632,0.853,37731268,High
3069,Commercial,Urban,4476,5,RCC,Strip,0.984,1.891,2.053,3.13,106664,9,37.95,0.729,12,0.994,0.383,0.887,12601717,Medium
3070,Residential,Semi-Urban,18268,5,RCC,Strip,0.939,0.808,0.934,3.11,22855,8,32.1,0.831,4,0.873,0.282,0.555,15949301,Medium
3071,Residential,Rural,2624,9,Hybrid,Raft,0.64,1.0,2.434,7.75,157807,14,15.65,0.636,51,0.586,0.398,0.977,3741384,Low
3072,Commercial,Rural,7152,10,Hybrid,Strip,0.754,1.777,2.411,4.01,164071,2,37.99,0.553,17,0.448,0.937,0.963,15321128,Medium
3073,Commercial,Urban,5783,3,RCC,Pile,0.528,1.873,2.01,8.51,87589,10,33.01,0.732,6,0.26,0.919,0.827,10046748,Low
3074,Residential,Urban,7676,14,Steel,Strip,0.62,1.649,1.68,5.56,76263,28,27.31,0.355,37,0.572,0.48,0.578,10255713,Low
3075,Industrial,Semi-Urban,19176,4,RCC,Pile,0.887,1.99,1.226,8.24,120942,21,26.58,0.366,53,0.488,0.393,0.783,40726157,High
3076,Commercial,Semi-Urban,12909,7,Hybrid,Pile,0.562,0.908,2.086,5.51,7008,3,38.33,0.977,41,0.769,0.896,0.672,22795672,High
3077,Industrial,Urban,12819,2,RCC,Raft,0.629,1.455,2.292,6.18,69277,17,28.75,0.119,14,0.216,0.502,0.965,22489253,High
3078,Residential,Rural,1497,8,Hybrid,Pile,0.972,1.622,1.931,4.9,121999,7,27.57,0.842,55,0.865,0.135,0.703,3839740,Low
3079,Commercial,Semi-Urban,11501,5,RCC,Pile,0.912,1.643,1.869,6.95,161097,25,34.37,0.789,48,0.533,0.411,0.847,25133639,High
3080,Industrial,Urban,5164,1,RCC,Raft,0.891,1.752,1.128,4.91,46508,12,29.83,0.054,44,0.576,0.647,0.819,11591023,Medium
3081,Commercial,Urban,19241,3,Steel,Pile,0.932,1.901,1.408,4.34,72170,27,21.22,0.704,32,0.346,0.95,0.636,56633917,High
3082,Residential,Rural,18563,9,Steel,Raft,0.875,1.234,2.029,3.49,78444,7,39.97,0.094,51,0.95,0.482,0.768,31728408,High
3083,Industrial,Urban,13617,5,Hybrid,Pile,0.56,0.852,0.829,3.35,86084,3,22.02,0.211,30,0.519,0.316,0.705,16609437,Medium
3084,Residential,Urban,11731,8,RCC,Strip,0.758,1.235,1.89,4.84,179144,6,32.08,0.958,55,0.874,0.446,0.687,17381834,Medium
3085,Residential,Semi-Urban,7940,1,Hybrid,Raft,0.722,1.606,2.103,7.42,129518,3,27.24,0.362,52,0.39,0.151,0.932,14354875,Medium
3086,Commercial,Urban,11718,14,RCC,Raft,0.656,1.056,1.369,4.23,42487,4,18.05,0.057,8,0.277,0.909,0.57,13852192,Medium
3087,Industrial,Urban,16108,7,RCC,Pile,0.917,1.772,0.929,4.8,140520,16,38.97,0.521,18,0.709,0.13,0.705,34650281,High
3088,Residential,Semi-Urban,19629,7,RCC,Raft,0.732,1.064,2.193,8.43,118584,15,23.39,0.206,59,0.988,0.101,0.503,25784547,High
3089,Residential,Rural,4590,8,Steel,Pile,0.53,0.812,1.041,6.83,167371,1,31.43,0.426,5,0.718,0.653,0.631,3677179,Low
3090,Industrial,Rural,7971,3,Hybrid,Raft,0.637,1.41,1.43,8.52,131265,2,33.44,0.102,53,0.687,0.239,0.811,13157754,Medium
3091,Residential,Semi-Urban,4243,1,RCC,Raft,0.614,1.672,2.002,8.47,143736,1,24.87,0.096,35,0.554,0.366,0.544,5697894,Low
3092,Residential,Semi-Urban,10696,11,RCC,Strip,0.944,1.22,2.189,3.38,35569,26,21.52,0.504,31,0.427,0.542,0.636,15088969,Medium
3093,Industrial,Rural,7508,9,Hybrid,Pile,0.824,1.699,2.266,8.73,89720,18,16.47,0.336,27,0.545,0.813,0.94,25722621,High
3094,Industrial,Rural,3824,1,Hybrid,Strip,0.78,1.326,1.702,3.31,128189,4,38.79,0.155,58,0.319,0.449,0.846,6678262,Low
3095,Industrial,Rural,9132,11,RCC,Raft,0.753,1.006,1.609,8.55,127415,6,29.55,0.58,49,0.41,0.961,0.535,13275764,Medium
3096,Industrial,Rural,726,6,Steel,Pile,0.825,0.909,2.242,6.28,84285,11,32.91,0.062,37,0.59,0.508,0.996,1909218,Low
3097,Commercial,Rural,15363,9,Steel,Strip,0.877,1.653,1.757,6.2,94448,12,26.72,0.753,9,0.316,0.928,0.973,27575835,High
3098,Industrial,Semi-Urban,16527,14,RCC,Raft,0.777,1.263,1.784,7.28,128035,8,20.83,0.051,34,0.833,0.507,0.571,29650348,High
3099,Commercial,Urban,19285,2,Steel,Strip,0.969,1.895,1.538,8.28,10057,14,39.89,0.97,45,0.209,0.565,0.961,48467251,High
3100,Commercial,Rural,5218,4,Hybrid,Raft,0.988,1.448,1.434,6.7,74997,10,39.18,0.736,23,0.457,0.962,0.775,12194250,Medium
3101,Commercial,Rural,17908,2,Steel,Raft,0.998,1.218,1.617,5.55,106456,25,36.5,0.897,33,0.613,0.707,0.965,33821535,High
3102,Residential,Urban,6172,4,Hybrid,Pile,0.835,1.219,1.42,3.67,61959,26,37.9,0.44,50,0.943,0.234,0.984,12415480,Medium
3103,Commercial,Urban,15762,2,Hybrid,Pile,0.966,0.958,1.384,7.74,160294,23,29.38,0.058,8,0.659,0.639,0.847,42063752,High
3104,Commercial,Urban,17754,12,Hybrid,Pile,0.702,1.513,2.489,3.77,100468,4,24.19,0.229,26,0.436,0.303,0.646,49012074,High
3105,Residential,Urban,3699,1,Hybrid,Raft,0.93,1.499,1.372,7.36,171970,15,23.58,0.971,33,0.482,0.379,0.962,7868760,Low
3106,Residential,Urban,18629,11,Steel,Strip,0.955,1.76,1.236,6.17,194676,16,38.34,0.619,14,0.471,0.854,0.787,37207364,High
3107,Residential,Urban,5770,3,Hybrid,Pile,0.952,1.041,1.402,5.32,151941,14,38.97,0.228,26,0.344,0.714,0.671,11639988,Medium
3108,Industrial,Semi-Urban,13250,8,RCC,Pile,0.915,1.149,1.804,6.68,17625,15,26.01,0.483,26,0.316,0.358,0.73,25437885,High
3109,Residential,Urban,8397,5,Hybrid,Pile,0.703,0.917,2.349,7.63,189791,23,30.18,0.317,31,0.585,0.104,0.703,15726442,Medium
3110,Residential,Urban,9164,4,RCC,Pile,0.579,1.154,2.139,8.65,132264,17,35.13,0.49,44,0.416,0.578,0.968,12135907,Medium
3111,Commercial,Semi-Urban,15392,5,Hybrid,Raft,0.667,1.314,2.232,4.59,14337,27,32.56,0.837,26,0.273,0.325,0.91,26055555,High
3112,Residential,Urban,8771,6,Hybrid,Strip,0.884,1.957,2.26,8.68,159232,12,36.74,0.223,25,0.373,0.125,0.516,22387037,High
3113,Industrial,Rural,5658,6,Steel,Raft,0.616,1.584,2.365,8.77,103339,13,30.22,0.399,43,0.617,0.157,0.505,10745684,Low
3114,Residential,Rural,13344,5,Hybrid,Raft,0.739,1.739,1.2,7.88,185948,14,29.56,0.446,16,0.406,0.706,0.535,18719397,Medium
3115,Industrial,Urban,1089,12,Hybrid,Raft,0.783,1.191,1.579,8.29,96588,26,24.39,0.587,15,0.39,0.473,0.805,2566913,Low
3116,Residential,Semi-Urban,10052,11,Steel,Pile,0.802,0.973,1.455,7.15,8297,11,16.83,0.078,34,0.697,0.336,0.907,14507155,Medium
3117,Residential,Rural,16767,12,Steel,Strip,0.968,1.108,1.449,3.23,38658,11,16.39,0.207,25,0.752,0.892,0.757,23725871,High
3118,Residential,Semi-Urban,18768,6,RCC,Raft,0.831,1.108,1.909,6.45,18499,6,18.79,0.398,37,0.393,0.843,0.767,25856013,High
3119,Residential,Rural,16659,9,Steel,Raft,0.893,1.5,1.483,7.48,12919,1,16.44,0.809,55,0.578,0.52,0.62,27323797,High
3120,Industrial,Urban,14763,5,RCC,Raft,0.791,1.21,1.848,8.65,161674,24,28.38,0.187,29,0.812,0.348,0.73,31633589,High
3121,Industrial,Semi-Urban,5899,13,Hybrid,Pile,0.917,1.829,1.45,6.42,101003,20,25.09,0.882,41,0.752,0.556,0.628,19923606,Medium
3122,Commercial,Semi-Urban,9003,6,RCC,Pile,0.632,1.986,1.329,7.77,24044,8,15.66,0.339,36,0.255,0.778,0.637,13061333,Medium
3123,Industrial,Semi-Urban,1576,4,Steel,Raft,0.605,1.212,1.4,7.23,148668,8,15.55,0.254,13,0.488,0.11,0.696,2230323,Low
3124,Residential,Rural,7735,13,Hybrid,Pile,0.963,1.646,2.166,4.68,130286,18,28.08,0.409,17,0.779,0.651,0.524,21453945,Medium
3125,Commercial,Rural,16917,3,RCC,Strip,0.847,1.589,1.822,3.93,92878,22,28.73,0.554,27,0.344,0.739,0.977,24130779,High
3126,Commercial,Rural,2341,13,RCC,Pile,0.836,1.033,2.456,7.51,147269,13,15.93,0.734,39,0.357,0.835,0.957,4936535,Low
3127,Commercial,Urban,4981,12,RCC,Raft,0.734,1.902,2.216,4.4,167299,26,31.75,0.477,15,0.704,0.295,0.898,10957265,Low
3128,Residential,Rural,1634,6,Hybrid,Strip,0.688,1.039,1.626,4.47,183640,14,18.15,0.818,1,0.427,0.283,0.784,1744046,Low
3129,Industrial,Urban,13639,11,RCC,Pile,0.778,1.684,1.212,6.86,139821,15,27.36,0.819,19,0.459,0.294,0.907,27754971,High
3130,Residential,Semi-Urban,8271,11,RCC,Raft,0.56,1.217,1.946,7.73,194091,4,18.97,0.002,29,0.618,0.938,0.987,9201306,Low
3131,Commercial,Semi-Urban,9067,5,Steel,Strip,0.727,1.24,2.035,6.49,97961,19,15.98,0.792,8,0.8,0.227,0.642,15723252,Medium
3132,Residential,Urban,9415,4,RCC,Strip,0.728,1.347,1.589,8.31,44873,13,20.31,0.443,54,0.599,0.788,0.682,12234656,Medium
3133,Residential,Rural,14398,5,Hybrid,Strip,0.769,1.837,1.191,4.27,197401,9,26.6,0.967,50,0.915,0.988,0.865,22807648,High
3134,Industrial,Urban,2413,7,Steel,Pile,0.817,0.968,1.747,4.51,93614,16,33.6,0.82,0,0.285,0.952,0.821,5613452,Low
3135,Industrial,Semi-Urban,4797,1,Hybrid,Strip,0.979,0.865,1.232,6.82,35184,28,21.64,0.384,26,0.803,0.469,0.912,9027605,Low
3136,Commercial,Semi-Urban,2442,14,Steel,Pile,0.826,1.282,2.398,7.98,116922,26,32.13,0.635,53,0.635,0.855,0.673,7093380,Low
3137,Residential,Urban,18215,1,Steel,Raft,0.942,0.867,1.869,6.24,26778,28,36.57,0.194,8,0.853,0.703,0.655,37509231,High
3138,Residential,Rural,837,11,RCC,Pile,0.778,1.625,1.296,3.06,140775,9,21.74,0.29,19,0.453,0.882,0.793,1304284,Low
3139,Industrial,Rural,14756,13,Hybrid,Pile,0.813,1.712,1.167,7.06,185055,2,28.06,0.202,26,0.586,0.245,0.573,33664158,High
3140,Residential,Urban,10557,1,RCC,Raft,0.535,1.826,2.018,7.88,128041,21,25.24,0.751,38,0.859,0.788,0.52,15791431,Medium
3141,Residential,Urban,9483,2,Steel,Pile,0.567,1.693,2.003,4.66,136672,26,15.69,0.008,34,0.865,0.628,0.622,17544098,Medium
3142,Residential,Rural,16783,9,RCC,Pile,0.79,1.9,1.815,3.33,30240,10,24.8,0.407,32,0.501,0.586,0.579,28380568,High
3143,Industrial,Semi-Urban,4200,13,Steel,Raft,0.698,1.698,1.844,6.11,184019,7,24.43,0.838,12,0.858,0.756,0.503,10615206,Low
3144,Commercial,Urban,12645,5,Steel,Strip,0.899,1.923,1.827,3.25,108261,9,30.55,0.709,13,0.746,0.346,0.889,32994935,High
3145,Commercial,Rural,6618,14,Hybrid,Raft,0.772,1.032,1.412,5.5,183418,8,36.66,0.422,52,0.528,0.167,0.772,9177756,Low
3146,Residential,Rural,3173,9,Hybrid,Strip,0.941,1.4,2.394,3.11,98893,26,31.8,0.633,0,0.976,0.552,0.834,6621077,Low
3147,Commercial,Semi-Urban,2622,13,Hybrid,Pile,0.986,1.993,1.615,4.35,158629,20,23.88,0.432,49,0.225,0.372,0.582,8081339,Low
3148,Industrial,Semi-Urban,12477,5,Hybrid,Raft,0.574,1.618,0.835,5.33,15231,19,26.22,0.844,6,0.506,0.331,0.628,15357528,Medium
3149,Industrial,Semi-Urban,8750,14,RCC,Strip,0.697,1.854,1.392,3.67,140648,1,37.18,0.573,46,0.446,0.999,0.53,13865814,Medium
3150,Commercial,Semi-Urban,18946,7,Hybrid,Pile,0.832,0.836,1.021,3.68,16982,1,30.98,0.633,32,0.949,0.278,0.999,31445169,High
3151,Commercial,Semi-Urban,18138,14,Hybrid,Pile,0.653,1.846,1.418,7.96,189540,25,24.75,0.989,53,0.28,0.312,0.552,32896032,High
3152,Residential,Urban,4188,14,Hybrid,Pile,0.634,1.637,1.834,3.25,61885,20,30.0,0.77,38,0.702,0.4,0.545,8164688,Low
3153,Commercial,Rural,4248,6,Steel,Strip,0.907,1.005,0.839,7.13,199930,8,31.11,0.286,51,0.773,0.547,0.807,5399668,Low
3154,Residential,Urban,6842,2,Steel,Strip,0.99,0.831,2.279,7.89,135125,4,27.06,0.773,51,0.347,0.882,0.666,13931553,Medium
3155,Residential,Urban,16775,3,Hybrid,Strip,0.887,1.112,1.838,3.78,93183,28,36.63,0.928,33,0.32,0.259,0.944,26929600,High
3156,Industrial,Urban,14165,5,Steel,Pile,0.762,1.899,1.302,4.17,35488,22,35.32,0.295,45,0.238,0.654,0.916,34340494,High
3157,Industrial,Urban,4630,4,Steel,Strip,0.721,1.602,1.329,6.85,64116,4,28.11,0.817,52,0.327,0.432,0.934,8232314,Low
3158,Industrial,Urban,3529,14,RCC,Raft,0.77,1.903,1.592,4.89,174852,15,38.96,0.238,27,0.847,0.817,0.868,9437275,Low
3159,Industrial,Semi-Urban,19730,11,Steel,Strip,0.731,1.335,1.222,5.86,93577,2,38.83,0.434,6,0.955,0.642,0.566,32550700,High
3160,Commercial,Semi-Urban,13682,6,RCC,Strip,0.751,1.924,0.807,8.02,186614,17,39.15,0.69,45,0.921,0.816,0.532,18617710,Medium
3161,Industrial,Rural,4535,8,Steel,Pile,0.602,1.356,0.845,3.83,28631,8,20.51,0.244,51,0.492,0.87,0.532,5616107,Low
3162,Commercial,Urban,15627,8,Hybrid,Raft,0.952,1.045,1.408,6.72,78062,16,17.58,0.187,23,0.781,0.921,0.901,42504342,High
3163,Industrial,Rural,3399,3,Steel,Raft,0.877,0.982,1.011,8.65,173126,6,30.48,0.463,14,0.862,0.996,0.829,6314659,Low
3164,Commercial,Semi-Urban,10138,4,Steel,Raft,0.84,1.993,0.838,3.34,182787,1,33.19,0.783,23,0.85,0.657,0.99,20327280,Medium
3165,Residential,Semi-Urban,13722,1,RCC,Strip,0.975,1.201,2.261,3.36,64061,5,22.67,0.596,26,0.25,0.674,0.822,20998142,Medium
3166,Commercial,Semi-Urban,17796,2,Hybrid,Pile,0.642,0.992,1.266,6.33,88877,19,28.44,0.701,38,0.372,0.227,0.625,24231172,High
3167,Commercial,Urban,4742,13,RCC,Strip,0.541,0.81,1.655,8.76,195075,18,31.2,0.689,2,0.951,0.195,0.545,4430053,Low
3168,Industrial,Urban,18595,9,Hybrid,Pile,0.913,1.143,1.105,4.32,155544,3,26.58,0.544,9,0.792,0.539,0.683,50194010,High
3169,Commercial,Semi-Urban,1939,12,Hybrid,Raft,0.999,1.867,0.879,4.98,196360,2,28.53,0.316,11,0.867,0.724,0.6,5150152,Low
3170,Residential,Rural,6113,10,RCC,Strip,0.789,1.441,2.066,3.59,198669,26,16.88,0.422,40,0.611,0.323,0.814,7002930,Low
3171,Residential,Rural,5875,10,Steel,Pile,0.529,1.559,1.012,5.17,116838,2,39.85,0.381,28,0.514,0.394,0.548,5107547,Low
3172,Industrial,Semi-Urban,9377,2,Hybrid,Strip,0.89,1.907,0.844,3.27,72363,1,24.47,0.079,7,0.721,0.73,0.886,20285195,Medium
3173,Residential,Rural,2966,12,Steel,Pile,0.537,1.415,1.798,5.33,179471,3,20.13,0.898,9,0.578,0.29,0.848,3296572,Low
3174,Commercial,Semi-Urban,8324,6,RCC,Raft,0.77,1.806,0.823,6.33,30692,19,27.0,0.642,16,0.499,0.569,0.868,10697063,Low
3175,Residential,Rural,12829,14,RCC,Strip,0.639,1.189,1.542,8.85,133072,4,22.94,0.857,8,0.478,0.585,0.983,10211079,Low
3176,Industrial,Semi-Urban,12130,7,RCC,Raft,0.958,1.973,1.291,7.91,120849,3,24.79,0.776,54,0.326,0.925,0.825,29006352,High
3177,Commercial,Rural,17849,6,RCC,Strip,0.726,0.895,1.343,7.93,11590,8,29.07,0.068,41,0.624,0.462,0.894,16444860,Medium
3178,Industrial,Urban,14703,8,Hybrid,Strip,0.949,1.67,0.807,4.37,103471,12,21.96,0.216,57,0.616,0.289,0.543,32875178,High
3179,Commercial,Semi-Urban,7428,9,RCC,Pile,0.65,1.593,2.439,3.52,84123,29,31.66,0.951,14,0.673,0.257,0.972,13080161,Medium
3180,Residential,Semi-Urban,9611,8,Steel,Pile,0.694,1.03,1.679,6.62,80728,4,25.79,0.462,3,0.293,0.364,0.609,12513020,Medium
3181,Industrial,Rural,8620,5,Steel,Pile,0.974,1.267,1.773,6.13,67943,14,17.1,0.812,20,0.932,0.351,0.747,23739086,High
3182,Industrial,Semi-Urban,11564,8,Hybrid,Raft,0.601,1.175,1.932,6.1,76734,10,37.17,0.575,6,0.794,0.775,0.979,21470757,Medium
3183,Commercial,Semi-Urban,18392,10,RCC,Raft,0.789,0.913,2.156,3.65,82092,17,26.93,0.824,47,0.305,0.634,0.59,24856213,High
3184,Industrial,Semi-Urban,9904,10,Hybrid,Strip,0.694,1.502,1.833,5.96,127216,18,38.07,0.735,7,0.263,0.714,0.518,17258498,Medium
3185,Commercial,Urban,1371,9,Hybrid,Pile,0.887,1.992,2.096,3.9,80859,7,24.52,0.28,45,0.714,0.667,0.649,6100509,Low
3186,Commercial,Urban,13082,14,Hybrid,Raft,0.565,1.472,1.563,5.53,8973,13,28.57,0.991,19,0.473,0.533,0.578,21123871,Medium
3187,Commercial,Rural,1363,8,RCC,Strip,0.719,1.454,1.431,3.37,47144,22,36.84,0.491,6,0.455,0.935,0.834,1527829,Low
3188,Commercial,Urban,15383,2,Steel,Raft,0.849,0.848,2.199,8.14,179385,25,26.56,0.585,45,0.872,0.836,0.639,40937118,High
3189,Residential,Rural,12645,2,Steel,Strip,0.704,0.967,2.271,3.08,166243,13,30.83,0.54,5,0.476,0.29,0.531,13228289,Medium
3190,Commercial,Urban,3555,12,Hybrid,Pile,0.529,1.416,1.034,8.64,194898,22,21.18,0.885,8,0.706,0.481,0.947,5624399,Low
3191,Industrial,Rural,12686,3,Hybrid,Strip,0.853,1.982,1.723,8.18,82395,2,20.95,0.28,13,0.63,0.359,0.525,30720983,High
3192,Residential,Urban,3182,7,Steel,Strip,0.752,1.852,1.962,7.52,181837,8,28.57,0.062,47,0.41,0.771,0.636,6380044,Low
3193,Industrial,Urban,13382,9,Steel,Pile,0.506,1.208,0.942,8.9,103503,25,30.33,0.428,35,0.465,0.41,0.62,16246228,Medium
3194,Residential,Rural,5778,8,RCC,Pile,0.806,1.452,2.38,3.32,21338,21,31.39,0.918,51,0.955,0.676,0.512,10851819,Low
3195,Commercial,Semi-Urban,14305,9,Hybrid,Strip,0.96,1.463,1.684,6.85,160982,22,34.22,0.439,28,0.465,0.363,0.583,28813769,High
3196,Residential,Semi-Urban,17497,6,RCC,Raft,0.556,1.622,1.897,8.1,24797,20,38.06,0.278,2,0.827,0.254,0.907,18992012,Medium
3197,Residential,Urban,2372,1,Steel,Pile,0.795,1.625,1.103,3.76,152634,11,21.0,0.618,44,0.889,0.108,0.519,4568378,Low
3198,Industrial,Rural,11846,14,Steel,Strip,0.864,1.748,1.25,6.51,161097,2,30.49,0.738,30,0.257,0.995,0.512,21483744,Medium
3199,Industrial,Semi-Urban,8223,12,Steel,Pile,0.535,0.83,1.006,5.36,104483,12,26.08,0.463,23,0.73,0.298,0.817,8394909,Low
3200,Commercial,Rural,14371,4,Steel,Pile,0.511,1.932,1.249,5.61,157291,5,17.23,0.38,23,0.799,0.849,0.544,20263713,Medium
3201,Residential,Semi-Urban,16446,13,RCC,Raft,0.732,0.884,1.637,8.48,153323,21,26.34,0.365,47,0.547,0.84,0.686,17589575,Medium
3202,Residential,Rural,7689,6,Steel,Pile,0.896,1.371,2.217,6.23,103298,16,34.77,0.421,35,0.655,0.312,0.501,15647206,Medium
3203,Residential,Urban,13252,12,Hybrid,Strip,0.58,1.903,1.707,3.56,149594,1,16.98,0.843,34,0.329,0.474,0.681,19162215,Medium
3204,Commercial,Rural,12065,6,Steel,Strip,0.918,1.385,1.216,8.62,25024,12,30.16,0.483,53,0.455,0.853,0.659,19671909,Medium
3205,Commercial,Semi-Urban,7442,8,Hybrid,Pile,0.828,0.876,0.876,4.11,46625,5,25.25,0.314,24,0.766,0.721,0.806,12161696,Medium
3206,Commercial,Urban,15230,1,Steel,Pile,0.666,1.075,1.857,8.36,48032,1,31.35,0.182,55,0.682,0.433,0.75,30454533,High
3207,Commercial,Rural,11883,13,RCC,Raft,0.758,1.494,1.514,8.83,120470,3,35.53,0.283,38,0.309,0.954,0.839,17007029,Medium
3208,Commercial,Semi-Urban,744,11,Hybrid,Raft,0.983,0.905,2.473,8.27,42065,27,28.54,0.463,54,0.99,0.408,0.968,2512487,Low
3209,Industrial,Urban,520,2,RCC,Raft,0.608,1.308,2.126,7.06,13038,25,22.6,0.548,20,0.95,0.291,0.898,1048116,Low
3210,Residential,Rural,14417,2,Steel,Strip,0.75,1.195,2.174,7.46,67049,4,17.25,0.621,14,0.379,0.232,0.967,17353084,Medium
3211,Residential,Semi-Urban,14221,13,RCC,Raft,0.812,1.778,0.821,7.2,142804,9,22.22,0.071,33,0.9,0.731,0.527,19316101,Medium
3212,Residential,Rural,6267,6,Steel,Strip,0.569,0.932,2.122,5.76,129367,22,24.12,0.613,8,0.414,0.126,0.995,5043858,Low
3213,Residential,Rural,10747,14,RCC,Raft,0.522,1.619,1.131,4.65,197948,17,31.03,0.352,2,0.651,0.861,0.661,8645704,Low
3214,Residential,Urban,4015,14,RCC,Strip,0.507,1.288,1.796,4.71,116463,12,24.71,0.257,56,0.826,0.374,0.638,3909333,Low
3215,Residential,Urban,2410,11,Hybrid,Pile,0.662,1.505,1.561,7.39,127688,19,25.07,0.331,9,0.475,0.433,0.702,4407314,Low
3216,Residential,Semi-Urban,11250,7,Steel,Strip,0.537,1.047,1.772,6.76,155906,29,22.26,0.784,49,0.644,0.822,0.892,10523406,Low
3217,Residential,Urban,8576,2,RCC,Pile,0.902,1.532,1.027,6.51,64502,3,24.07,0.803,14,0.56,0.833,0.977,14919554,Medium
3218,Industrial,Semi-Urban,18506,5,Steel,Strip,0.999,1.609,1.577,6.92,108894,20,21.65,0.104,15,0.808,0.46,0.777,46720613,High
3219,Residential,Rural,15551,6,Hybrid,Strip,0.531,0.884,0.863,7.65,61525,10,33.35,0.495,12,0.583,0.598,0.577,8979725,Low
3220,Industrial,Rural,4814,4,RCC,Pile,0.716,1.789,0.87,7.49,60462,20,39.57,0.529,43,0.654,0.711,0.607,7304195,Low
3221,Commercial,Semi-Urban,2953,1,Steel,Strip,0.513,1.834,1.918,3.63,179514,8,33.37,0.03,43,0.876,0.72,0.703,4671906,Low
3222,Residential,Rural,2515,3,RCC,Strip,0.567,0.876,2.418,5.18,50033,3,16.84,0.717,0,0.759,0.581,0.683,2135144,Low
3223,Commercial,Urban,10736,14,RCC,Raft,0.661,1.524,2.122,4.58,119451,11,30.82,0.367,46,0.622,0.86,0.619,20364658,Medium
3224,Commercial,Rural,3300,10,RCC,Pile,0.697,1.513,1.598,6.23,186183,15,32.57,0.418,57,0.569,0.857,0.925,5250329,Low
3225,Commercial,Urban,9523,9,RCC,Pile,0.97,0.815,0.895,3.37,157586,20,34.46,0.61,54,0.301,0.864,0.64,14130688,Medium
3226,Industrial,Semi-Urban,12384,13,Hybrid,Raft,0.698,1.211,0.877,7.57,194822,28,34.07,0.469,32,0.245,0.341,0.796,15817986,Medium
3227,Commercial,Semi-Urban,16852,6,Hybrid,Raft,0.748,1.963,1.068,3.64,131425,12,27.71,0.748,7,0.962,0.331,0.74,33945185,High
3228,Commercial,Rural,13382,2,Steel,Pile,0.623,1.467,2.459,4.63,189828,3,21.56,0.596,15,0.349,0.226,0.962,23932901,High
3229,Commercial,Rural,10846,9,Steel,Pile,0.5,1.92,1.478,7.7,46523,7,18.01,0.226,47,0.421,0.844,0.814,15125957,Medium
3230,Residential,Urban,14535,4,RCC,Pile,0.95,1.611,2.234,3.31,46206,22,15.21,0.87,34,0.689,0.155,0.666,34695992,High
3231,Residential,Urban,16608,11,RCC,Raft,0.541,0.834,1.999,6.96,187852,1,15.04,0.216,50,0.862,0.222,0.819,16130398,Medium
3232,Industrial,Rural,3353,13,RCC,Raft,0.982,0.893,1.829,8.55,51598,10,38.41,0.714,59,0.867,0.934,0.659,7008635,Low
3233,Industrial,Rural,19120,8,Hybrid,Strip,0.565,1.667,2.411,6.71,21257,17,30.2,0.792,13,0.864,0.213,0.545,36263496,High
3234,Residential,Semi-Urban,4676,10,RCC,Raft,0.802,1.465,1.192,7.28,67310,6,29.35,0.688,40,0.982,0.209,0.743,5974957,Low
3235,Industrial,Semi-Urban,2655,7,Steel,Strip,1.0,0.953,1.573,7.75,29980,19,24.42,0.422,26,0.245,0.918,0.93,5023055,Low
3236,Residential,Semi-Urban,7329,12,RCC,Strip,0.569,1.537,2.27,4.33,130433,25,34.96,0.878,43,0.52,0.379,0.955,7403942,Low
3237,Commercial,Rural,2386,11,Hybrid,Raft,0.712,1.772,1.738,6.49,183756,12,20.5,0.328,47,0.931,0.893,0.772,5806409,Low
3238,Commercial,Rural,6971,3,RCC,Raft,0.89,1.704,1.219,4.85,56546,29,33.45,0.687,0,0.574,0.44,0.85,9727869,Low
3239,Industrial,Rural,13089,8,Hybrid,Raft,0.516,1.095,1.155,4.5,59110,28,24.07,0.878,38,0.897,0.436,0.805,13965676,Medium
3240,Residential,Semi-Urban,8891,4,Hybrid,Raft,0.845,1.11,2.08,4.15,158973,2,32.69,0.155,49,0.214,0.222,0.905,14903525,Medium
3241,Residential,Rural,19824,2,Hybrid,Pile,0.54,1.961,0.822,6.51,79360,12,32.66,0.653,42,0.603,0.927,0.552,21986201,High
3242,Industrial,Urban,13850,11,Hybrid,Raft,0.618,1.865,2.354,7.77,142507,29,22.88,0.901,29,0.938,0.786,0.701,44081072,High
3243,Residential,Rural,8399,5,Steel,Strip,0.58,1.182,0.831,8.26,93340,19,38.36,0.103,34,0.409,0.303,0.627,5300086,Low
3244,Commercial,Rural,806,1,Hybrid,Strip,0.954,1.789,1.873,5.57,131260,9,27.69,0.146,9,0.944,0.755,0.503,2439357,Low
3245,Industrial,Rural,3575,13,Steel,Pile,0.59,0.994,1.828,5.24,50309,28,21.44,0.378,30,0.207,0.193,0.915,4239439,Low
3246,Industrial,Rural,18540,8,Steel,Pile,0.52,1.036,1.783,7.12,43910,6,31.84,0.994,11,0.263,0.571,0.567,20926563,Medium
3247,Residential,Rural,7744,14,RCC,Raft,0.794,1.017,1.606,7.68,79386,17,33.77,0.224,39,0.581,0.329,0.662,7747447,Low
3248,Industrial,Urban,7111,8,RCC,Pile,0.673,0.905,2.249,4.52,64394,2,38.77,0.325,34,0.285,0.866,0.933,13445454,Medium
3249,Residential,Urban,19576,3,Hybrid,Raft,0.703,1.826,1.921,4.78,100419,7,16.83,0.835,33,0.38,0.56,0.861,41452737,High
3250,Residential,Rural,14634,1,RCC,Raft,0.56,1.495,2.129,6.2,32997,6,28.5,0.131,38,0.438,0.929,0.784,14829076,Medium
3251,Residential,Semi-Urban,18648,4,Hybrid,Pile,0.874,1.111,0.996,5.67,55275,14,27.26,0.996,31,0.585,0.627,0.655,28673780,High
3252,Residential,Rural,775,9,RCC,Pile,0.801,1.818,0.885,7.23,148816,17,22.76,0.739,11,0.512,0.554,0.758,1124959,Low
3253,Residential,Rural,5771,9,Hybrid,Strip,0.682,1.763,0.848,6.03,36137,26,34.2,0.959,44,0.938,0.725,0.528,6186990,Low
3254,Industrial,Rural,7831,1,RCC,Pile,0.586,0.921,1.05,3.67,109604,18,19.86,0.144,27,0.909,0.806,0.864,8368310,Low
3255,Commercial,Semi-Urban,12053,11,RCC,Pile,0.797,1.573,1.934,4.0,145147,6,23.19,0.232,18,0.798,0.114,0.619,23249148,High
3256,Commercial,Semi-Urban,12073,7,Steel,Pile,0.889,1.666,1.64,8.41,177728,12,34.15,0.371,23,0.727,0.57,0.74,33287923,High
3257,Industrial,Semi-Urban,10572,6,RCC,Strip,0.656,1.659,2.079,4.36,134063,6,26.93,0.051,19,0.363,0.798,0.547,17005242,Medium
3258,Industrial,Urban,16517,14,RCC,Raft,0.513,1.668,1.126,3.3,18617,22,18.4,0.061,21,0.681,0.467,0.855,20166209,Medium
3259,Commercial,Semi-Urban,18728,7,Hybrid,Strip,0.607,1.003,1.424,7.39,79442,14,37.36,0.904,10,0.318,0.141,0.948,18789362,Medium
3260,Commercial,Urban,16955,7,Steel,Pile,0.841,1.178,2.31,7.1,191514,13,33.27,0.043,27,0.562,0.116,0.728,41419327,High
3261,Commercial,Urban,7886,8,Hybrid,Pile,0.995,1.813,2.391,6.6,119929,9,29.07,0.75,44,0.569,0.814,0.542,37830516,High
3262,Commercial,Semi-Urban,7362,8,RCC,Pile,0.507,1.878,2.367,6.01,123962,18,30.23,0.718,39,0.752,0.278,0.973,12017261,Medium
3263,Commercial,Semi-Urban,7840,10,Hybrid,Raft,0.653,1.135,2.191,8.82,100280,10,30.65,0.073,19,0.868,0.257,0.724,15040347,Medium
3264,Residential,Semi-Urban,9987,14,Steel,Strip,0.531,0.828,1.97,3.72,121915,10,27.48,0.188,4,0.456,0.361,0.54,7820826,Low
3265,Industrial,Urban,15561,11,Hybrid,Strip,0.658,1.832,2.353,6.06,199426,27,33.62,0.455,50,0.233,0.192,0.594,36180415,High
3266,Residential,Rural,8135,2,RCC,Raft,0.703,1.253,2.014,6.38,101917,14,32.88,0.642,51,0.238,0.148,0.56,8071082,Low
3267,Commercial,Semi-Urban,15104,12,Hybrid,Strip,0.96,1.195,2.422,3.13,192248,9,15.07,0.896,57,0.9,0.885,0.599,43960748,High
3268,Commercial,Semi-Urban,17927,12,RCC,Raft,0.54,1.216,0.842,5.47,114501,9,17.76,0.527,39,0.589,0.373,0.578,12819388,Medium
3269,Commercial,Semi-Urban,3542,12,Steel,Raft,0.889,1.299,2.367,7.7,198262,26,15.63,0.936,6,0.398,0.624,0.961,8397973,Low
3270,Residential,Urban,17698,4,Steel,Strip,0.698,1.254,1.745,5.83,80471,25,19.22,0.19,21,0.226,0.872,0.605,22966743,High
3271,Residential,Urban,10886,4,Hybrid,Strip,0.906,1.48,0.99,8.25,127343,9,16.81,0.623,36,0.623,0.98,0.721,19658482,Medium
3272,Commercial,Rural,12192,13,Steel,Raft,0.757,0.895,1.165,6.87,110718,3,19.84,0.845,40,0.31,0.72,0.865,14037951,Medium
3273,Residential,Semi-Urban,15725,11,Hybrid,Strip,0.52,1.966,2.249,7.6,20878,26,28.46,0.233,28,0.534,0.955,0.838,24078453,High
3274,Residential,Urban,17193,10,RCC,Raft,0.973,1.924,1.66,7.83,63804,9,31.74,0.789,11,0.613,0.481,0.978,38558431,High
3275,Commercial,Rural,7161,12,Hybrid,Strip,0.541,1.921,2.471,7.14,185099,13,37.96,0.4,28,0.383,0.811,0.983,11056308,Low
3276,Residential,Semi-Urban,10753,13,RCC,Strip,0.799,1.855,1.0,7.5,99556,10,33.48,1.0,35,0.359,0.944,0.785,11780099,Medium
3277,Industrial,Urban,18761,8,Steel,Strip,0.939,1.592,1.501,7.17,132494,25,15.79,0.092,34,0.216,0.148,0.876,42223003,High
3278,Industrial,Semi-Urban,19370,14,RCC,Strip,0.54,1.065,1.364,6.3,119410,3,26.72,0.553,42,0.668,0.386,0.693,17314429,Medium
3279,Industrial,Semi-Urban,12437,13,RCC,Strip,0.777,0.859,1.677,6.4,75936,29,31.89,0.783,21,0.36,0.766,0.715,14369022,Medium
3280,Industrial,Urban,1294,13,RCC,Pile,0.912,0.919,1.877,4.14,161448,20,22.88,0.676,17,0.903,0.384,0.552,3512147,Low
3281,Commercial,Urban,15098,3,RCC,Pile,0.993,1.189,1.925,7.96,99551,4,24.22,0.506,56,0.683,0.115,0.837,38254323,High
3282,Commercial,Urban,7286,12,RCC,Strip,0.862,1.405,0.802,4.87,178949,14,35.07,0.513,21,0.645,0.826,0.635,10654692,Low
3283,Commercial,Semi-Urban,4514,13,Hybrid,Strip,0.639,1.992,0.951,6.21,73645,13,16.18,0.405,18,0.604,0.248,0.54,6198693,Low
3284,Industrial,Semi-Urban,7892,13,RCC,Strip,0.85,1.323,0.86,4.5,87285,20,28.49,0.342,33,0.372,0.389,0.549,9147107,Low
3285,Industrial,Rural,13045,12,RCC,Raft,0.853,1.43,2.27,7.18,181508,7,35.11,0.594,8,0.976,0.92,0.861,33311939,High
3286,Residential,Semi-Urban,5853,3,RCC,Pile,0.85,1.634,1.333,8.85,68235,21,34.94,0.748,9,0.974,0.288,0.614,9922841,Low
3287,Residential,Urban,3907,13,RCC,Raft,0.927,1.017,1.424,7.81,110647,7,18.01,0.279,18,0.457,0.905,0.885,6532714,Low
3288,Industrial,Semi-Urban,17858,2,RCC,Pile,0.544,1.919,1.566,6.71,9041,6,36.12,0.947,37,0.821,0.48,0.953,31011195,High
3289,Industrial,Rural,16553,1,RCC,Pile,0.554,1.435,2.244,6.41,14176,23,16.93,0.365,8,0.295,0.926,0.67,22751896,High
3290,Industrial,Rural,13689,8,Steel,Strip,0.82,1.132,0.824,5.94,55276,8,38.1,0.434,50,0.824,0.889,0.897,19094677,Medium
3291,Industrial,Urban,11713,14,Hybrid,Strip,0.977,1.922,1.002,4.23,45764,6,20.41,0.411,27,0.429,0.474,0.714,31325310,High
3292,Residential,Urban,7748,9,RCC,Raft,0.733,1.551,1.965,5.09,85064,25,17.88,0.111,29,0.431,0.93,0.886,13040550,Medium
3293,Industrial,Rural,4869,9,Hybrid,Raft,0.98,1.38,2.439,5.44,116469,4,16.85,0.116,24,0.606,0.669,0.653,16056217,Medium
3294,Residential,Rural,8550,11,Steel,Strip,0.969,1.496,1.893,8.67,133454,28,23.59,0.795,17,0.514,0.528,0.966,14747260,Medium
3295,Industrial,Rural,17348,8,Steel,Strip,0.951,1.698,1.244,5.55,35029,5,23.71,0.381,51,0.294,0.578,0.994,32467823,High
3296,Industrial,Urban,5915,5,RCC,Pile,0.955,0.985,1.684,6.52,74180,25,28.15,0.216,25,0.674,0.157,0.693,14456270,Medium
3297,Industrial,Rural,15898,1,Hybrid,Pile,0.949,1.838,2.457,8.53,33646,25,33.32,0.708,18,0.371,0.827,0.599,60810470,High
3298,Residential,Rural,8615,9,RCC,Strip,0.91,1.951,1.698,6.11,37201,18,27.74,0.96,54,0.556,0.363,0.843,12046960,Medium
3299,Residential,Urban,787,6,Steel,Pile,0.847,1.48,1.435,4.51,151626,2,39.47,0.937,26,0.385,0.343,0.792,1755296,Low
3300,Commercial,Semi-Urban,3695,12,Steel,Raft,0.512,1.619,1.452,5.29,184026,25,20.26,0.723,35,0.886,0.744,0.996,5207410,Low
3301,Industrial,Semi-Urban,18876,7,Hybrid,Pile,0.566,1.832,2.444,5.25,193443,22,20.26,0.192,3,0.47,0.434,0.906,44735839,High
3302,Commercial,Rural,7950,8,RCC,Strip,0.567,1.25,2.022,7.29,81225,24,32.62,0.154,48,0.91,0.563,0.918,7938739,Low
3303,Commercial,Semi-Urban,3425,13,Hybrid,Pile,0.512,1.991,1.968,4.78,50707,14,22.85,0.871,25,0.461,0.479,0.863,6371679,Low
3304,Residential,Semi-Urban,15015,5,Hybrid,Strip,0.558,1.617,1.194,7.38,67272,24,19.29,0.963,44,0.344,0.554,0.675,14219560,Medium
3305,Residential,Semi-Urban,18004,6,Steel,Pile,0.96,1.309,1.751,8.34,170293,24,34.81,0.622,2,0.661,0.3,0.968,36453681,High
3306,Commercial,Semi-Urban,5810,12,Hybrid,Raft,0.832,1.613,1.406,5.02,130162,14,20.66,0.901,52,0.644,0.896,0.733,14435521,Medium
3307,Industrial,Rural,17330,13,Steel,Raft,0.656,1.426,1.208,3.81,146735,5,33.72,0.815,52,0.695,0.649,0.7,25066599,High
3308,Residential,Semi-Urban,12260,7,RCC,Strip,0.897,0.934,2.322,6.83,134628,11,20.17,0.154,35,0.442,0.31,0.597,16317354,Medium
3309,Industrial,Semi-Urban,15396,7,Hybrid,Strip,0.744,1.755,1.451,5.17,26640,27,38.49,0.223,6,0.456,0.182,0.652,27406771,High
3310,Industrial,Urban,19780,2,Hybrid,Strip,0.571,1.477,1.281,6.2,15321,26,22.38,0.068,9,0.39,0.582,0.501,29296832,High
3311,Commercial,Rural,17605,14,RCC,Pile,0.942,1.755,2.384,6.8,158917,20,33.74,0.474,44,0.943,0.521,0.83,50366738,High
3312,Commercial,Urban,19047,11,Hybrid,Pile,0.669,0.986,1.135,5.45,97524,3,36.04,0.324,57,0.746,0.939,0.803,36729411,High
3313,Commercial,Urban,11274,12,RCC,Pile,0.849,1.446,2.067,8.55,124523,16,18.07,0.426,3,0.805,0.308,0.702,29187947,High
3314,Commercial,Rural,15957,14,Steel,Raft,0.645,1.72,1.91,5.4,197911,20,16.7,0.009,6,0.355,0.893,0.984,25927360,High
3315,Residential,Semi-Urban,10043,1,Steel,Strip,0.75,1.986,2.365,4.84,27370,8,29.96,0.721,21,0.729,0.79,0.847,21192923,Medium
3316,Residential,Urban,4480,8,Hybrid,Pile,0.908,1.861,2.214,8.31,167147,20,30.5,0.201,29,0.81,0.529,0.621,16473688,Medium
3317,Commercial,Rural,12076,5,Steel,Raft,0.578,1.837,1.999,3.82,169775,15,30.57,0.368,21,0.474,0.886,0.689,19306030,Medium
3318,Residential,Semi-Urban,18609,10,Steel,Strip,0.989,1.097,1.335,3.75,13426,14,26.4,0.402,52,0.326,0.876,0.758,26904972,High
3319,Commercial,Rural,3913,2,RCC,Raft,0.535,1.806,1.642,8.61,119722,14,38.37,0.066,28,0.758,0.743,0.773,4970502,Low
3320,Industrial,Urban,994,3,Steel,Strip,0.767,1.003,2.406,4.25,34310,8,32.3,0.366,10,0.689,0.191,0.638,2233912,Low
3321,Industrial,Semi-Urban,1447,6,Steel,Pile,0.958,1.038,0.839,3.89,144602,24,16.86,0.9,15,0.66,0.244,0.625,2829256,Low
3322,Industrial,Semi-Urban,522,10,Steel,Raft,0.973,0.932,2.15,6.21,115523,1,34.63,0.893,55,0.346,0.632,0.65,1748228,Low
3323,Commercial,Rural,1628,6,RCC,Raft,0.616,1.829,1.228,3.28,172365,16,21.89,0.025,56,0.41,0.321,0.982,2061117,Low
3324,Industrial,Semi-Urban,14486,8,Hybrid,Raft,0.572,0.93,1.115,6.72,31078,27,33.08,0.03,43,0.7,0.596,0.68,16389964,Medium
3325,Residential,Urban,16661,5,RCC,Strip,0.862,0.966,1.195,5.72,142050,27,16.48,0.594,56,0.691,0.605,0.687,18899050,Medium
3326,Industrial,Urban,16660,5,Hybrid,Strip,0.521,1.095,0.902,6.84,94727,28,34.17,0.205,5,0.644,0.628,0.86,17089215,Medium
3327,Industrial,Urban,17441,7,Hybrid,Raft,0.743,1.487,2.486,4.7,196540,12,28.57,0.899,36,0.815,0.613,0.581,62964986,High
3328,Industrial,Rural,10308,10,Steel,Strip,0.898,1.856,2.279,8.43,147947,14,33.02,0.483,12,0.852,0.441,0.822,29473205,High
3329,Residential,Semi-Urban,7498,13,Steel,Raft,0.78,1.302,1.686,4.62,81218,9,27.36,0.326,32,0.421,0.289,0.833,10667957,Low
3330,Commercial,Semi-Urban,7682,14,RCC,Pile,0.594,1.456,2.016,6.83,87625,14,35.03,0.953,46,0.326,0.567,0.532,10777518,Low
3331,Residential,Semi-Urban,18540,5,RCC,Raft,0.744,1.0,1.746,8.67,140919,13,38.68,0.318,50,0.361,0.546,0.595,19036162,Medium
3332,Commercial,Urban,9498,9,RCC,Raft,0.961,1.119,2.18,5.4,15532,19,33.56,0.321,7,0.425,0.348,0.733,20065991,Medium
3333,Commercial,Semi-Urban,3812,6,Steel,Strip,0.809,0.961,2.236,3.97,181334,22,33.6,0.133,10,0.958,0.146,0.918,6689782,Low
3334,Industrial,Urban,13829,7,Hybrid,Strip,0.861,1.292,1.196,3.41,14316,16,20.42,0.222,32,0.31,0.285,0.866,24867984,High
3335,Commercial,Semi-Urban,16302,12,RCC,Strip,0.668,1.508,1.582,8.78,174174,19,23.86,0.76,32,0.903,0.596,0.937,22363118,High
3336,Residential,Urban,11667,8,Hybrid,Pile,0.594,1.141,1.879,7.58,159923,25,18.13,0.76,43,0.363,0.582,0.926,19422261,Medium
3337,Residential,Semi-Urban,2824,13,Steel,Pile,0.628,1.815,2.463,8.51,14791,17,28.31,0.387,47,0.479,0.22,0.756,5512485,Low
3338,Commercial,Rural,10139,5,Steel,Pile,0.767,1.977,1.961,7.19,70774,23,26.16,0.349,39,0.301,0.645,0.811,23172225,High
3339,Industrial,Rural,13838,14,Steel,Strip,0.64,0.944,2.326,5.05,148877,5,22.37,0.418,26,0.283,0.48,0.96,18220906,Medium
3340,Industrial,Urban,11253,11,Steel,Raft,0.771,0.821,2.238,3.74,20072,28,16.73,0.301,45,0.276,0.688,0.871,23540200,High
3341,Residential,Urban,6484,4,Hybrid,Raft,0.854,1.748,1.79,8.58,80931,3,38.28,0.608,38,0.474,0.899,0.679,17330012,Medium
3342,Industrial,Semi-Urban,19395,12,Hybrid,Raft,0.867,1.029,2.319,5.94,156124,28,30.14,0.837,17,0.619,0.378,0.675,46317456,High
3343,Commercial,Semi-Urban,15642,8,RCC,Strip,0.582,1.224,1.442,5.38,9631,27,23.12,0.009,53,0.361,0.413,0.683,12821345,Medium
3344,Commercial,Rural,11563,12,Hybrid,Strip,0.875,1.273,1.445,6.47,89082,23,23.69,0.936,44,0.946,0.709,0.748,21964394,High
3345,Residential,Semi-Urban,862,10,Hybrid,Pile,0.836,1.9,2.128,3.64,19939,1,24.89,0.118,31,0.669,0.954,0.681,2658994,Low
3346,Commercial,Urban,3954,9,Hybrid,Strip,0.506,1.591,1.029,4.86,11474,22,35.29,0.9,44,0.908,0.538,0.594,5088288,Low
3347,Residential,Urban,19682,1,RCC,Raft,0.529,0.849,1.32,6.83,131485,7,20.26,0.234,40,0.319,0.252,0.797,13079427,Medium
3348,Commercial,Urban,3755,3,Hybrid,Pile,0.823,0.818,1.835,3.6,107765,25,36.41,0.917,23,0.315,0.942,0.935,8849551,Low
3349,Residential,Urban,18101,12,Hybrid,Pile,0.692,1.039,1.514,3.81,106869,25,22.78,0.787,21,0.877,0.523,0.746,31114389,High
3350,Industrial,Urban,18369,4,Hybrid,Strip,0.573,1.182,2.399,6.06,98729,7,36.78,0.269,49,0.654,0.515,0.61,37984209,High
3351,Commercial,Rural,5849,13,Steel,Pile,0.522,1.381,2.429,6.74,171948,21,37.4,0.028,58,0.951,0.586,0.907,10509588,Low
3352,Commercial,Rural,7695,7,Hybrid,Pile,0.58,1.805,1.654,4.12,68784,23,32.42,0.716,2,0.318,0.327,0.878,11340833,Medium
3353,Residential,Urban,10547,6,RCC,Strip,0.979,1.178,1.716,3.2,38232,27,37.37,0.822,2,0.221,0.806,0.85,14844917,Medium
3354,Residential,Semi-Urban,8250,10,RCC,Pile,0.864,1.252,2.032,8.75,15226,17,33.68,0.68,13,0.933,0.677,0.837,15568081,Medium
3355,Commercial,Urban,9899,10,RCC,Raft,0.764,1.195,1.577,3.16,59492,7,18.61,0.382,31,0.759,0.959,0.891,16561599,Medium
3356,Residential,Rural,14186,11,RCC,Strip,0.971,0.811,1.123,3.01,97897,13,38.9,0.127,8,0.846,0.283,0.915,12481612,Medium
3357,Commercial,Urban,8535,1,Steel,Raft,0.81,1.946,2.07,4.94,171760,28,19.75,0.347,15,0.437,0.657,0.949,23861927,High
3358,Industrial,Rural,2007,4,RCC,Raft,0.863,0.967,2.054,4.33,54962,29,27.37,0.269,24,0.202,0.565,0.805,3146154,Low
3359,Residential,Rural,17887,6,Steel,Raft,0.641,1.145,1.216,6.44,10909,13,24.59,0.723,4,0.586,0.905,0.697,17969002,Medium
3360,Commercial,Urban,15276,3,Steel,Raft,0.794,0.955,2.216,8.37,27362,10,23.7,0.159,12,0.992,0.127,0.545,36500207,High
3361,Industrial,Urban,17809,2,Steel,Pile,0.572,1.389,1.843,5.89,11629,20,34.59,0.82,58,0.926,0.785,0.861,40338560,High
3362,Industrial,Semi-Urban,7083,2,RCC,Pile,0.702,1.919,1.202,7.64,152854,2,22.27,0.612,30,0.258,0.661,0.571,12223943,Medium
3363,Commercial,Rural,4427,10,RCC,Strip,0.517,0.921,1.908,8.46,61852,6,28.44,0.483,20,0.35,0.647,0.934,3498185,Low
3364,Residential,Semi-Urban,17869,12,Steel,Strip,0.608,1.329,1.197,4.14,114315,7,23.42,0.36,39,0.449,0.888,0.703,17759979,Medium
3365,Commercial,Urban,16297,12,Steel,Raft,0.537,0.827,1.251,5.93,78134,27,37.34,0.507,50,0.864,0.631,0.938,19108925,Medium
3366,Industrial,Rural,4731,4,RCC,Raft,0.694,1.725,2.242,6.85,36633,13,18.88,0.54,8,0.86,0.744,0.759,10182224,Low
3367,Commercial,Semi-Urban,5802,13,Hybrid,Strip,0.922,1.569,2.38,4.99,98391,29,19.39,0.237,20,0.348,0.681,0.727,14651615,Medium
3368,Residential,Semi-Urban,5791,1,Hybrid,Strip,0.689,1.64,1.237,7.44,26922,23,17.78,0.989,8,0.626,0.163,0.682,6671940,Low
3369,Industrial,Semi-Urban,1408,10,Hybrid,Strip,0.916,1.367,2.378,7.23,16432,8,33.94,0.91,9,0.601,0.202,0.531,4055061,Low
3370,Commercial,Urban,15623,2,RCC,Strip,0.828,1.889,1.206,5.53,186897,21,19.04,0.391,40,0.531,0.405,0.506,24502452,High
3371,Residential,Urban,13377,13,RCC,Raft,0.755,1.291,0.999,3.53,31560,13,28.33,0.254,43,0.629,0.708,0.754,15251994,Medium
3372,Industrial,Urban,14739,10,Steel,Strip,0.618,1.417,0.899,3.07,108563,26,34.17,0.307,11,0.434,0.124,0.951,16140018,Medium
3373,Residential,Rural,3086,2,RCC,Pile,0.961,1.634,1.212,5.22,109794,11,17.89,0.98,10,0.625,0.795,0.793,5252196,Low
3374,Industrial,Urban,9835,4,RCC,Raft,0.527,1.425,1.455,3.49,25537,10,38.26,0.407,19,0.748,0.283,0.931,12412741,Medium
3375,Commercial,Rural,16140,4,RCC,Pile,0.844,1.027,2.377,7.69,33343,29,22.1,0.912,49,0.25,0.604,1.0,24539213,High
3376,Residential,Semi-Urban,18215,1,Steel,Strip,0.811,1.18,1.212,5.01,152197,27,34.81,0.059,38,0.974,0.281,0.589,21813005,High
3377,Industrial,Semi-Urban,11034,7,Steel,Pile,0.721,0.911,1.421,7.0,57408,24,34.84,0.777,32,0.332,0.258,0.83,15731641,Medium
3378,Residential,Urban,2306,7,Hybrid,Strip,0.62,1.319,2.048,5.08,126009,4,23.71,0.762,6,0.488,0.401,0.708,3474086,Low
3379,Residential,Semi-Urban,10792,10,Hybrid,Pile,0.715,1.531,1.314,7.78,162158,10,28.76,0.651,0,0.577,0.929,0.604,19061512,Medium
3380,Commercial,Urban,17689,11,RCC,Raft,0.936,0.942,1.963,8.33,167256,17,30.77,0.121,13,0.233,0.314,0.62,30633140,High
3381,Residential,Rural,11467,10,RCC,Pile,0.918,1.557,1.535,8.03,191557,28,25.39,0.981,44,0.639,0.144,0.622,17407545,Medium
3382,Industrial,Semi-Urban,16955,10,Steel,Raft,0.971,1.871,1.134,5.91,145649,8,23.95,0.213,20,0.896,0.894,0.865,47323708,High
3383,Industrial,Urban,527,1,Hybrid,Pile,0.654,1.205,2.048,3.5,36085,20,36.3,0.71,44,0.921,0.495,0.678,1661588,Low
3384,Industrial,Semi-Urban,9160,11,Hybrid,Pile,0.694,1.066,0.846,5.23,105918,5,20.05,0.751,48,0.461,0.659,0.628,14347748,Medium
3385,Industrial,Semi-Urban,7555,8,Hybrid,Raft,0.509,1.872,1.297,5.55,117933,29,34.87,0.76,7,0.647,0.897,0.943,12038345,Medium
3386,Commercial,Urban,10116,10,RCC,Raft,0.971,1.63,1.406,8.76,71307,20,20.09,0.826,16,0.821,0.78,0.517,24117539,High
3387,Residential,Semi-Urban,10940,14,RCC,Strip,0.665,0.926,1.579,6.39,102266,15,32.5,0.989,44,0.402,0.817,0.868,9338861,Low
3388,Commercial,Semi-Urban,4332,14,RCC,Raft,0.702,1.29,1.956,6.85,155030,23,22.19,0.096,53,0.623,0.532,0.98,7033101,Low
3389,Residential,Semi-Urban,16470,7,Steel,Raft,0.954,1.609,1.581,7.69,56348,10,38.18,0.472,48,0.493,0.719,0.813,33199207,High
3390,Residential,Semi-Urban,13607,7,Hybrid,Strip,0.763,1.489,1.81,6.41,68636,19,30.13,0.975,14,0.503,0.967,0.774,21301582,Medium
3391,Residential,Rural,14277,11,Steel,Raft,0.783,1.542,1.813,6.59,68738,18,28.34,0.882,1,0.275,0.901,0.531,21381839,Medium
3392,Commercial,Semi-Urban,16454,6,Hybrid,Raft,0.588,1.481,1.435,4.47,183610,26,22.38,0.991,12,0.526,0.651,0.751,22235070,High
3393,Residential,Semi-Urban,17443,12,RCC,Pile,0.749,1.758,2.388,3.35,45701,12,27.72,0.582,51,0.329,0.177,0.681,28592426,High
3394,Commercial,Urban,8457,4,Steel,Strip,0.959,1.185,2.425,7.33,175197,2,16.65,0.673,28,0.441,0.982,0.889,23647061,High
3395,Industrial,Rural,13166,11,Steel,Strip,0.779,1.65,1.789,8.09,88917,7,18.58,0.264,27,0.464,0.303,0.906,22791020,High
3396,Industrial,Urban,10610,8,RCC,Pile,0.628,1.989,0.922,5.47,170922,11,22.38,0.458,7,0.544,0.425,0.584,17157337,Medium
3397,Residential,Urban,7844,2,Hybrid,Strip,0.516,1.268,1.635,6.29,32004,15,38.73,0.021,34,0.934,0.226,0.761,9027210,Low
3398,Commercial,Urban,16962,7,Hybrid,Pile,0.668,1.749,1.114,4.84,13963,12,26.7,0.72,23,0.705,0.25,0.93,33522947,High
3399,Industrial,Rural,14196,3,Hybrid,Raft,0.786,1.095,1.621,5.7,44131,10,25.01,0.926,6,0.98,0.816,0.812,31084357,High
3400,Commercial,Urban,1531,14,Hybrid,Strip,0.521,1.138,1.12,4.25,71699,13,34.31,0.112,27,0.673,0.215,0.74,1736960,Low
3401,Commercial,Urban,18956,3,RCC,Raft,0.805,1.922,1.997,7.56,131517,22,32.34,0.454,21,0.844,0.27,0.949,47805667,High
3402,Residential,Urban,15590,14,RCC,Strip,0.762,0.831,0.937,5.95,77477,2,31.6,0.623,25,0.867,0.254,0.983,13700015,Medium
3403,Industrial,Semi-Urban,16316,7,RCC,Raft,0.892,1.061,2.421,6.28,93328,24,30.14,0.632,16,0.791,0.433,0.618,35801734,High
3404,Residential,Urban,18368,12,RCC,Strip,0.514,1.38,1.132,3.22,75592,15,18.25,0.307,37,0.736,0.725,0.591,13973723,Medium
3405,Residential,Rural,10937,3,Steel,Strip,0.89,1.282,1.923,6.73,8693,22,24.76,0.02,5,0.534,0.679,0.932,15134968,Medium
3406,Industrial,Rural,15953,5,Steel,Raft,0.76,1.555,2.359,4.22,98462,8,37.53,0.888,57,0.654,0.752,0.621,39488335,High
3407,Industrial,Semi-Urban,14758,8,Steel,Pile,0.685,1.031,1.221,5.3,71308,6,38.99,0.092,55,0.355,0.754,0.924,22239636,High
3408,Commercial,Rural,2050,14,RCC,Strip,0.983,0.885,2.388,5.48,136795,4,25.82,0.178,10,0.695,0.103,0.651,3104476,Low
3409,Industrial,Rural,13477,13,Hybrid,Pile,0.58,1.243,1.461,5.69,153674,8,15.03,0.963,37,0.611,0.716,0.51,21359339,Medium
3410,Commercial,Semi-Urban,5182,4,Steel,Pile,0.771,1.429,2.433,4.36,165374,20,27.48,0.5,1,0.843,0.716,0.711,13902018,Medium
3411,Commercial,Urban,14939,7,Steel,Pile,0.66,1.474,2.451,8.1,120393,22,20.68,0.874,31,0.922,0.156,0.52,40989243,High
3412,Commercial,Semi-Urban,18713,7,RCC,Pile,0.764,1.522,1.12,5.57,149426,5,19.7,0.897,25,0.306,0.484,0.604,24361878,High
3413,Industrial,Urban,4251,2,Hybrid,Pile,0.776,1.458,2.213,6.67,165723,20,22.09,0.989,30,0.753,0.171,0.74,13998218,Medium
3414,Residential,Urban,13414,14,Hybrid,Pile,0.545,1.095,1.129,6.68,107841,23,18.07,0.041,31,0.96,0.272,0.519,16732615,Medium
3415,Commercial,Rural,10723,8,Hybrid,Strip,0.831,1.717,1.185,6.64,51375,8,16.15,0.053,34,0.934,0.541,0.517,20625628,Medium
3416,Residential,Semi-Urban,15898,10,RCC,Pile,0.817,0.905,0.943,6.36,120298,14,26.12,0.191,1,0.868,0.111,0.578,15446093,Medium
3417,Residential,Rural,7101,12,Hybrid,Strip,0.885,1.038,1.066,7.94,68924,22,21.56,0.656,2,0.239,0.185,0.731,6555220,Low
3418,Industrial,Rural,4356,10,Steel,Strip,0.545,1.687,1.875,7.88,103234,17,21.4,0.262,32,0.402,0.176,0.987,5663369,Low
3419,Residential,Urban,13161,14,Steel,Strip,0.649,1.136,1.564,5.5,145995,23,20.54,0.496,6,0.319,0.212,0.547,12180497,Medium
3420,Residential,Rural,16091,9,Steel,Raft,0.825,1.392,2.145,6.82,182827,20,27.42,0.786,20,0.942,0.145,0.811,26077008,High
3421,Industrial,Semi-Urban,6682,6,RCC,Pile,0.568,1.193,1.364,3.62,96013,2,33.33,0.186,47,0.799,0.651,0.749,8992255,Low
3422,Commercial,Rural,8470,14,Hybrid,Raft,0.839,1.408,2.447,3.54,117013,19,31.42,0.286,24,0.625,0.261,0.53,20267855,Medium
3423,Residential,Rural,15654,5,RCC,Pile,0.53,1.216,0.885,5.88,100728,26,39.4,0.728,15,0.984,0.876,0.517,11486940,Medium
3424,Industrial,Urban,2594,1,Hybrid,Raft,0.667,1.993,0.907,8.4,78572,4,37.85,0.008,22,0.356,0.896,0.611,5743722,Low
3425,Residential,Semi-Urban,12595,1,RCC,Strip,0.923,1.229,1.992,6.9,149160,14,25.43,0.757,16,0.713,0.722,0.842,20190143,Medium
3426,Residential,Rural,19916,9,Steel,Raft,0.887,1.552,2.309,7.02,127219,7,35.32,0.676,32,0.688,0.158,0.981,41125281,High
3427,Commercial,Urban,14172,14,RCC,Strip,0.822,1.866,2.152,3.95,110618,25,19.61,0.13,17,0.472,0.902,0.778,30941287,High
3428,Residential,Rural,18432,4,RCC,Raft,0.935,1.566,1.633,5.72,62514,16,20.31,0.244,38,0.588,0.477,0.523,26664828,High
3429,Industrial,Semi-Urban,14728,1,RCC,Pile,0.855,1.479,1.258,5.4,66749,10,32.52,0.015,22,0.388,0.263,0.629,26944705,High
3430,Residential,Rural,9059,11,Steel,Pile,0.76,1.483,0.823,7.7,176720,11,20.42,0.581,8,0.742,0.801,0.971,11248207,Medium
3431,Commercial,Rural,564,10,RCC,Raft,0.99,1.396,1.666,3.83,28506,22,26.28,0.397,2,0.535,0.412,0.506,997529,Low
3432,Commercial,Urban,3799,12,RCC,Raft,0.847,1.769,1.609,6.24,7399,26,23.05,0.423,47,0.219,0.555,0.801,7163924,Low
3433,Industrial,Rural,5349,3,Steel,Pile,0.801,0.861,1.385,8.47,168163,5,20.82,0.103,34,0.961,0.769,0.589,10651936,Low
3434,Commercial,Urban,6139,6,Hybrid,Raft,0.704,1.862,1.783,8.35,22758,25,18.86,0.352,23,0.601,0.191,0.533,14545711,Medium
3435,Residential,Semi-Urban,18919,14,RCC,Raft,0.951,1.504,2.039,8.11,121284,12,30.3,0.919,5,0.765,0.253,0.627,34260376,High
3436,Commercial,Rural,11555,11,Steel,Pile,0.648,1.819,1.992,5.25,194411,24,16.4,0.065,18,0.358,0.972,0.968,21415218,Medium
3437,Industrial,Semi-Urban,19112,13,RCC,Strip,0.505,0.812,1.248,8.65,36913,24,32.56,0.975,55,0.302,0.742,0.881,13440708,Medium
3438,Commercial,Semi-Urban,17480,13,Steel,Pile,0.598,1.843,1.795,7.83,104049,24,37.37,0.848,13,0.922,0.308,0.586,35632017,High
3439,Commercial,Rural,11366,11,Hybrid,Pile,0.555,0.944,1.053,8.11,64153,15,23.59,0.203,2,0.673,0.616,0.533,12026243,Medium
3440,Commercial,Urban,4389,8,Hybrid,Raft,0.659,1.665,1.007,8.59,114816,24,25.33,0.705,5,0.595,0.269,0.747,7345694,Low
3441,Industrial,Semi-Urban,15958,13,RCC,Pile,0.913,1.3,2.136,8.62,96605,24,29.76,0.091,16,0.617,0.879,0.526,44277047,High
3442,Commercial,Semi-Urban,18279,10,Steel,Pile,0.826,1.617,1.979,4.44,167863,10,31.66,0.16,35,0.389,0.504,0.702,42359800,High
3443,Commercial,Rural,952,2,Hybrid,Raft,0.584,1.554,2.105,3.77,90342,26,28.62,0.488,21,0.93,0.826,0.9,1962242,Low
3444,Residential,Rural,11495,8,Hybrid,Raft,0.894,0.996,1.059,7.15,171995,23,32.26,0.4,52,0.371,0.975,0.75,14933117,Medium
3445,Industrial,Rural,3131,14,Steel,Strip,0.752,1.418,2.355,6.38,56875,2,35.21,0.815,3,0.326,0.983,0.948,6818772,Low
3446,Commercial,Rural,2686,13,RCC,Pile,0.756,1.133,1.026,4.96,119262,18,39.75,0.939,9,0.944,0.224,0.896,3184170,Low
3447,Industrial,Rural,6467,1,Hybrid,Strip,0.681,1.473,2.279,7.11,162648,11,24.82,0.943,31,0.406,0.95,0.778,13146444,Medium
3448,Commercial,Rural,4848,11,Hybrid,Strip,0.932,1.686,1.399,3.37,58420,5,29.62,0.147,46,0.89,0.343,0.895,10379716,Low
3449,Commercial,Urban,1959,2,Hybrid,Strip,0.659,0.898,0.979,3.28,76561,6,24.4,0.686,48,0.818,0.424,0.547,2745906,Low
3450,Commercial,Semi-Urban,2442,8,RCC,Strip,0.547,1.419,1.288,5.13,129808,13,20.95,0.571,51,0.506,0.157,0.601,2291781,Low
3451,Residential,Urban,15396,7,Hybrid,Pile,0.651,1.541,1.108,4.16,9240,25,39.94,0.37,48,0.403,0.681,0.85,22540187,High
3452,Residential,Urban,14907,5,Steel,Pile,0.858,1.154,1.634,7.31,116353,17,15.35,0.995,42,0.807,0.68,0.503,32961183,High
3453,Residential,Rural,16122,13,RCC,Pile,0.829,1.944,2.415,8.69,123210,27,16.62,0.456,57,0.678,0.799,0.502,34339990,High
3454,Industrial,Semi-Urban,15057,10,Hybrid,Strip,0.594,1.424,1.357,6.97,150952,16,29.58,0.665,3,0.403,0.952,0.69,21671277,Medium
3455,Industrial,Urban,16945,2,Steel,Raft,0.556,1.019,1.841,6.93,163016,23,32.75,0.503,12,0.913,0.485,0.934,28730102,High
3456,Residential,Rural,18378,9,Steel,Pile,0.83,0.929,2.316,3.04,97865,23,33.22,0.103,18,0.777,0.467,0.99,31293605,High
3457,Industrial,Rural,18064,5,RCC,Strip,0.838,1.45,1.871,6.07,191493,24,32.58,0.141,45,0.927,0.675,0.825,32388509,High
3458,Commercial,Semi-Urban,13593,8,Steel,Strip,0.683,1.25,1.416,7.9,168784,29,34.72,0.75,54,0.55,0.701,0.975,16719821,Medium
3459,Commercial,Urban,3288,13,RCC,Strip,0.921,1.031,2.484,6.92,96776,1,33.62,0.802,42,0.303,0.501,0.924,6339103,Low
3460,Commercial,Urban,10900,4,RCC,Strip,0.989,0.837,1.119,4.37,160089,28,28.65,0.364,53,0.939,0.927,0.601,16632418,Medium
3461,Residential,Urban,16989,14,RCC,Strip,0.603,1.48,1.69,8.09,65544,13,26.75,0.067,37,0.681,0.147,0.702,17213956,Medium
3462,Industrial,Rural,4425,9,Steel,Strip,0.789,1.518,2.154,8.79,79410,10,33.01,0.957,47,0.685,0.781,0.812,10129779,Low
3463,Residential,Semi-Urban,18792,10,RCC,Pile,0.503,0.97,0.801,4.67,132992,13,33.31,0.497,25,0.667,0.287,0.576,10585225,Low
3464,Industrial,Semi-Urban,18933,7,RCC,Raft,0.857,1.522,1.993,4.24,33484,20,23.31,0.134,29,0.578,0.546,0.657,39739405,High
3465,Commercial,Urban,15068,2,Steel,Pile,0.707,1.942,1.253,5.03,153965,26,15.07,0.198,42,0.404,0.866,0.878,31850869,High
3466,Residential,Rural,13156,3,RCC,Pile,0.597,1.974,1.089,3.38,45703,21,22.86,0.045,30,0.69,0.397,0.672,12476669,Medium
3467,Industrial,Urban,9966,14,Hybrid,Strip,0.876,1.866,1.266,8.24,171103,18,28.37,0.71,50,0.775,0.91,0.963,31839186,High
3468,Industrial,Semi-Urban,4404,2,Steel,Pile,0.905,1.768,2.444,8.58,175726,18,28.15,0.704,37,0.933,0.506,0.703,18923300,Medium
3469,Commercial,Rural,15967,5,Steel,Raft,0.556,1.051,2.316,6.8,138356,27,24.5,0.603,11,0.258,0.732,0.61,18577150,Medium
3470,Residential,Urban,10919,2,Steel,Raft,0.52,0.988,1.163,7.59,48103,4,38.31,0.546,18,0.404,0.75,0.605,9538632,Low
3471,Residential,Urban,17176,5,Hybrid,Strip,0.667,1.334,0.999,7.01,86078,3,26.91,0.381,22,0.821,0.335,0.844,20904280,Medium
3472,Residential,Rural,10914,13,RCC,Raft,0.813,1.544,1.419,5.26,155415,16,18.48,0.951,49,0.82,0.911,0.684,15047793,Medium
3473,Commercial,Semi-Urban,12665,9,Steel,Strip,0.897,1.821,1.807,6.79,129536,29,19.84,0.801,45,0.37,0.212,0.619,25274038,High
3474,Residential,Rural,11183,2,Steel,Raft,0.773,1.078,2.274,8.02,41034,7,17.36,0.908,40,0.348,0.631,0.847,15589207,Medium
3475,Commercial,Urban,15942,9,Steel,Raft,0.79,1.376,2.442,7.86,96385,7,21.71,0.312,9,0.494,0.936,0.711,45132425,High
3476,Commercial,Urban,5360,7,Hybrid,Pile,0.9,1.577,2.077,3.49,57670,2,22.62,0.978,14,0.25,0.128,0.923,15085625,Medium
3477,Commercial,Urban,4229,7,Hybrid,Raft,0.764,1.335,1.818,5.78,11215,16,23.35,0.165,49,0.784,0.578,0.774,10772546,Low
3478,Industrial,Urban,14900,14,Hybrid,Strip,0.806,1.345,1.042,5.38,23399,5,35.9,0.056,16,0.736,0.322,0.986,29680628,High
3479,Residential,Semi-Urban,9119,5,RCC,Raft,0.758,1.07,0.926,7.51,177949,21,34.14,0.32,51,0.887,0.273,0.687,8570623,Low
3480,Residential,Semi-Urban,11664,8,RCC,Raft,0.94,1.984,1.813,6.01,14143,8,27.4,0.201,12,0.544,0.31,0.641,23000311,High
3481,Commercial,Urban,6610,7,Hybrid,Pile,0.618,1.37,1.716,5.1,68539,8,26.11,0.518,23,0.709,0.912,0.822,14945408,Medium
3482,Commercial,Semi-Urban,7455,6,RCC,Strip,0.632,1.439,2.238,7.24,29047,11,24.45,0.35,15,0.963,0.483,0.854,11348928,Medium
3483,Residential,Semi-Urban,606,2,Hybrid,Strip,0.564,1.062,1.348,5.84,197831,29,15.34,0.172,38,0.967,0.312,0.508,949775,Low
3484,Commercial,Semi-Urban,5254,6,RCC,Strip,0.91,1.417,0.867,4.54,193716,20,37.99,0.844,37,0.257,0.935,0.835,6479797,Low
3485,Residential,Urban,12025,14,RCC,Pile,0.706,1.106,1.52,8.34,193610,10,22.29,0.508,29,0.202,0.389,0.591,14198384,Medium
3486,Industrial,Rural,6908,2,Hybrid,Raft,0.674,1.043,2.448,3.68,53354,1,36.05,0.11,44,0.968,0.751,0.979,15770292,Medium
3487,Commercial,Rural,8135,1,Steel,Strip,0.991,1.131,2.152,3.11,12564,6,33.52,0.075,57,0.628,0.583,0.788,16753387,Medium
3488,Residential,Rural,1725,9,Steel,Raft,0.963,0.803,0.857,3.86,109656,28,17.86,0.383,43,0.76,0.711,0.563,2249500,Low
3489,Commercial,Urban,12696,13,RCC,Raft,0.986,1.484,2.287,3.98,149205,7,22.83,0.908,54,0.93,0.264,0.526,36840119,High
3490,Residential,Semi-Urban,4750,5,RCC,Raft,0.571,1.265,1.602,6.23,8044,17,27.12,0.508,14,0.547,0.711,0.94,4483188,Low
3491,Residential,Semi-Urban,15872,10,RCC,Pile,0.946,1.878,1.42,6.75,101508,24,21.55,0.139,3,0.553,0.915,0.925,30593020,High
3492,Commercial,Urban,17779,10,RCC,Raft,0.664,0.849,1.389,5.69,143159,16,25.05,0.247,55,0.334,0.191,0.717,18309724,Medium
3493,Industrial,Urban,12597,4,RCC,Pile,0.506,0.852,1.812,4.23,170128,14,22.06,0.049,43,0.925,0.394,0.544,16552864,Medium
3494,Residential,Rural,18504,12,RCC,Pile,0.696,1.863,1.702,3.79,155703,25,30.89,0.832,51,0.718,0.975,0.695,28268199,High
3495,Residential,Rural,12555,11,Hybrid,Pile,0.755,0.952,1.916,5.95,107583,24,24.02,0.946,9,0.344,0.303,0.88,17691277,Medium
3496,Residential,Urban,5919,8,Steel,Strip,0.554,0.803,1.775,6.39,25357,3,23.66,0.078,39,0.648,0.154,0.831,5532030,Low
3497,Industrial,Rural,18269,5,Steel,Pile,0.769,1.015,1.045,4.82,163912,9,21.79,0.173,45,0.463,0.15,0.933,22414910,High
3498,Industrial,Semi-Urban,16213,14,Hybrid,Strip,0.91,1.789,1.237,4.32,52960,10,35.04,0.171,58,0.318,0.348,0.876,33025740,High
3499,Commercial,Urban,12284,7,Hybrid,Pile,0.689,1.763,2.23,3.48,5999,3,31.15,0.804,45,0.345,0.545,0.665,35859147,High
3500,Industrial,Urban,2933,3,Steel,Pile,0.676,1.208,1.928,3.16,11338,12,33.02,0.839,31,0.647,0.342,0.671,6820175,Low
3501,Commercial,Semi-Urban,11498,8,Steel,Pile,0.669,1.602,1.562,3.63,38812,4,24.85,0.419,20,0.652,0.353,0.824,20781191,Medium
3502,Commercial,Semi-Urban,12075,8,RCC,Pile,0.962,1.409,1.11,7.45,9893,12,35.99,0.969,28,0.832,0.848,0.655,25615557,High
3503,Industrial,Semi-Urban,1801,3,Steel,Raft,0.524,1.886,0.813,5.06,145342,22,25.41,0.259,29,0.398,0.79,0.934,2415288,Low
3504,Commercial,Rural,7358,9,RCC,Raft,0.723,0.868,1.33,3.16,149385,23,19.41,0.525,56,0.933,0.38,0.664,7936733,Low
3505,Industrial,Urban,9450,14,RCC,Pile,0.632,1.776,0.893,6.05,58551,13,27.77,0.996,6,0.615,0.41,0.744,15090294,Medium
3506,Commercial,Rural,9438,8,Steel,Raft,0.947,1.005,1.62,6.22,31133,24,26.12,0.827,41,0.363,0.973,0.522,17023355,Medium
3507,Industrial,Semi-Urban,6144,1,RCC,Strip,0.548,1.27,2.197,5.57,75796,7,17.29,0.487,28,0.531,0.955,0.559,8343976,Low
3508,Industrial,Rural,11578,8,RCC,Raft,0.706,1.03,1.285,3.66,105440,19,31.57,0.109,9,0.939,0.976,0.566,15285697,Medium
3509,Commercial,Semi-Urban,9760,12,Hybrid,Raft,0.703,1.643,2.241,7.53,137906,27,35.3,0.904,53,0.583,0.945,0.672,24189268,High
3510,Residential,Rural,15190,11,Steel,Raft,0.944,1.614,1.998,7.13,45522,27,23.9,0.542,49,0.9,0.665,0.558,32498225,High
3511,Commercial,Rural,3807,4,Hybrid,Pile,0.608,1.457,1.013,5.37,34679,18,33.98,0.308,21,0.328,0.377,0.729,4736552,Low
3512,Industrial,Semi-Urban,16988,6,RCC,Strip,0.822,1.638,1.896,5.28,150993,27,29.65,0.451,59,0.931,0.973,0.635,37808210,High
3513,Residential,Rural,895,14,RCC,Pile,0.567,1.567,1.058,3.94,25784,18,21.82,0.311,16,0.544,0.769,0.636,862652,Low
3514,Commercial,Urban,11345,13,Hybrid,Strip,0.977,1.732,1.913,7.52,189043,28,23.6,0.551,17,0.949,0.74,0.723,40216892,High
3515,Commercial,Rural,3791,10,Hybrid,Pile,0.797,1.087,1.043,6.6,18476,29,38.65,0.273,45,0.893,0.818,0.927,6505874,Low
3516,Commercial,Rural,18894,9,Hybrid,Raft,0.813,1.315,1.467,3.51,77920,9,20.39,0.446,4,0.728,0.639,0.881,34233445,High
3517,Residential,Urban,13638,5,RCC,Strip,0.717,0.982,1.763,5.27,182515,7,18.8,0.426,38,0.738,0.625,0.942,16866711,Medium
3518,Industrial,Semi-Urban,5037,7,Steel,Raft,0.671,1.316,0.886,8.42,86698,7,16.89,0.616,16,0.369,0.425,0.995,6583287,Low
3519,Commercial,Urban,10360,13,RCC,Strip,0.606,1.642,1.061,5.71,167322,21,36.89,0.014,33,0.682,0.236,0.506,10610726,Low
3520,Commercial,Rural,17935,1,Hybrid,Strip,0.802,1.63,1.345,4.95,140451,13,31.8,0.599,3,0.64,0.495,0.846,29013914,High
3521,Commercial,Semi-Urban,19725,9,Steel,Pile,0.977,1.651,1.586,6.86,179075,6,17.92,0.593,40,0.467,0.566,0.56,56234203,High
3522,Commercial,Rural,7118,14,Hybrid,Pile,0.68,1.171,2.259,4.22,61681,7,34.14,0.392,7,0.604,0.89,0.968,14653670,Medium
3523,Commercial,Rural,5223,6,RCC,Raft,0.942,1.595,1.118,6.14,192759,13,30.74,0.247,25,0.943,0.461,0.613,8385160,Low
3524,Industrial,Urban,15337,11,Steel,Raft,0.574,1.241,1.391,7.02,193856,25,39.66,0.839,24,0.204,0.895,0.675,23362628,High
3525,Industrial,Urban,9039,4,Steel,Strip,0.968,1.933,1.609,8.13,63812,26,27.79,0.345,35,0.534,0.386,0.99,27007768,High
3526,Commercial,Semi-Urban,1763,6,RCC,Strip,0.675,1.212,1.303,7.16,72498,20,27.91,0.312,42,0.467,0.95,0.934,2124878,Low
3527,Residential,Semi-Urban,13805,5,Hybrid,Pile,0.69,1.524,1.864,5.31,90368,6,21.23,0.463,38,0.969,0.135,0.524,26349833,High
3528,Industrial,Semi-Urban,11434,3,Hybrid,Pile,0.731,1.7,1.236,7.61,172407,17,19.77,0.278,10,0.979,0.573,0.523,30584783,High
3529,Residential,Rural,10765,7,Hybrid,Pile,0.859,1.888,2.113,8.39,183363,23,33.34,0.831,2,0.669,0.389,0.909,26289401,High
3530,Industrial,Urban,16839,3,RCC,Pile,0.86,1.326,1.659,5.87,127505,20,24.32,0.565,43,0.64,0.365,0.535,41086883,High
3531,Commercial,Urban,1851,13,Hybrid,Pile,0.74,1.233,0.947,3.03,89814,18,33.11,0.754,39,0.923,0.171,0.926,3677918,Low
3532,Industrial,Urban,7690,14,Steel,Strip,0.762,1.316,1.866,8.29,171850,20,34.36,0.745,27,0.205,0.713,0.962,15647666,Medium
3533,Commercial,Semi-Urban,19530,13,Hybrid,Strip,0.515,1.188,1.768,3.99,8863,8,37.58,0.788,38,0.65,0.453,0.512,22562189,High
3534,Industrial,Urban,17150,2,Hybrid,Raft,0.652,1.585,1.376,3.76,152145,18,25.69,0.869,55,0.22,0.954,0.61,34142608,High
3535,Commercial,Urban,11385,14,Steel,Strip,0.673,1.919,0.819,4.85,176165,15,17.4,0.919,24,0.975,0.741,0.512,19218210,Medium
3536,Commercial,Urban,7934,4,Steel,Pile,0.779,0.951,1.141,5.28,185968,1,15.54,0.384,21,0.456,0.499,0.536,12905908,Medium
3537,Commercial,Semi-Urban,1522,7,Hybrid,Strip,0.779,1.473,1.49,7.8,134650,1,22.3,0.444,12,0.617,0.665,0.767,2919908,Low
3538,Commercial,Urban,2537,5,Steel,Strip,0.855,1.877,1.14,5.34,192616,7,38.31,0.05,3,0.534,0.159,0.865,5013904,Low
3539,Residential,Semi-Urban,9256,14,RCC,Strip,0.859,0.92,1.782,3.29,71092,16,33.69,0.926,27,0.915,0.63,0.74,11506560,Medium
3540,Commercial,Urban,14058,9,Steel,Raft,0.618,1.393,2.011,6.82,75261,23,28.98,0.587,18,1.0,0.7,0.693,30243781,High
3541,Residential,Urban,17943,10,RCC,Raft,0.885,1.838,2.255,7.03,146683,20,20.99,0.712,2,0.255,0.196,0.603,35272025,High
3542,Residential,Urban,1924,7,Steel,Strip,0.51,1.881,1.9,7.89,56508,14,32.82,0.436,26,0.786,0.714,0.618,2907966,Low
3543,Commercial,Semi-Urban,4623,12,RCC,Strip,0.858,1.417,1.971,5.39,67822,28,33.52,0.474,58,0.494,0.527,0.791,7843731,Low
3544,Residential,Semi-Urban,17103,14,RCC,Pile,0.551,0.83,1.834,3.52,20819,21,20.76,0.543,10,0.311,0.532,0.928,13264481,Medium
3545,Industrial,Urban,905,9,Hybrid,Raft,0.865,0.927,2.475,6.32,109579,29,32.7,0.795,5,0.524,0.751,0.702,2835924,Low
3546,Commercial,Rural,10329,14,Steel,Pile,0.764,1.504,1.244,3.73,187107,12,18.01,0.613,47,0.999,0.505,0.97,18631992,Medium
3547,Residential,Semi-Urban,19202,9,Steel,Pile,0.719,0.949,1.253,3.1,37467,5,17.54,0.811,30,0.486,0.311,0.526,22103961,High
3548,Commercial,Semi-Urban,10451,12,Steel,Strip,0.845,0.979,1.015,7.67,123985,7,16.38,0.217,55,0.422,0.368,0.915,11888665,Medium
3549,Commercial,Urban,9483,2,RCC,Strip,0.518,1.727,1.626,5.42,143526,12,35.25,0.206,28,0.877,0.765,0.669,12940332,Medium
3550,Commercial,Rural,18193,1,Hybrid,Strip,0.612,1.701,0.963,6.15,86042,19,21.77,0.207,7,0.894,0.164,0.934,19300900,Medium
3551,Residential,Urban,12525,11,Steel,Pile,0.808,1.811,1.259,6.98,25227,5,30.1,0.005,10,0.471,0.857,0.96,26547088,High
3552,Industrial,Semi-Urban,5429,4,Hybrid,Pile,0.924,0.927,1.621,5.41,133846,7,18.61,0.179,55,0.439,0.624,0.85,13517629,Medium
3553,Industrial,Semi-Urban,10022,4,Hybrid,Pile,0.691,1.038,2.428,3.31,76973,28,26.06,0.119,8,0.718,0.754,0.678,23570193,High
3554,Residential,Urban,13138,13,RCC,Strip,0.629,1.8,2.438,4.52,164776,27,15.69,0.454,30,0.364,0.409,0.728,17911227,Medium
3555,Commercial,Urban,9202,2,Steel,Strip,0.759,1.665,2.064,4.17,111513,7,36.5,0.127,0,0.587,0.3,0.776,19509547,Medium
3556,Residential,Rural,11264,3,Hybrid,Strip,0.811,1.767,1.462,8.86,18159,13,28.49,0.416,6,0.313,0.824,0.731,15599856,Medium
3557,Residential,Rural,12621,3,Steel,Pile,0.71,1.988,2.271,7.44,185895,25,37.26,1.0,9,0.444,0.192,0.896,23122324,High
3558,Residential,Semi-Urban,14719,5,Steel,Pile,0.938,1.837,2.288,5.71,19303,20,26.69,0.503,8,0.438,0.249,0.886,38414633,High
3559,Commercial,Rural,2117,1,Steel,Raft,0.762,1.425,2.347,3.38,174932,17,22.91,0.925,12,0.756,0.356,0.506,4537191,Low
3560,Residential,Rural,10748,9,Hybrid,Strip,0.518,1.173,1.888,3.7,79866,5,25.02,0.702,26,0.426,0.416,0.576,9196445,Low
3561,Commercial,Semi-Urban,18404,8,RCC,Pile,0.612,1.484,1.143,7.88,62551,14,21.1,0.894,17,0.919,0.283,0.682,23248043,High
3562,Residential,Semi-Urban,2083,8,RCC,Raft,0.725,1.566,0.955,8.67,5160,11,37.14,0.626,15,0.986,0.921,0.836,2738198,Low
3563,Industrial,Semi-Urban,7204,3,Hybrid,Pile,0.849,1.202,2.355,3.19,180393,20,22.39,0.81,3,0.265,0.124,0.615,19282650,Medium
3564,Residential,Semi-Urban,8488,2,Steel,Pile,0.61,1.725,0.894,8.46,86714,19,22.31,0.303,29,0.518,0.823,0.661,10621197,Low
3565,Residential,Urban,18459,1,Steel,Strip,0.988,0.911,1.303,5.28,74950,23,30.79,0.372,37,0.441,0.47,0.731,24723447,High
3566,Industrial,Semi-Urban,10453,12,RCC,Raft,0.659,1.735,1.628,4.28,58709,25,18.07,0.96,19,0.482,0.853,0.795,17032012,Medium
3567,Commercial,Semi-Urban,3113,6,Hybrid,Pile,0.766,0.838,0.837,3.61,179017,4,20.48,0.268,40,0.412,0.816,0.951,4622495,Low
3568,Commercial,Semi-Urban,4392,13,Hybrid,Raft,0.509,1.398,2.342,7.63,89876,22,25.75,0.421,57,0.506,0.209,0.902,6463775,Low
3569,Residential,Rural,12836,10,RCC,Raft,0.942,1.834,1.288,5.81,144315,17,19.57,0.651,11,0.313,0.7,0.68,17630956,Medium
3570,Industrial,Semi-Urban,7233,1,Hybrid,Strip,0.894,0.904,0.848,7.99,179697,17,21.43,0.392,27,0.424,0.441,0.884,11007017,Low
3571,Commercial,Urban,4931,14,Hybrid,Raft,0.598,1.421,2.489,4.36,140777,3,32.5,0.021,43,0.798,0.839,0.916,13109650,Medium
3572,Residential,Urban,18265,11,RCC,Strip,0.967,0.991,1.329,7.07,86340,14,22.0,0.792,0,0.475,0.866,0.761,25265586,High
3573,Industrial,Semi-Urban,4015,5,RCC,Strip,0.658,1.874,2.291,3.71,152165,21,30.93,0.336,8,0.366,0.27,0.648,6518273,Low
3574,Commercial,Urban,4954,9,Hybrid,Strip,0.846,1.799,1.571,3.54,112459,6,27.36,0.228,41,0.287,0.531,0.972,11394580,Medium
3575,Commercial,Rural,8269,11,Hybrid,Raft,0.909,1.921,1.927,3.8,66662,25,34.19,0.506,48,0.478,0.635,0.981,21528188,Medium
3576,Industrial,Semi-Urban,8884,9,RCC,Pile,0.87,1.85,1.21,7.85,111421,25,33.77,0.008,32,0.715,0.59,0.612,19730868,Medium
3577,Industrial,Urban,14227,13,RCC,Strip,0.959,1.684,1.655,6.93,42700,10,19.94,0.864,52,0.403,0.327,0.893,31054376,High
3578,Industrial,Urban,4034,12,Steel,Pile,0.932,1.022,1.238,4.0,71685,27,38.58,0.261,0,0.538,0.345,0.521,9229461,Low
3579,Industrial,Semi-Urban,1255,4,Hybrid,Raft,0.997,1.163,2.417,5.31,138631,17,35.06,0.923,41,0.962,0.872,0.501,5367524,Low
3580,Residential,Urban,19409,7,Hybrid,Pile,0.591,1.396,0.904,7.58,15369,2,28.32,0.678,8,0.642,0.129,0.676,23155173,High
3581,Industrial,Semi-Urban,17711,14,RCC,Pile,0.652,1.507,1.267,4.71,196171,27,28.99,0.549,21,0.626,0.336,0.731,25737451,High
3582,Commercial,Urban,19217,11,RCC,Strip,0.818,1.739,2.318,8.53,38835,12,35.72,0.806,8,0.528,0.301,0.773,41468759,High
3583,Commercial,Rural,8802,7,Steel,Strip,0.867,1.072,1.616,8.49,119047,24,27.1,0.993,4,0.645,0.434,0.689,12936568,Medium
3584,Residential,Urban,13407,4,Steel,Strip,0.767,0.954,1.82,6.32,154285,21,26.96,0.251,53,0.988,0.717,0.564,21778105,High
3585,Commercial,Urban,9484,5,RCC,Raft,0.537,1.379,1.908,6.79,107587,16,30.75,0.355,1,0.403,0.579,0.672,12428126,Medium
3586,Commercial,Semi-Urban,14885,11,Hybrid,Pile,0.921,0.989,0.921,6.92,169762,16,17.21,0.484,13,0.954,0.587,0.911,29901951,High
3587,Industrial,Urban,7681,9,Steel,Raft,0.98,1.632,0.83,4.55,159202,3,29.55,0.539,11,0.319,0.758,0.668,18675263,Medium
3588,Commercial,Semi-Urban,13945,7,RCC,Raft,0.703,1.491,2.394,5.19,117509,25,20.6,0.553,28,0.289,0.831,0.796,23507212,High
3589,Residential,Rural,13375,7,RCC,Raft,0.612,1.689,1.262,3.82,72580,18,17.92,0.549,15,0.724,0.244,0.84,11637835,Medium
3590,Industrial,Semi-Urban,3914,10,RCC,Raft,0.51,0.876,1.447,8.55,130861,7,35.39,0.828,47,0.401,0.197,0.866,3491898,Low
3591,Industrial,Semi-Urban,15505,7,Hybrid,Strip,0.619,1.958,1.96,7.34,43581,10,24.55,0.405,8,0.556,0.371,0.744,33852483,High
3592,Residential,Urban,10001,9,RCC,Pile,0.85,0.8,1.202,3.28,99526,8,27.57,0.011,50,0.784,0.845,0.563,14234501,Medium
3593,Industrial,Rural,14745,5,RCC,Strip,0.956,1.191,2.046,6.3,175937,28,22.34,0.876,31,0.628,0.588,0.95,27169721,High
3594,Industrial,Semi-Urban,6957,6,Hybrid,Strip,0.547,1.616,1.579,5.06,72133,18,15.77,0.662,52,0.211,0.229,0.63,8494891,Low
3595,Residential,Urban,7249,3,RCC,Raft,0.777,0.854,2.256,7.89,125397,17,26.06,0.189,23,0.445,0.247,0.669,9562002,Low
3596,Industrial,Urban,796,1,RCC,Strip,0.848,0.9,1.274,5.06,72857,3,33.76,0.03,52,0.252,0.908,0.887,1527696,Low
3597,Residential,Semi-Urban,10321,11,Steel,Pile,0.638,0.892,1.146,6.86,59010,8,33.96,0.316,57,0.941,0.43,0.882,11570987,Medium
3598,Residential,Urban,17452,12,RCC,Raft,0.785,1.498,2.214,3.99,166720,20,38.05,0.124,19,0.836,0.33,0.948,30021351,High
3599,Commercial,Semi-Urban,5783,2,Hybrid,Strip,0.858,1.875,1.355,6.35,162669,29,36.01,0.897,19,0.987,0.724,0.517,14216099,Medium
3600,Commercial,Semi-Urban,13619,8,Steel,Raft,0.919,1.467,1.5,4.76,68511,5,39.56,0.278,59,0.908,0.875,0.937,33081369,High
3601,Industrial,Semi-Urban,8164,13,RCC,Pile,0.726,1.524,2.149,3.99,170157,25,29.29,0.706,52,0.58,0.498,0.896,18064043,Medium
3602,Industrial,Rural,8011,1,Hybrid,Raft,0.874,1.215,1.88,6.72,134157,20,16.27,0.658,50,0.906,0.812,0.763,21287582,Medium
3603,Residential,Semi-Urban,5965,10,RCC,Strip,0.651,0.822,1.551,6.83,98587,12,36.58,0.714,41,0.738,0.487,0.58,5054225,Low
3604,Industrial,Urban,13057,7,Steel,Strip,0.607,0.826,1.225,8.9,36477,25,38.8,0.53,42,0.62,0.722,0.772,16659789,Medium
3605,Residential,Rural,4882,5,Hybrid,Pile,0.594,1.866,2.099,7.01,167729,6,26.6,0.73,51,0.497,0.617,0.597,8565654,Low
3606,Residential,Urban,16949,13,Steel,Pile,0.679,0.923,1.107,6.09,57707,28,17.85,0.512,4,0.745,0.905,0.982,21370146,Medium
3607,Industrial,Rural,17763,6,Hybrid,Raft,0.518,2.0,2.378,8.48,91217,23,15.62,0.378,19,0.672,0.393,0.854,35516644,High
3608,Residential,Rural,9908,8,Hybrid,Strip,0.641,0.997,1.056,7.97,191528,24,30.34,0.858,15,0.691,0.793,0.798,8859302,Low
3609,Commercial,Rural,14190,4,RCC,Pile,0.826,1.61,2.168,6.29,98910,10,31.69,0.459,18,0.52,0.716,0.907,28602459,High
3610,Industrial,Rural,5569,6,Hybrid,Pile,0.824,1.939,1.521,6.07,71605,10,15.41,0.568,11,0.791,0.855,0.766,16358444,Medium
3611,Commercial,Urban,12172,14,Hybrid,Strip,0.537,1.235,1.116,8.65,103801,1,38.73,0.465,16,0.265,0.647,0.53,13832191,Medium
3612,Industrial,Semi-Urban,17391,11,RCC,Pile,0.644,1.681,1.484,6.7,198973,9,28.56,0.775,33,0.781,0.514,0.63,30784948,High
3613,Residential,Urban,8204,3,Hybrid,Pile,0.785,1.221,1.177,7.28,57905,18,30.31,0.54,26,0.785,0.145,0.991,14106186,Medium
3614,Industrial,Semi-Urban,18009,7,Hybrid,Strip,0.659,1.166,1.031,3.52,141114,3,29.1,0.471,40,0.613,0.856,0.925,23372230,High
3615,Commercial,Urban,17769,2,Hybrid,Pile,0.709,1.042,1.207,7.31,156491,1,22.92,0.258,59,0.411,0.919,0.964,33159026,High
3616,Residential,Rural,19725,12,Hybrid,Strip,0.856,1.785,2.275,4.59,108508,10,37.51,0.912,25,0.615,0.505,0.549,39266088,High
3617,Industrial,Rural,8475,8,RCC,Strip,0.505,1.109,0.98,3.69,55999,27,15.1,0.863,49,0.298,0.3,0.624,5070860,Low
3618,Industrial,Semi-Urban,12569,13,RCC,Raft,0.638,1.14,2.453,8.1,114644,3,33.68,0.431,33,0.428,0.682,0.532,20595820,Medium
3619,Industrial,Semi-Urban,7065,7,Steel,Strip,0.571,1.999,0.808,7.15,63921,18,24.02,0.66,20,0.537,0.21,0.911,8430470,Low
3620,Commercial,Urban,5370,12,Hybrid,Pile,0.564,1.193,1.919,5.45,56724,7,19.76,0.508,41,0.739,0.137,0.587,9958440,Low
3621,Commercial,Semi-Urban,19409,12,RCC,Raft,0.98,1.307,2.256,5.59,159421,7,25.9,0.176,40,0.35,0.361,0.705,38949985,High
3622,Industrial,Urban,9617,8,Hybrid,Raft,0.688,1.988,2.388,4.18,167699,22,19.95,0.376,2,0.327,0.712,0.635,31490623,High
3623,Residential,Semi-Urban,2438,2,RCC,Pile,0.764,1.243,1.045,3.06,186207,10,36.72,0.853,40,0.686,0.833,0.965,3248928,Low
3624,Residential,Semi-Urban,12054,3,Steel,Raft,0.867,1.239,1.987,5.1,109738,28,34.89,0.797,35,0.744,0.241,0.804,20270692,Medium
3625,Commercial,Semi-Urban,3732,12,Hybrid,Pile,0.524,1.793,0.982,3.89,37264,27,36.42,0.102,28,0.267,0.952,0.9,4890366,Low
3626,Residential,Rural,3965,4,Steel,Raft,0.621,1.174,1.399,5.53,195476,13,35.9,0.075,44,0.227,0.597,0.801,3932598,Low
3627,Commercial,Rural,940,12,Steel,Pile,0.916,1.081,2.044,8.0,9647,4,35.62,0.854,59,0.318,0.933,0.806,2514275,Low
3628,Industrial,Urban,17345,9,Steel,Strip,0.931,1.308,1.388,3.69,35627,12,29.54,0.899,18,0.921,0.235,0.691,38706290,High
3629,Commercial,Semi-Urban,5913,12,RCC,Strip,0.686,1.641,1.333,3.55,78076,3,37.55,0.294,20,0.738,0.512,0.62,7441932,Low
3630,Commercial,Urban,12163,12,Hybrid,Raft,0.687,0.852,0.997,8.41,185350,23,16.48,0.349,11,0.937,0.488,0.674,18072559,Medium
3631,Industrial,Semi-Urban,6255,5,RCC,Raft,0.878,1.249,0.913,7.47,102960,16,22.15,0.336,43,0.732,0.471,0.647,9397369,Low
3632,Residential,Rural,5512,6,RCC,Strip,0.648,1.215,0.996,3.32,52878,11,20.31,0.127,22,0.972,0.938,0.846,4326448,Low
3633,Commercial,Rural,16626,1,Hybrid,Pile,0.559,1.094,2.288,3.48,94310,3,18.03,0.745,46,0.551,0.864,0.711,27412092,High
3634,Commercial,Semi-Urban,7252,4,Hybrid,Raft,0.629,1.585,0.819,7.11,18300,25,15.16,0.37,27,0.679,0.815,0.775,10433732,Low
3635,Industrial,Semi-Urban,505,14,Hybrid,Strip,0.694,1.148,1.978,5.22,198334,26,25.07,0.836,54,0.681,0.358,0.885,1423699,Low
3636,Residential,Rural,5276,4,Hybrid,Raft,0.526,1.528,2.107,7.35,116562,8,33.1,0.879,11,0.203,0.405,0.633,5811929,Low
3637,Commercial,Rural,7538,10,RCC,Strip,0.739,1.405,1.765,5.43,121957,7,31.12,0.913,1,0.222,0.333,0.712,8071840,Low
3638,Industrial,Urban,6914,8,Hybrid,Strip,0.87,1.061,2.042,8.81,88534,14,31.28,0.818,58,0.316,0.814,0.76,18423480,Medium
3639,Commercial,Rural,4470,8,Hybrid,Strip,0.757,1.12,1.909,7.17,81172,2,37.2,0.789,29,0.609,0.454,0.527,7148871,Low
3640,Industrial,Semi-Urban,11550,10,Hybrid,Pile,0.536,1.005,1.574,3.28,103402,10,38.93,0.449,11,0.544,0.981,0.576,18329295,Medium
3641,Residential,Urban,3106,6,Steel,Raft,0.72,0.868,1.451,4.98,170346,3,32.01,0.027,38,0.632,0.428,0.532,4270451,Low
3642,Residential,Semi-Urban,16982,8,Hybrid,Pile,0.854,1.543,2.4,6.38,172315,24,17.12,0.112,38,0.84,0.253,0.876,43980031,High
3643,Residential,Urban,1025,9,Hybrid,Pile,0.529,1.607,2.452,3.85,166002,28,31.92,0.531,17,0.858,0.937,0.65,2396281,Low
3644,Residential,Semi-Urban,6837,5,RCC,Strip,0.53,0.999,1.907,3.02,17566,11,28.87,0.36,57,0.982,0.804,0.711,6312096,Low
3645,Commercial,Rural,1680,1,Steel,Pile,0.685,1.538,1.135,3.48,101948,19,16.61,0.829,56,0.646,0.625,0.836,2772838,Low
3646,Commercial,Semi-Urban,13557,1,RCC,Raft,0.597,1.979,1.561,6.15,19116,8,21.43,0.563,23,0.478,0.873,0.983,20507287,Medium
3647,Residential,Urban,6422,2,Steel,Raft,0.967,0.889,1.644,6.79,36507,20,20.94,0.099,11,0.446,0.955,0.906,11740060,Medium
3648,Residential,Semi-Urban,3571,2,RCC,Strip,0.791,1.388,2.089,3.56,120063,5,34.32,0.479,17,0.473,0.875,0.529,5066028,Low
3649,Residential,Urban,3292,5,RCC,Strip,0.644,1.68,1.935,6.99,123162,9,23.63,0.822,5,0.459,0.914,0.653,4979783,Low
3650,Commercial,Semi-Urban,14344,7,Hybrid,Raft,0.852,0.855,1.675,6.7,38003,13,27.52,0.863,7,0.514,0.344,0.525,24013691,High
3651,Residential,Rural,514,7,Hybrid,Raft,0.687,1.734,1.957,8.64,140825,11,34.64,0.166,56,0.26,0.56,0.531,1161635,Low
3652,Residential,Rural,19299,4,Steel,Strip,0.566,1.975,0.841,8.04,74699,26,38.41,0.1,48,0.707,0.816,0.564,17611549,Medium
3653,Residential,Semi-Urban,3185,13,Steel,Pile,0.619,0.906,2.12,8.66,31556,2,28.46,0.387,14,0.654,0.573,0.661,4416184,Low
3654,Industrial,Semi-Urban,16712,4,Steel,Raft,0.821,1.787,1.16,8.8,77647,12,28.88,0.066,43,0.57,0.678,0.616,36663544,High
3655,Residential,Semi-Urban,9928,14,Hybrid,Strip,0.526,1.254,1.916,5.64,134837,3,17.4,0.726,6,0.265,0.931,0.676,10207476,Low
3656,Industrial,Urban,8659,14,RCC,Strip,0.636,0.973,0.994,5.93,193381,15,27.36,0.448,28,0.275,0.366,0.911,8019988,Low
3657,Industrial,Semi-Urban,4600,11,Steel,Raft,0.604,1.392,0.995,4.69,14391,28,32.16,0.198,57,0.636,0.585,0.899,5879589,Low
3658,Residential,Semi-Urban,6874,10,Hybrid,Strip,0.601,0.886,0.861,6.05,176539,28,19.73,0.102,52,0.229,0.607,0.675,4832301,Low
3659,Industrial,Urban,6504,3,Hybrid,Raft,0.841,1.427,2.347,3.9,80681,1,17.78,0.927,24,0.78,0.424,0.83,23728365,High
3660,Residential,Rural,6021,11,RCC,Strip,0.913,0.823,1.828,7.03,134895,24,36.58,0.043,12,0.995,0.431,0.686,6743797,Low
3661,Commercial,Semi-Urban,11912,2,RCC,Strip,0.858,1.674,1.415,3.15,133518,28,17.87,0.098,31,0.678,0.792,0.693,18523023,Medium
3662,Commercial,Semi-Urban,12255,3,Hybrid,Pile,0.823,1.386,2.139,4.41,145081,11,37.83,0.234,11,0.779,0.937,0.838,37048990,High
3663,Commercial,Rural,19517,8,RCC,Strip,0.958,1.351,1.864,4.25,103356,25,21.84,0.095,47,0.551,0.67,0.692,29469581,High
3664,Commercial,Rural,4390,1,RCC,Raft,0.529,1.035,1.854,8.63,114525,10,23.25,0.644,24,0.734,0.539,0.775,4375155,Low
3665,Industrial,Urban,17675,4,Hybrid,Raft,0.584,1.234,1.628,3.87,141458,25,28.14,0.218,18,0.721,0.775,0.558,34017537,High
3666,Residential,Semi-Urban,9691,7,Steel,Pile,0.707,1.018,0.813,8.34,155559,3,19.7,0.48,41,0.859,0.998,0.769,12028503,Medium
3667,Residential,Semi-Urban,651,5,Steel,Raft,0.686,1.682,1.239,3.75,169030,14,32.21,0.86,54,0.769,0.174,0.871,1261959,Low
3668,Residential,Urban,19947,2,Hybrid,Strip,0.709,1.039,0.985,6.9,14910,21,28.1,0.825,15,0.799,0.686,0.944,23766360,High
3669,Commercial,Rural,14361,1,Steel,Pile,0.603,1.54,1.926,4.92,176194,16,38.65,0.146,11,0.645,0.6,0.574,23254811,High
3670,Commercial,Urban,18975,6,Hybrid,Raft,0.575,1.136,1.223,4.9,30406,9,37.78,0.089,59,0.588,0.649,0.705,27072193,High
3671,Residential,Rural,15532,13,Hybrid,Strip,0.755,1.588,1.565,8.99,172312,14,34.24,0.664,34,0.567,0.121,0.743,21035374,Medium
3672,Commercial,Urban,5099,13,RCC,Pile,0.964,1.449,1.401,4.36,174113,21,19.62,0.21,35,0.514,0.96,0.952,12193371,Medium
3673,Residential,Rural,12774,5,Steel,Strip,0.696,1.308,1.043,4.22,131240,1,20.34,0.781,23,0.413,0.177,0.629,10237822,Low
3674,Residential,Urban,12718,3,Hybrid,Raft,0.522,1.608,2.429,6.54,40353,1,21.71,0.434,32,0.227,0.377,0.583,19599016,Medium
3675,Residential,Rural,3477,11,Steel,Raft,0.853,1.299,2.387,7.44,136522,4,35.85,0.155,35,0.737,0.368,0.571,6852335,Low
3676,Residential,Rural,17726,11,Steel,Raft,0.646,1.786,0.944,8.9,150246,23,31.2,0.974,3,0.921,0.76,0.577,21628386,Medium
3677,Residential,Rural,4293,11,Steel,Raft,0.623,1.676,2.207,7.21,156885,23,19.39,0.056,34,0.944,0.704,0.935,7249871,Low
3678,Residential,Rural,2159,9,Hybrid,Pile,0.662,1.449,1.63,6.37,102489,23,26.46,0.124,49,0.664,0.156,0.81,3119083,Low
3679,Residential,Rural,5662,3,RCC,Raft,0.862,1.852,2.115,5.45,13956,29,39.37,0.812,55,0.275,0.235,0.71,8341161,Low
3680,Commercial,Semi-Urban,11205,2,Steel,Pile,0.909,1.795,1.057,6.57,67974,22,33.31,0.453,53,0.903,0.387,0.933,27167591,High
3681,Residential,Rural,16540,5,Hybrid,Pile,0.794,1.438,1.025,6.61,48513,29,38.36,0.938,49,0.798,0.734,0.649,25024536,High
3682,Residential,Semi-Urban,4770,9,Steel,Strip,0.661,0.882,2.314,4.31,38249,1,35.22,0.113,7,0.401,0.936,0.964,5844745,Low
3683,Commercial,Rural,13786,8,RCC,Raft,0.655,1.479,2.326,7.03,56559,27,33.13,0.157,7,0.843,0.384,0.879,20247618,Medium
3684,Commercial,Semi-Urban,4103,6,Steel,Strip,0.562,1.226,1.592,4.23,20038,19,35.75,0.002,6,0.578,0.573,0.51,4224202,Low
3685,Commercial,Semi-Urban,14272,3,Hybrid,Strip,0.967,1.448,2.279,5.94,19480,21,32.31,0.217,39,0.91,0.435,0.731,41114810,High
3686,Residential,Urban,18100,6,Steel,Strip,0.819,1.577,1.935,4.56,9648,12,29.18,0.657,24,0.398,0.62,0.921,30864274,High
3687,Industrial,Rural,2791,5,Steel,Strip,0.513,1.574,1.115,4.88,152531,20,33.4,0.723,47,0.841,0.665,0.698,3273129,Low
3688,Industrial,Urban,13623,1,Steel,Strip,0.831,1.608,1.359,6.68,152238,27,20.74,0.43,34,0.77,0.566,0.994,32484222,High
3689,Commercial,Urban,4311,5,RCC,Raft,0.724,1.615,1.031,3.39,34344,4,27.26,0.257,14,0.212,0.45,0.923,5180360,Low
3690,Industrial,Rural,13847,14,Steel,Strip,0.986,0.931,2.116,3.07,146599,9,38.78,0.716,17,0.651,0.892,0.877,28681190,High
3691,Commercial,Urban,14351,7,Hybrid,Pile,0.91,1.03,2.475,3.78,100380,7,35.22,0.173,10,0.772,0.822,0.568,50656578,High
3692,Residential,Rural,16013,9,Steel,Pile,0.586,1.557,1.729,4.01,71996,25,38.16,0.767,29,0.325,0.999,0.554,19284721,Medium
3693,Industrial,Urban,5642,12,Steel,Raft,0.86,1.29,1.915,4.19,45269,29,39.19,0.787,28,0.626,0.471,0.821,14623933,Medium
3694,Residential,Rural,12694,1,Steel,Pile,0.743,1.715,2.068,7.64,83913,14,29.68,0.441,22,0.443,0.135,0.831,21873772,High
3695,Industrial,Rural,8026,3,RCC,Strip,0.594,0.95,1.181,5.68,81976,23,19.9,0.194,33,0.757,0.686,0.574,7033022,Low
3696,Residential,Rural,19862,8,Hybrid,Pile,0.849,1.03,1.371,5.82,67790,26,33.53,0.63,18,0.632,0.805,0.927,30809049,High
3697,Industrial,Semi-Urban,14013,6,Steel,Strip,0.774,1.47,1.501,6.87,138070,3,15.18,0.853,15,0.697,0.943,0.937,28709813,High
3698,Residential,Urban,12584,13,Hybrid,Raft,0.515,1.401,1.811,7.37,40358,15,17.23,0.53,5,0.258,0.109,0.708,14465368,Medium
3699,Residential,Semi-Urban,13849,5,Hybrid,Pile,0.823,1.12,2.246,3.02,124720,11,22.15,0.461,40,0.31,0.892,0.804,27630594,High
3700,Industrial,Urban,15568,13,RCC,Pile,0.817,1.29,1.232,8.14,53071,10,15.38,0.979,14,0.642,0.565,0.755,33016064,High
3701,Residential,Urban,5095,10,Hybrid,Pile,0.572,0.842,1.601,8.93,29774,20,32.08,0.537,8,0.345,0.437,0.518,5860063,Low
3702,Residential,Urban,15902,2,Steel,Raft,0.674,0.844,2.078,3.73,146731,15,35.41,0.034,28,0.599,0.3,0.545,21636411,Medium
3703,Residential,Semi-Urban,10455,3,RCC,Raft,0.793,0.914,0.949,6.91,137169,25,33.84,0.502,41,0.752,0.833,0.89,10534658,Low
3704,Industrial,Urban,19054,12,RCC,Pile,0.569,1.492,1.672,3.01,106798,17,18.61,0.445,1,0.848,0.427,0.744,33216720,High
3705,Industrial,Semi-Urban,14496,2,Hybrid,Raft,0.926,1.836,1.045,3.29,61172,19,35.1,0.292,46,0.314,0.644,0.805,32954931,High
3706,Residential,Rural,19905,1,RCC,Strip,0.514,1.112,1.717,4.71,61488,11,35.71,0.317,32,0.794,0.561,0.806,13699560,Medium
3707,Residential,Urban,1685,7,Hybrid,Raft,0.551,0.841,2.105,8.08,162956,20,17.41,0.931,37,0.491,0.337,0.69,2178913,Low
3708,Industrial,Urban,3785,14,Hybrid,Pile,0.558,1.65,1.203,6.92,106076,16,27.31,0.134,22,0.743,0.809,0.515,8419374,Low
3709,Industrial,Rural,3947,3,RCC,Strip,0.764,1.826,2.244,5.67,180877,4,32.2,0.764,55,0.316,0.368,0.893,7093701,Low
3710,Residential,Rural,11162,7,Steel,Pile,0.81,0.966,1.369,5.63,103621,7,25.17,0.902,12,0.612,0.809,0.734,14904302,Medium
3711,Residential,Urban,5399,12,Hybrid,Pile,0.702,1.263,1.124,5.8,185495,11,37.23,0.259,19,0.87,0.469,0.569,9468546,Low
3712,Residential,Rural,16560,7,RCC,Pile,0.644,0.99,1.591,4.87,52311,20,28.23,0.067,6,0.285,0.127,0.511,12471030,Medium
3713,Commercial,Semi-Urban,2435,8,RCC,Raft,0.905,0.928,2.289,8.27,48410,26,18.05,0.307,56,0.862,0.791,0.509,5124250,Low
3714,Industrial,Semi-Urban,9945,1,Hybrid,Pile,0.534,1.578,0.917,6.41,126938,24,28.26,0.433,16,0.562,0.909,0.517,14912182,Medium
3715,Commercial,Urban,9774,5,Hybrid,Strip,0.64,1.961,1.357,5.9,139383,17,29.44,0.951,50,0.859,0.208,0.578,18499351,Medium
3716,Industrial,Semi-Urban,10835,10,Hybrid,Strip,0.52,1.614,1.91,5.79,30018,19,38.84,0.43,20,0.967,0.627,0.616,19091903,Medium
3717,Industrial,Semi-Urban,18169,9,Hybrid,Strip,0.507,1.982,1.408,8.61,13800,26,25.55,0.092,27,0.328,0.165,0.624,23119275,High
3718,Industrial,Urban,9045,12,Steel,Pile,0.677,1.321,0.92,7.34,169932,10,37.33,0.147,29,0.74,0.847,0.816,18482769,Medium
3719,Industrial,Rural,7979,11,Steel,Strip,0.597,1.877,1.364,3.87,8784,15,23.0,0.353,22,0.388,0.989,0.621,10410144,Low
3720,Industrial,Urban,5755,7,Steel,Strip,0.634,1.046,2.196,5.62,191836,6,26.31,0.184,20,0.308,0.545,0.837,9834866,Low
3721,Industrial,Semi-Urban,18769,1,Steel,Strip,0.91,0.941,2.446,4.73,168462,13,31.88,0.061,48,0.702,0.382,0.912,44103141,High
3722,Industrial,Urban,5562,8,RCC,Strip,0.581,1.643,0.868,8.92,171711,3,37.14,0.175,0,0.286,0.861,0.692,6023940,Low
3723,Commercial,Urban,7566,3,Hybrid,Raft,0.89,1.246,1.768,5.49,142676,8,34.35,0.105,16,0.572,0.569,0.859,20098017,Medium
3724,Residential,Semi-Urban,11212,13,RCC,Pile,0.838,1.181,0.979,3.41,184657,7,18.89,0.203,31,0.709,0.504,0.552,13087669,Medium
3725,Residential,Semi-Urban,16491,4,RCC,Pile,0.663,1.606,1.957,5.47,45407,5,19.84,0.996,23,0.6,0.305,0.664,22880764,High
3726,Commercial,Urban,3522,4,Steel,Strip,0.773,1.2,0.813,4.93,138210,18,16.71,0.445,6,0.758,0.654,0.841,4815631,Low
3727,Commercial,Semi-Urban,2047,10,RCC,Pile,0.722,1.487,0.825,6.6,79016,27,30.54,0.659,34,0.841,0.646,0.966,2943598,Low
3728,Commercial,Semi-Urban,12710,14,Steel,Strip,0.564,1.159,2.121,4.36,76651,21,26.01,0.165,35,0.898,0.337,0.808,17309720,Medium
3729,Commercial,Semi-Urban,4704,12,Hybrid,Strip,0.954,1.741,0.927,3.22,41112,16,36.9,0.849,13,0.648,0.29,0.682,8210779,Low
3730,Industrial,Semi-Urban,8090,8,Steel,Strip,0.785,1.175,1.319,3.58,127388,9,39.74,0.267,55,0.421,0.495,0.657,11560829,Medium
3731,Residential,Semi-Urban,1868,1,Hybrid,Pile,0.94,1.442,2.429,4.7,159604,11,36.96,0.982,11,0.608,0.506,0.696,5266910,Low
3732,Industrial,Semi-Urban,12029,8,Steel,Raft,0.912,0.828,2.475,5.09,143753,21,16.17,0.837,38,0.51,0.216,0.826,28104220,High
3733,Residential,Rural,18641,9,RCC,Pile,0.54,1.75,1.074,8.01,75222,28,38.61,0.951,22,0.381,0.348,0.663,13867541,Medium
3734,Residential,Urban,16445,9,RCC,Pile,0.604,1.544,1.754,4.62,44467,19,17.57,0.668,13,0.623,0.244,0.735,21451460,Medium
3735,Commercial,Semi-Urban,10209,5,Steel,Raft,0.573,1.031,1.751,3.19,117321,14,26.18,0.658,53,0.218,0.911,0.88,11773757,Medium
3736,Industrial,Urban,14144,4,Hybrid,Pile,0.915,1.058,1.569,7.68,187854,7,22.43,0.841,24,0.684,0.167,0.619,40188965,High
3737,Commercial,Rural,5417,4,Hybrid,Raft,0.931,1.115,2.372,8.21,148907,12,18.91,0.715,21,0.857,0.891,0.858,15352706,Medium
3738,Industrial,Semi-Urban,12377,9,Steel,Strip,0.764,1.492,2.082,5.95,116149,19,19.28,0.606,44,1.0,0.575,0.881,31483706,High
3739,Residential,Urban,13724,8,RCC,Raft,0.552,1.458,2.1,4.71,20281,8,23.65,0.358,48,0.937,0.699,0.932,20052497,Medium
3740,Commercial,Semi-Urban,3552,10,Hybrid,Strip,0.568,1.129,1.258,7.63,160370,21,15.63,0.223,36,0.272,0.931,0.512,3888319,Low
3741,Commercial,Semi-Urban,8882,10,Steel,Raft,0.907,1.633,1.538,3.05,87143,5,16.62,0.782,28,0.33,0.429,0.557,18158262,Medium
3742,Residential,Semi-Urban,17816,12,Hybrid,Strip,0.965,1.867,1.629,8.54,33226,6,32.86,0.386,7,0.311,0.732,0.977,36538329,High
3743,Residential,Semi-Urban,7740,7,RCC,Pile,0.6,0.852,1.308,8.19,114314,11,30.66,0.061,10,0.647,0.705,0.563,6557868,Low
3744,Residential,Semi-Urban,3738,12,Hybrid,Raft,0.506,1.301,0.961,6.27,43816,26,17.48,0.48,29,0.237,0.99,0.744,3253280,Low
3745,Commercial,Semi-Urban,10907,3,Steel,Pile,0.665,1.512,1.015,4.67,131508,29,25.81,0.658,58,0.95,0.141,0.583,16581445,Medium
3746,Industrial,Semi-Urban,1065,4,Hybrid,Strip,0.515,1.504,1.107,3.2,42912,22,30.19,0.023,21,0.249,0.51,0.906,1250963,Low
3747,Commercial,Rural,6058,9,Hybrid,Raft,0.914,0.823,1.146,9.0,76843,3,17.44,0.705,14,0.513,0.991,0.548,9745888,Low
3748,Industrial,Rural,16875,14,RCC,Raft,0.746,1.053,1.212,7.57,36010,11,39.3,0.225,20,0.915,0.395,0.543,21096469,Medium
3749,Commercial,Semi-Urban,17627,13,RCC,Raft,0.821,0.874,1.234,5.03,146356,23,36.21,0.222,46,0.959,0.969,0.752,24937040,High
3750,Commercial,Semi-Urban,11603,8,RCC,Pile,0.706,1.483,1.575,3.12,83191,25,20.68,0.563,24,0.572,0.835,0.619,18629957,Medium
3751,Residential,Rural,15674,12,RCC,Strip,0.673,1.574,1.666,6.84,198746,12,27.97,0.337,54,0.591,0.405,0.831,15057431,Medium
3752,Industrial,Rural,9222,12,Steel,Pile,0.611,0.992,1.325,8.92,136808,1,27.69,0.451,12,0.709,0.126,0.842,11341437,Medium
3753,Commercial,Rural,9253,1,Hybrid,Raft,0.885,1.2,2.342,7.24,34594,4,23.36,0.513,6,0.526,0.352,0.793,21158691,Medium
3754,Commercial,Semi-Urban,6129,3,Hybrid,Strip,0.848,1.196,1.74,3.5,113893,20,33.99,0.921,48,0.46,0.211,0.917,10727491,Low
3755,Residential,Urban,6818,14,Hybrid,Strip,0.68,1.784,2.139,5.41,67238,1,31.46,0.205,17,0.792,0.486,0.849,13847902,Medium
3756,Residential,Urban,801,12,Hybrid,Pile,0.661,1.034,2.371,3.66,93898,6,36.61,0.464,11,0.676,0.946,0.594,1911485,Low
3757,Industrial,Urban,8006,10,Steel,Pile,0.501,1.458,1.077,8.47,131357,2,15.13,0.786,46,0.585,0.561,0.539,12508355,Medium
3758,Commercial,Urban,9201,2,RCC,Raft,0.532,1.74,1.527,4.98,118587,27,30.1,0.205,25,0.281,0.503,0.874,10989020,Low
3759,Industrial,Semi-Urban,7462,2,Hybrid,Raft,0.812,1.795,1.536,7.4,152316,13,39.82,0.082,4,0.255,0.294,0.87,17443660,Medium
3760,Commercial,Urban,5929,13,Hybrid,Raft,0.757,1.6,1.403,3.51,142735,16,34.73,0.018,50,0.609,0.659,0.925,13255522,Medium
3761,Industrial,Rural,16366,13,RCC,Raft,0.717,1.159,0.815,3.77,83881,11,23.61,0.104,7,0.696,0.51,0.601,15605460,Medium
3762,Residential,Rural,7748,8,RCC,Strip,0.914,1.788,2.187,7.08,89201,14,18.9,0.275,35,0.726,0.795,0.612,13650660,Medium
3763,Commercial,Urban,2703,6,Hybrid,Raft,0.752,1.691,0.99,8.06,143420,6,25.71,0.409,54,0.916,0.565,0.788,6621457,Low
3764,Industrial,Rural,19718,12,RCC,Raft,0.692,1.645,2.492,4.21,43801,16,25.61,0.594,4,0.853,0.898,0.578,41331462,High
3765,Residential,Semi-Urban,2979,12,Hybrid,Raft,0.581,0.881,2.114,5.51,75155,17,29.63,0.2,21,0.313,0.805,0.648,3480630,Low
3766,Residential,Urban,10886,12,Hybrid,Pile,0.91,0.852,1.786,6.72,69237,10,16.65,0.27,22,0.836,0.231,0.906,22740567,High
3767,Industrial,Urban,934,13,Hybrid,Pile,0.788,1.634,1.063,7.78,113223,29,24.68,0.699,7,0.741,0.222,0.667,2641302,Low
3768,Commercial,Semi-Urban,10730,6,Hybrid,Pile,0.546,1.934,1.676,6.77,130880,21,36.37,0.909,50,0.862,0.122,0.506,20830879,Medium
3769,Commercial,Rural,2206,4,Hybrid,Raft,0.824,1.728,1.244,3.57,51943,22,31.09,0.136,18,0.875,0.432,0.825,4435041,Low
3770,Residential,Semi-Urban,6225,1,Hybrid,Strip,0.713,1.798,1.229,6.26,177417,26,25.87,0.473,33,0.476,0.149,0.59,7987768,Low
3771,Commercial,Semi-Urban,18788,11,RCC,Raft,0.906,1.454,2.21,8.31,66363,13,22.76,0.295,5,0.411,0.505,0.598,39615640,High
3772,Commercial,Rural,4459,7,Steel,Pile,0.959,1.166,1.447,8.21,59091,13,21.99,0.528,58,0.642,0.317,0.508,8961190,Low
3773,Commercial,Semi-Urban,15021,8,Steel,Pile,0.8,1.613,1.566,6.51,146638,2,33.71,0.119,49,0.439,0.548,0.789,32499196,High
3774,Residential,Rural,11643,2,Hybrid,Raft,0.866,1.654,2.233,8.97,169353,1,25.72,0.271,48,0.48,0.242,0.781,24191749,High
3775,Industrial,Rural,7325,2,RCC,Strip,0.528,1.61,0.949,3.63,62370,23,21.16,0.709,16,0.255,0.594,0.548,5686740,Low
3776,Commercial,Semi-Urban,6847,1,Hybrid,Strip,0.78,1.936,1.811,5.87,169504,1,35.32,0.819,56,0.993,0.97,0.525,19553701,Medium
3777,Residential,Rural,13341,4,RCC,Strip,0.878,1.241,1.783,7.65,105491,7,21.64,0.622,16,0.447,0.674,0.745,15470011,Medium
3778,Residential,Semi-Urban,3213,6,Hybrid,Pile,0.748,0.848,1.523,3.85,181016,13,16.61,0.944,14,0.824,0.608,0.891,5139897,Low
3779,Industrial,Rural,12061,14,Hybrid,Pile,0.797,1.89,2.211,8.84,27208,17,28.7,0.653,38,0.995,0.809,0.977,44571180,High
3780,Commercial,Urban,13287,5,Steel,Strip,0.949,0.993,2.403,5.12,175078,9,21.98,0.747,36,0.975,0.105,0.538,34950346,High
3781,Commercial,Rural,7012,4,RCC,Raft,0.599,1.637,1.591,5.1,27695,13,15.12,0.357,30,0.707,0.354,0.854,7936380,Low
3782,Industrial,Rural,11096,14,RCC,Strip,0.549,1.848,1.575,4.28,186764,16,27.54,0.17,21,0.631,0.988,0.596,13708747,Medium
3783,Industrial,Semi-Urban,15682,4,Steel,Raft,0.845,1.172,1.654,4.73,80483,5,37.36,0.658,57,0.447,0.804,0.517,34018659,High
3784,Residential,Rural,19187,10,Steel,Pile,0.911,1.796,2.029,6.47,82851,22,31.1,0.919,24,0.889,0.181,0.667,44227736,High
3785,Residential,Urban,3721,7,Steel,Pile,0.925,1.198,1.936,5.58,197248,7,15.45,0.982,18,0.47,0.394,0.787,8622969,Low
3786,Industrial,Urban,1582,7,Steel,Pile,0.821,1.753,1.179,4.16,44925,1,24.47,0.45,53,0.285,0.496,0.801,4160503,Low
3787,Commercial,Rural,9137,2,RCC,Strip,0.917,0.884,0.909,7.85,13499,8,21.18,0.54,6,0.435,0.941,0.525,9022540,Low
3788,Residential,Rural,13623,13,RCC,Strip,0.85,1.586,2.414,3.37,49429,6,31.76,0.311,1,0.452,0.628,0.964,19193412,Medium
3789,Residential,Urban,13542,7,Steel,Pile,0.544,1.613,1.244,8.01,99341,12,26.42,0.673,14,0.775,0.17,0.527,17390173,Medium
3790,Commercial,Semi-Urban,14633,2,Hybrid,Pile,0.881,1.39,1.886,4.65,48793,2,19.32,0.765,21,0.336,0.558,0.609,39022743,High
3791,Residential,Urban,18476,4,Hybrid,Pile,0.59,1.625,2.208,5.98,16556,1,26.41,0.041,45,0.453,0.36,0.716,36277647,High
3792,Commercial,Urban,6108,1,Hybrid,Strip,0.618,1.908,1.31,5.29,105297,15,38.28,0.847,37,0.261,0.405,0.973,9264872,Low
3793,Commercial,Rural,6026,5,Hybrid,Strip,0.697,1.681,1.88,6.42,5703,17,25.27,0.514,52,0.879,0.203,0.996,10489986,Low
3794,Commercial,Rural,6972,1,RCC,Pile,0.657,1.954,0.983,7.78,136426,20,36.76,0.58,6,0.78,0.513,0.5,9570512,Low
3795,Industrial,Urban,3275,4,RCC,Strip,0.661,1.338,2.449,8.94,169386,3,26.89,0.206,40,0.55,0.703,0.612,7013528,Low
3796,Industrial,Semi-Urban,16328,13,RCC,Strip,0.585,1.434,0.899,4.84,151045,27,33.94,0.01,22,0.544,0.784,0.751,15281199,Medium
3797,Industrial,Urban,12508,9,Hybrid,Strip,0.647,1.116,1.545,6.32,75672,6,34.65,0.952,1,0.333,0.726,0.847,20532751,Medium
3798,Commercial,Urban,18474,13,Steel,Strip,0.51,1.983,1.713,5.8,186722,16,34.02,0.928,51,0.508,0.694,0.828,28578404,High
3799,Commercial,Semi-Urban,15555,12,Hybrid,Pile,0.736,0.866,2.144,8.99,199569,10,30.96,0.774,32,0.925,0.882,0.626,37339561,High
3800,Industrial,Urban,19115,8,RCC,Pile,0.884,1.23,1.006,7.85,62906,13,38.81,0.474,17,0.311,0.399,0.599,33311152,High
3801,Residential,Urban,5618,6,Hybrid,Strip,0.931,1.157,1.549,5.38,63931,8,38.21,0.318,56,0.812,0.293,0.507,11188257,Medium
3802,Commercial,Rural,8460,8,Steel,Pile,0.91,1.264,1.31,5.86,192116,17,22.57,0.156,43,0.238,0.18,0.921,13677007,Medium
3803,Residential,Semi-Urban,18445,5,Steel,Pile,0.708,1.901,1.33,4.48,69831,28,32.37,0.081,6,0.449,0.249,0.689,25454654,High
3804,Residential,Rural,12964,7,Hybrid,Pile,0.865,1.242,2.124,7.53,69800,7,31.62,0.457,58,0.878,0.234,0.932,27308877,High
3805,Commercial,Rural,8096,8,RCC,Raft,0.644,1.9,0.809,8.07,19944,24,20.01,0.792,23,0.556,0.921,0.662,8709863,Low
3806,Commercial,Semi-Urban,7740,7,RCC,Pile,0.528,1.308,2.073,8.79,111256,5,21.63,0.726,55,0.762,0.262,0.878,11333602,Medium
3807,Residential,Semi-Urban,5442,14,RCC,Pile,0.838,1.826,2.178,6.39,51459,8,22.77,0.756,10,0.283,0.185,0.535,9213058,Low
3808,Residential,Urban,14036,4,Hybrid,Strip,0.824,1.426,2.332,7.02,37944,29,23.29,0.119,11,0.747,0.46,0.906,31857935,High
3809,Industrial,Rural,2100,5,RCC,Strip,0.901,1.174,1.866,5.68,51443,27,36.36,0.863,17,0.855,0.253,0.946,3321803,Low
3810,Industrial,Semi-Urban,6200,13,Hybrid,Raft,0.808,1.339,1.367,6.65,32774,1,33.93,0.804,36,0.844,0.218,0.632,13520965,Medium
3811,Commercial,Rural,6571,14,RCC,Raft,0.578,1.309,1.526,5.09,92302,2,35.19,0.094,0,0.551,0.426,0.571,6257731,Low
3812,Industrial,Rural,10748,10,Steel,Pile,0.927,1.112,2.449,7.43,50040,4,37.83,0.357,56,0.923,0.927,0.598,35830590,High
3813,Industrial,Semi-Urban,13023,6,Steel,Pile,0.814,1.148,2.298,3.14,116577,1,27.86,0.375,52,0.66,0.127,0.934,32108286,High
3814,Industrial,Urban,17593,14,RCC,Strip,0.904,1.024,1.588,3.17,141128,29,35.89,0.735,0,0.854,0.287,0.643,30531311,High
3815,Industrial,Rural,19855,14,Hybrid,Pile,0.887,1.203,2.403,7.3,194310,21,32.38,0.86,26,0.371,0.842,0.616,57649674,High
3816,Residential,Semi-Urban,17677,12,RCC,Pile,0.649,1.549,2.199,8.58,69957,10,26.62,0.376,54,0.368,0.321,0.989,23422307,High
3817,Commercial,Urban,19983,11,Hybrid,Pile,0.537,1.264,2.332,6.79,76945,3,19.85,0.131,8,0.803,0.497,0.835,45773759,High
3818,Industrial,Rural,11547,6,Steel,Pile,0.588,1.655,1.961,7.36,149670,2,25.76,0.083,0,0.717,0.189,0.916,22185019,High
3819,Residential,Semi-Urban,6265,13,Hybrid,Pile,0.546,1.984,2.258,7.94,96320,7,20.16,0.639,27,0.741,0.816,0.874,13790476,Medium
3820,Residential,Rural,526,9,RCC,Pile,0.622,1.253,2.316,5.17,21810,2,22.18,0.498,11,0.389,0.763,0.687,671628,Low
3821,Residential,Semi-Urban,7193,10,Steel,Pile,0.73,1.355,0.956,3.65,137599,25,22.09,0.902,48,0.52,0.215,0.931,8299699,Low
3822,Industrial,Semi-Urban,19985,14,Hybrid,Pile,0.953,0.997,2.441,8.6,141322,6,34.03,0.954,15,0.407,0.953,0.794,71835590,High
3823,Industrial,Rural,7109,14,Hybrid,Strip,0.936,1.271,1.367,8.63,151230,8,27.69,0.898,48,0.255,0.632,0.829,12893766,Medium
3824,Commercial,Rural,9814,2,Steel,Raft,0.859,1.672,1.548,5.65,100535,3,34.83,0.076,6,0.363,0.818,0.663,18866868,Medium
3825,Industrial,Semi-Urban,16758,6,RCC,Pile,0.512,1.061,2.146,4.3,89714,21,36.94,0.284,57,0.996,0.787,0.991,25185830,High
3826,Industrial,Urban,5809,13,Steel,Strip,0.671,1.018,1.93,8.35,98296,19,30.29,0.239,34,0.387,0.567,0.927,10412559,Low
3827,Residential,Rural,511,3,RCC,Pile,0.841,1.252,2.318,7.25,162554,9,25.18,0.069,56,0.327,0.773,0.574,1356788,Low
3828,Commercial,Semi-Urban,15889,14,RCC,Pile,0.565,1.782,1.481,3.05,196035,1,36.42,0.918,40,0.758,0.314,0.602,20691686,Medium
3829,Industrial,Semi-Urban,14171,2,Hybrid,Raft,0.901,1.548,1.435,3.65,32149,8,29.19,0.895,22,0.682,0.119,0.874,36744749,High
3830,Industrial,Urban,6274,6,RCC,Strip,0.957,1.949,0.854,8.9,57719,6,36.42,0.391,34,0.797,0.408,0.513,13126525,Medium
3831,Residential,Urban,17063,4,RCC,Pile,0.677,1.885,1.587,3.23,102293,23,21.64,0.959,15,0.723,0.237,0.668,27253218,High
3832,Residential,Urban,1296,5,Steel,Raft,0.853,0.981,2.031,4.7,135900,2,29.14,0.563,47,0.378,0.983,0.766,2928796,Low
3833,Industrial,Rural,7779,5,Steel,Raft,0.574,0.851,1.312,6.29,126345,23,20.29,0.434,41,0.601,0.931,0.602,8320527,Low
3834,Commercial,Semi-Urban,7688,3,RCC,Pile,0.845,1.279,1.587,4.11,13947,14,32.46,0.55,7,0.341,0.23,0.937,11868165,Medium
3835,Commercial,Semi-Urban,2524,12,Hybrid,Pile,0.511,1.426,1.173,4.39,11303,1,29.67,0.422,47,0.403,0.41,0.945,3248667,Low
3836,Residential,Semi-Urban,8166,4,Steel,Strip,0.575,1.419,2.114,5.12,78479,7,28.9,0.292,15,0.99,0.558,0.978,10956640,Low
3837,Residential,Urban,3717,3,Hybrid,Strip,0.855,0.961,0.903,4.62,118955,11,30.98,0.181,5,0.783,0.459,0.573,4950018,Low
3838,Industrial,Semi-Urban,7084,7,Steel,Pile,0.856,0.95,1.999,7.82,66657,16,24.39,0.461,35,0.826,0.73,0.54,19725450,Medium
3839,Residential,Rural,5785,1,Steel,Pile,0.821,0.856,1.444,6.0,129324,24,19.8,0.531,55,0.224,0.553,0.778,6714977,Low
3840,Industrial,Urban,7870,6,RCC,Raft,0.739,1.821,0.871,4.67,46742,2,35.16,0.822,30,0.506,0.609,0.896,13065970,Medium
3841,Commercial,Urban,18403,4,Steel,Strip,0.837,1.937,2.251,4.88,42409,26,24.61,0.473,46,0.644,0.71,0.646,54387821,High
3842,Commercial,Urban,7356,1,Steel,Pile,0.887,0.939,1.629,3.24,141852,18,39.72,0.829,27,0.32,0.121,0.62,14106403,Medium
3843,Industrial,Urban,2932,1,Hybrid,Pile,0.983,1.056,1.819,3.3,84830,19,27.03,0.955,34,0.879,0.111,0.759,10127930,Low
3844,Residential,Rural,5366,5,Steel,Strip,0.944,0.908,2.044,7.31,108944,10,27.25,0.721,16,0.312,0.26,0.741,6689023,Low
3845,Commercial,Semi-Urban,14066,14,Steel,Pile,0.897,1.853,1.914,3.68,11183,4,31.95,0.12,46,0.709,0.746,0.74,42716554,High
3846,Residential,Rural,5554,5,Hybrid,Raft,0.847,1.95,2.042,5.85,78469,24,31.67,0.461,29,0.643,0.316,0.703,11553808,Medium
3847,Commercial,Semi-Urban,9608,10,RCC,Raft,0.787,1.114,2.096,8.05,64417,28,19.51,0.857,51,0.879,0.928,0.864,17770579,Medium
3848,Industrial,Rural,18954,7,RCC,Pile,0.56,1.164,1.802,5.21,156445,3,21.81,0.492,8,0.449,0.171,0.807,21587929,Medium
3849,Industrial,Urban,2281,13,Steel,Strip,0.583,1.235,1.422,5.07,188692,13,20.79,0.811,22,0.427,0.622,0.744,3461572,Low
3850,Industrial,Urban,18400,12,Steel,Raft,0.91,1.403,1.213,8.24,186272,6,16.34,0.776,44,0.877,0.123,0.86,45813076,High
3851,Commercial,Rural,11562,4,Hybrid,Strip,0.902,1.619,2.335,8.19,152654,29,15.56,0.16,0,0.377,0.975,0.631,29547690,High
3852,Residential,Rural,12274,14,RCC,Strip,0.807,1.405,2.449,8.28,111866,10,31.12,0.329,11,0.797,0.292,0.946,18005568,Medium
3853,Residential,Semi-Urban,16458,9,RCC,Strip,0.719,1.941,1.408,6.43,82914,27,27.46,0.764,16,0.353,0.629,0.692,18007624,Medium
3854,Residential,Rural,10138,4,RCC,Raft,0.513,0.92,0.991,8.71,79126,8,37.36,0.159,45,0.901,0.958,0.664,6492314,Low
3855,Commercial,Rural,1879,7,Hybrid,Raft,0.664,1.758,1.178,7.91,122292,10,22.52,0.423,32,0.871,0.127,0.771,3302887,Low
3856,Commercial,Semi-Urban,10175,5,Hybrid,Pile,0.71,1.201,1.94,5.49,167016,2,34.69,0.137,21,0.83,0.561,0.635,23382643,High
3857,Commercial,Semi-Urban,10766,5,Hybrid,Strip,0.743,1.253,1.094,6.78,28847,20,17.58,0.236,9,0.593,0.574,0.634,14709645,Medium
3858,Commercial,Semi-Urban,17684,6,Steel,Raft,0.965,1.651,2.126,3.73,59613,15,35.41,0.286,25,0.227,0.416,0.539,42125941,High
3859,Commercial,Rural,15695,8,RCC,Raft,0.554,1.915,2.369,6.31,107972,1,38.03,0.53,13,0.306,0.689,0.826,21182311,Medium
3860,Residential,Semi-Urban,11429,5,Steel,Pile,0.759,1.659,2.438,4.58,6293,11,30.68,0.912,24,0.565,0.588,0.956,24354162,High
3861,Commercial,Urban,5767,3,Steel,Raft,0.684,1.731,0.816,4.7,81487,24,33.4,0.386,46,0.235,0.324,0.843,7807532,Low
3862,Commercial,Urban,3757,6,Hybrid,Raft,0.995,1.701,2.429,3.75,81119,1,39.69,0.85,10,0.251,0.735,0.784,13944271,Medium
3863,Residential,Urban,12569,14,RCC,Raft,0.931,1.185,2.058,5.15,133834,28,24.45,0.695,18,0.3,0.52,0.856,22613126,High
3864,Commercial,Rural,1481,12,Steel,Pile,0.719,1.708,0.943,5.89,88118,25,15.73,0.78,42,0.409,0.523,0.983,2236378,Low
3865,Residential,Urban,11168,14,RCC,Pile,1.0,1.741,1.506,6.6,95581,22,32.07,0.762,50,0.799,0.957,0.668,27739978,High
3866,Residential,Rural,18972,2,Steel,Strip,0.757,1.44,1.99,4.83,59159,16,15.33,0.302,27,0.238,0.582,0.715,23031496,High
3867,Industrial,Rural,19836,12,Hybrid,Raft,0.584,1.444,2.426,7.75,26318,12,29.21,0.236,26,0.987,0.806,0.643,47726499,High
3868,Industrial,Urban,12156,12,Steel,Pile,0.778,1.712,1.079,6.13,28313,29,29.94,0.978,59,0.419,0.881,0.508,28968840,High
3869,Industrial,Semi-Urban,19010,8,Hybrid,Pile,0.613,1.78,1.017,6.83,178996,12,29.61,0.738,54,0.456,0.623,0.674,34934951,High
3870,Industrial,Rural,8563,8,RCC,Pile,0.818,1.205,1.603,4.67,32161,19,19.15,0.366,10,0.398,0.808,0.536,13321654,Medium
3871,Commercial,Urban,19475,3,Steel,Strip,0.969,1.762,2.446,7.88,121965,13,16.92,0.554,21,0.682,0.379,0.929,63193586,High
3872,Industrial,Rural,10165,12,Steel,Strip,0.893,1.777,2.451,6.75,64073,8,37.69,0.776,24,0.216,0.264,0.858,22684418,High
3873,Residential,Semi-Urban,6937,8,Hybrid,Strip,0.637,1.081,1.187,8.17,44041,2,28.54,0.056,29,0.275,0.726,0.652,6212454,Low
3874,Commercial,Semi-Urban,10875,9,Hybrid,Strip,0.648,1.66,1.343,3.96,32250,27,23.08,0.099,18,0.279,0.934,0.664,15098958,Medium
3875,Industrial,Urban,3361,5,RCC,Strip,0.535,1.024,2.344,5.28,13357,19,34.29,0.025,38,0.732,0.138,0.785,4091695,Low
3876,Residential,Rural,13342,5,Hybrid,Raft,0.643,0.912,2.049,3.68,77952,14,38.04,0.164,6,0.464,0.787,0.899,14886965,Medium
3877,Commercial,Rural,18539,6,RCC,Raft,0.546,1.489,2.453,4.29,48689,23,25.11,0.119,56,0.55,0.126,0.859,20610274,Medium
3878,Commercial,Rural,18639,7,Steel,Pile,0.75,1.89,2.318,5.37,39459,27,17.46,0.463,5,0.96,0.513,0.514,48142473,High
3879,Industrial,Rural,6727,3,RCC,Strip,0.854,0.843,1.166,8.37,59544,1,32.32,0.287,8,0.36,0.709,0.893,7385995,Low
3880,Commercial,Urban,11924,5,RCC,Strip,0.876,1.792,2.092,6.34,50298,25,37.69,0.046,53,0.256,0.465,0.941,24468686,High
3881,Residential,Semi-Urban,10143,1,RCC,Pile,0.53,1.408,0.883,4.98,159298,26,39.51,0.449,17,0.553,0.371,0.545,7534927,Low
3882,Commercial,Urban,10810,11,Steel,Raft,0.67,1.833,2.19,7.48,144890,9,35.34,0.579,30,0.331,0.268,0.885,24311524,High
3883,Residential,Rural,19451,10,Steel,Strip,0.644,1.812,1.823,3.12,7305,19,21.71,0.37,5,0.316,0.98,0.626,23375700,High
3884,Commercial,Rural,15733,5,Hybrid,Strip,0.552,1.85,2.425,5.22,62186,14,23.96,0.26,45,0.528,0.613,0.587,25707344,High
3885,Industrial,Semi-Urban,13700,4,RCC,Strip,0.681,1.723,2.432,6.6,104435,4,18.42,0.39,52,0.736,0.215,0.772,26352861,High
3886,Residential,Rural,11032,1,Steel,Raft,0.65,1.812,0.886,6.5,189179,2,32.82,0.52,21,0.394,0.143,0.776,10347564,Low
3887,Commercial,Urban,10180,7,RCC,Raft,0.817,1.011,1.073,6.65,104948,10,19.23,0.436,8,0.901,0.319,0.735,14630883,Medium
3888,Commercial,Urban,11119,1,RCC,Strip,0.942,1.165,1.623,4.27,86121,27,25.8,0.093,30,0.49,0.585,0.951,18333291,Medium
3889,Commercial,Semi-Urban,7650,13,RCC,Strip,0.727,1.091,2.295,5.02,59414,29,28.29,0.457,21,0.947,0.777,0.621,11799712,Medium
3890,Residential,Urban,2266,8,Steel,Pile,0.873,1.691,2.185,8.59,108500,15,24.56,0.72,52,0.594,0.983,0.801,7206706,Low
3891,Residential,Urban,4049,14,RCC,Pile,0.573,0.984,2.439,8.84,72621,1,18.74,0.82,20,0.781,0.851,0.705,6466155,Low
3892,Residential,Urban,19193,10,RCC,Raft,0.947,1.019,1.851,4.87,17679,29,22.25,0.44,34,0.879,0.651,0.937,34126573,High
3893,Industrial,Urban,10134,12,Hybrid,Pile,0.576,1.855,1.236,6.87,148951,11,30.82,0.994,28,0.624,0.7,0.566,22925072,High
3894,Industrial,Rural,2476,2,RCC,Strip,0.596,1.647,0.843,4.45,142875,16,33.17,0.843,20,0.88,0.57,0.541,2518366,Low
3895,Residential,Urban,16060,10,Hybrid,Raft,0.553,1.85,1.179,5.21,100675,13,30.37,0.215,52,0.502,0.491,0.996,20417544,Medium
3896,Commercial,Semi-Urban,12665,13,RCC,Pile,0.655,0.967,1.948,7.75,140288,8,39.14,0.457,57,0.491,0.806,0.789,18986219,Medium
3897,Industrial,Semi-Urban,2990,12,Hybrid,Raft,0.776,1.279,2.375,6.01,120024,27,30.34,0.295,34,0.835,0.26,0.956,8167367,Low
3898,Residential,Urban,12495,5,Steel,Strip,0.994,1.14,1.346,8.1,102945,9,20.63,0.55,22,0.393,0.401,0.704,19186255,Medium
3899,Commercial,Semi-Urban,12519,13,Steel,Pile,0.897,0.812,2.289,6.77,146995,15,27.28,0.224,39,0.774,0.981,0.802,33413605,High
3900,Industrial,Urban,7925,6,RCC,Pile,0.69,1.141,1.471,6.77,130062,25,35.91,0.035,43,0.262,0.615,0.847,12402541,Medium
3901,Commercial,Semi-Urban,13357,9,Hybrid,Pile,0.788,1.255,1.324,3.2,55411,26,23.15,0.904,22,0.709,0.549,0.993,24677493,High
3902,Commercial,Semi-Urban,9189,14,Steel,Strip,0.812,0.911,1.665,7.5,63402,29,33.43,0.52,17,0.954,0.866,0.556,15758165,Medium
3903,Commercial,Urban,4476,7,RCC,Raft,0.911,1.48,1.552,8.87,61331,5,34.63,0.915,58,0.565,0.786,0.562,10238955,Low
3904,Commercial,Urban,14705,6,RCC,Pile,0.868,1.26,2.353,5.84,24832,21,38.35,0.118,22,0.533,0.393,0.762,35247944,High
3905,Industrial,Rural,1204,5,Hybrid,Raft,0.785,0.856,1.596,3.95,53878,21,25.03,0.151,0,0.632,0.663,0.528,2049932,Low
3906,Industrial,Urban,5952,6,Hybrid,Raft,0.835,1.645,1.271,8.86,105720,22,21.49,0.226,50,0.776,0.267,0.864,17000391,Medium
3907,Industrial,Urban,13349,14,RCC,Raft,0.873,1.675,2.232,4.74,158387,20,27.7,0.457,43,0.487,0.148,0.995,34314823,High
3908,Residential,Rural,6594,11,Hybrid,Strip,0.567,1.801,2.498,5.46,69552,18,39.84,0.88,57,0.2,0.991,0.906,8816416,Low
3909,Industrial,Urban,4181,4,Hybrid,Strip,0.6,1.383,1.902,3.46,111549,2,37.55,0.65,19,0.602,0.763,0.633,8728542,Low
3910,Commercial,Urban,18800,1,Steel,Pile,0.844,1.962,1.226,3.67,30728,28,22.1,0.055,53,0.535,0.938,0.9,49025978,High
3911,Industrial,Rural,10066,12,Hybrid,Pile,0.925,1.897,1.206,4.3,9376,22,19.92,0.407,15,0.626,0.849,0.814,29911745,High
3912,Commercial,Urban,8001,9,RCC,Raft,0.705,1.462,0.898,6.29,84183,5,26.92,0.723,8,0.772,0.485,0.56,10876616,Low
3913,Residential,Urban,2345,11,Hybrid,Raft,0.99,1.334,0.931,6.35,44932,20,19.14,0.322,24,0.427,0.875,0.783,4245211,Low
3914,Commercial,Rural,6913,5,RCC,Raft,0.608,0.804,2.355,6.64,69377,16,33.95,0.493,37,0.604,0.808,0.948,8097081,Low
3915,Commercial,Rural,8490,8,RCC,Strip,0.708,1.653,0.964,6.5,88726,16,15.92,0.711,24,0.403,0.332,0.645,8149387,Low
3916,Commercial,Semi-Urban,10128,7,Hybrid,Strip,0.689,1.478,1.623,5.97,42220,22,20.62,0.965,37,0.567,0.661,0.83,17389722,Medium
3917,Residential,Urban,13730,8,Hybrid,Pile,0.965,1.925,1.987,7.81,71022,29,15.46,0.333,6,0.476,0.375,0.521,46439534,High
3918,Industrial,Semi-Urban,19974,1,Hybrid,Raft,0.643,1.513,2.246,8.6,72244,4,20.67,0.744,45,0.495,0.311,0.917,43554744,High
3919,Industrial,Semi-Urban,18254,9,Steel,Raft,0.735,1.991,1.091,4.62,100607,26,16.31,0.747,15,0.663,0.174,0.603,33324999,High
3920,Residential,Rural,18812,1,Steel,Strip,0.594,1.825,1.544,3.78,18356,20,31.84,0.543,53,0.752,0.589,0.804,19698817,Medium
3921,Commercial,Urban,2136,3,Hybrid,Pile,0.761,1.944,1.228,5.55,182586,22,29.26,0.813,34,0.21,0.453,0.762,5161002,Low
3922,Industrial,Urban,18727,8,RCC,Raft,0.929,1.193,1.235,3.16,41774,11,20.35,0.536,58,0.901,0.179,0.774,35107168,High
3923,Residential,Rural,15207,12,Hybrid,Raft,0.652,0.979,1.317,8.3,157083,29,20.13,0.625,30,0.491,0.747,0.627,14860461,Medium
3924,Industrial,Semi-Urban,17715,11,Steel,Pile,0.905,1.756,1.798,4.44,24414,20,22.28,0.837,0,0.715,0.751,0.78,56583552,High
3925,Residential,Rural,6038,1,Steel,Raft,0.956,1.743,0.828,6.3,42070,29,34.96,0.476,19,0.298,0.312,0.801,7552247,Low
3926,Commercial,Urban,10817,14,Hybrid,Strip,0.536,1.054,1.495,3.69,119577,16,18.76,0.478,48,0.657,0.96,0.713,14601811,Medium
3927,Industrial,Rural,12954,1,RCC,Pile,0.878,1.718,1.118,6.32,167931,25,18.04,0.591,57,0.743,0.8,0.817,26013997,High
3928,Residential,Urban,15949,6,RCC,Raft,0.628,1.498,2.444,3.23,134702,29,27.7,0.804,26,0.326,0.825,0.596,21888085,High
3929,Industrial,Semi-Urban,8955,5,Steel,Raft,0.588,0.931,1.791,7.61,129770,23,36.62,0.127,0,0.93,0.103,0.756,12383495,Medium
3930,Industrial,Urban,15559,11,Steel,Strip,0.801,1.402,2.276,8.73,189604,12,20.6,0.771,36,0.806,0.981,0.858,46841937,High
3931,Industrial,Semi-Urban,16130,6,Steel,Strip,0.853,1.917,1.133,4.84,162459,29,17.66,0.295,23,0.627,0.991,0.684,34679306,High
3932,Industrial,Semi-Urban,1786,3,RCC,Strip,0.697,1.408,2.177,4.55,22321,6,27.29,0.071,48,0.333,0.556,0.706,3079463,Low
3933,Residential,Urban,2029,10,Steel,Raft,0.52,1.746,1.505,5.69,76775,16,33.3,0.792,4,0.892,0.987,0.582,3156742,Low
3934,Commercial,Urban,10500,12,Steel,Raft,0.954,0.835,1.102,6.72,168339,19,30.46,0.145,10,0.255,0.651,0.808,16548061,Medium
3935,Residential,Semi-Urban,7155,10,RCC,Raft,0.865,1.674,2.094,4.13,155327,11,25.45,0.213,55,0.292,0.221,0.562,10330170,Low
3936,Residential,Rural,2377,6,Steel,Pile,0.636,1.936,2.095,7.82,30458,12,16.01,0.706,34,0.759,0.833,0.75,4451951,Low
3937,Residential,Urban,10441,2,Steel,Strip,0.748,1.399,2.493,4.19,109203,4,22.51,0.565,28,0.403,0.602,0.605,19960565,Medium
3938,Commercial,Semi-Urban,19362,8,Hybrid,Pile,0.514,1.205,2.128,3.03,15200,13,37.98,0.92,53,0.567,0.408,0.597,29074991,High
3939,Industrial,Semi-Urban,13555,12,Steel,Strip,0.67,1.576,1.047,6.15,8636,2,20.57,0.954,22,0.631,0.313,0.548,18037929,Medium
3940,Industrial,Rural,16984,6,Hybrid,Raft,0.761,1.9,1.348,3.69,59881,19,30.35,0.314,9,0.567,0.567,0.679,36389234,High
3941,Industrial,Urban,3587,13,Steel,Pile,0.759,1.012,1.568,7.19,69775,11,37.69,0.324,29,0.267,0.723,0.934,7962883,Low
3942,Commercial,Semi-Urban,6328,13,Steel,Pile,0.604,1.284,1.015,4.0,173761,1,27.2,0.21,30,0.79,0.889,0.802,9113684,Low
3943,Industrial,Rural,19175,4,Hybrid,Strip,0.888,0.988,2.14,7.9,74399,9,26.16,0.518,23,0.392,0.639,0.89,38691153,High
3944,Commercial,Semi-Urban,17577,4,Steel,Pile,0.649,1.396,1.695,5.82,51956,10,18.53,0.378,13,0.791,0.474,0.557,31795121,High
3945,Industrial,Urban,5906,14,Hybrid,Pile,0.79,1.449,2.406,6.4,111556,3,39.52,0.015,50,0.892,0.669,0.657,25390039,High
3946,Industrial,Rural,11932,11,Steel,Raft,0.636,1.933,1.802,4.12,174088,8,19.42,0.395,10,0.629,0.547,0.694,23673319,High
3947,Residential,Semi-Urban,3991,7,Hybrid,Strip,0.713,1.295,1.689,3.88,162784,16,27.04,0.062,0,0.765,0.687,0.93,5869209,Low
3948,Commercial,Rural,13858,14,Hybrid,Pile,0.604,1.48,0.921,6.79,163797,4,19.28,0.799,43,0.23,0.648,0.832,16996001,Medium
3949,Residential,Urban,13854,3,Steel,Raft,0.817,1.862,1.054,4.53,156267,11,23.71,0.929,25,0.229,0.981,0.745,24056108,High
3950,Residential,Rural,3892,11,Steel,Pile,0.713,1.186,2.244,5.32,75316,8,37.1,0.296,55,0.358,0.66,0.65,5889849,Low
3951,Residential,Urban,2768,3,Hybrid,Raft,0.508,1.609,2.484,5.88,93456,7,31.08,0.651,19,0.487,0.722,0.88,5073405,Low
3952,Commercial,Semi-Urban,6132,6,RCC,Pile,0.514,1.709,1.506,4.38,48631,20,15.25,0.089,1,0.346,0.903,0.944,7114225,Low
3953,Commercial,Urban,4283,9,Steel,Raft,0.736,1.197,2.177,7.77,86280,15,39.17,0.364,32,0.708,0.922,0.768,9788840,Low
3954,Industrial,Semi-Urban,14979,1,Steel,Raft,0.592,0.997,1.867,8.64,43039,23,34.6,0.576,46,0.422,0.227,0.522,18577576,Medium
3955,Residential,Semi-Urban,15887,5,RCC,Strip,0.793,1.403,2.43,5.59,31171,28,39.94,0.104,44,0.877,0.508,0.636,23641353,High
3956,Industrial,Urban,6469,1,RCC,Raft,0.704,1.228,1.205,8.51,154969,8,34.07,0.377,53,0.648,0.948,0.873,11393531,Medium
3957,Residential,Semi-Urban,9481,1,Hybrid,Pile,0.827,1.12,1.726,8.3,128901,10,34.12,0.955,44,0.502,0.964,0.694,19286012,Medium
3958,Commercial,Rural,9350,3,Steel,Raft,0.976,1.968,1.495,4.0,189751,19,32.48,0.166,44,0.914,0.271,0.813,22567915,High
3959,Commercial,Semi-Urban,15672,3,Hybrid,Raft,0.764,1.403,1.721,4.04,190254,5,25.58,0.62,16,0.863,0.499,0.762,36075079,High
3960,Commercial,Urban,17902,4,Steel,Pile,0.894,1.828,1.257,5.86,42137,27,22.87,0.833,5,0.856,0.351,0.954,47150904,High
3961,Residential,Rural,18837,3,RCC,Pile,0.877,1.034,1.646,6.16,92387,3,28.13,0.771,11,0.783,0.812,0.654,27367349,High
3962,Commercial,Rural,4157,6,Hybrid,Raft,0.961,1.927,1.862,5.05,67771,7,19.46,0.771,14,0.691,0.867,0.723,12963939,Medium
3963,Residential,Semi-Urban,19180,12,Steel,Pile,0.607,1.753,0.938,4.88,77961,6,33.06,0.059,55,0.493,0.522,0.532,21472772,Medium
3964,Industrial,Semi-Urban,17658,4,Steel,Raft,0.914,1.77,2.063,5.59,59628,17,39.93,0.974,2,0.538,0.708,0.902,54180141,High
3965,Residential,Urban,19695,8,RCC,Raft,0.953,1.268,2.001,7.14,87152,10,30.02,0.727,21,0.718,0.883,0.663,40518436,High
3966,Industrial,Rural,10072,1,RCC,Raft,0.696,1.383,2.297,3.51,141495,21,36.41,0.954,37,0.338,0.739,0.861,16573477,Medium
3967,Residential,Urban,3682,8,Steel,Pile,0.657,1.512,1.524,7.26,108284,29,19.31,0.979,20,0.862,0.241,0.502,6161945,Low
3968,Industrial,Semi-Urban,13479,11,RCC,Strip,0.976,1.748,0.905,8.56,77535,29,35.63,0.357,34,0.951,0.741,0.934,27510867,High
3969,Commercial,Rural,8367,1,RCC,Strip,0.814,1.819,1.584,7.58,75434,20,37.69,0.543,43,0.278,0.243,0.986,10769895,Low
3970,Industrial,Urban,15655,11,Hybrid,Raft,0.69,0.894,1.034,4.15,140877,15,35.97,0.729,42,0.218,0.688,0.735,22902601,High
3971,Commercial,Urban,13506,1,Steel,Raft,0.896,1.885,1.901,3.52,55000,2,30.68,0.849,26,0.314,0.4,0.741,36625446,High
3972,Commercial,Urban,4829,7,Hybrid,Pile,0.652,1.925,0.88,5.94,129509,1,38.16,0.971,5,0.808,0.151,0.808,9634267,Low
3973,Industrial,Urban,3597,1,RCC,Strip,0.588,1.511,1.436,8.74,186874,12,39.04,0.974,10,0.286,0.304,0.988,4408186,Low
3974,Residential,Urban,1904,9,Steel,Strip,0.772,1.024,0.941,7.91,34767,13,35.38,0.328,16,0.498,0.522,0.779,2124035,Low
3975,Residential,Rural,5601,14,RCC,Strip,0.783,1.782,0.806,6.38,62289,12,28.68,0.68,35,0.25,0.995,0.537,5082667,Low
3976,Residential,Urban,1869,8,RCC,Pile,0.913,1.458,2.433,3.86,64215,12,35.88,0.147,30,0.546,0.33,0.783,4400004,Low
3977,Residential,Rural,7165,13,Steel,Pile,0.729,1.781,2.493,7.28,141997,7,24.3,0.811,42,0.683,0.981,0.71,16847530,Medium
3978,Residential,Urban,18948,1,RCC,Pile,0.907,1.778,1.744,7.88,166945,7,23.66,0.16,12,0.703,0.428,0.88,43487877,High
3979,Commercial,Semi-Urban,3265,2,Hybrid,Raft,0.656,0.904,1.206,8.61,81029,6,23.7,0.891,55,0.615,0.964,0.652,5220871,Low
3980,Residential,Semi-Urban,19701,2,Steel,Pile,0.788,1.528,2.349,6.67,38459,13,19.98,0.979,47,0.95,0.96,0.962,51468875,High
3981,Commercial,Urban,1216,2,RCC,Raft,0.604,1.38,2.369,6.09,117059,21,30.57,0.086,28,0.625,0.229,0.9,2292650,Low
3982,Commercial,Semi-Urban,14350,6,RCC,Raft,0.693,1.935,2.253,6.72,170922,9,31.54,0.512,37,0.887,0.846,0.663,32335127,High
3983,Commercial,Rural,2211,4,RCC,Raft,0.929,1.156,1.725,8.66,190121,16,36.49,0.265,19,0.994,0.566,0.676,4285921,Low
3984,Industrial,Urban,6761,8,Steel,Raft,0.608,1.047,0.927,6.77,194577,2,32.36,0.47,37,0.384,0.718,0.759,8616740,Low
3985,Industrial,Rural,16892,1,Hybrid,Pile,0.905,1.877,0.95,4.55,6703,27,34.5,0.294,48,0.412,0.798,0.55,38413754,High
3986,Commercial,Urban,6586,10,RCC,Pile,0.641,0.978,2.324,6.82,10227,11,32.22,0.066,34,0.617,0.212,0.845,11000384,Low
3987,Industrial,Semi-Urban,14862,14,RCC,Strip,0.517,1.624,2.289,8.28,49339,3,32.43,0.394,38,0.346,0.819,0.805,21345394,Medium
3988,Residential,Rural,11723,4,RCC,Strip,0.555,1.16,1.538,6.4,144403,9,23.51,0.205,0,0.651,0.373,0.659,7911552,Low
3989,Residential,Semi-Urban,16720,10,Steel,Raft,0.873,1.481,1.358,6.02,57584,12,39.15,0.549,43,0.748,0.759,0.819,30551088,High
3990,Commercial,Semi-Urban,13892,11,RCC,Strip,0.631,1.539,1.895,7.4,113698,29,30.97,0.681,49,0.248,0.616,0.549,16428304,Medium
3991,Residential,Urban,2746,5,RCC,Strip,0.827,1.301,2.172,6.97,9661,2,29.68,0.405,12,0.745,0.716,0.976,5127755,Low
3992,Commercial,Rural,3322,9,RCC,Strip,0.85,1.97,2.044,3.34,166294,19,36.18,0.204,26,0.328,0.661,0.533,5780445,Low
3993,Commercial,Semi-Urban,17734,5,Steel,Raft,0.673,0.958,1.847,7.35,84070,6,25.52,0.192,2,0.439,0.829,0.664,28154685,High
3994,Residential,Urban,17991,13,Hybrid,Strip,0.737,1.27,1.194,5.45,106741,26,17.41,0.002,19,0.791,0.905,0.985,26245646,High
3995,Industrial,Urban,17183,11,Steel,Pile,0.702,1.316,1.246,8.65,68396,23,21.0,0.702,27,0.331,0.504,0.699,31645115,High
3996,Residential,Urban,10169,3,Hybrid,Raft,0.974,1.557,2.031,8.82,56900,18,35.2,0.253,5,0.625,0.453,0.943,28156031,High
3997,Residential,Semi-Urban,1582,11,Hybrid,Pile,0.66,1.289,2.164,5.69,161049,13,33.3,0.971,45,0.671,0.318,0.575,3381686,Low
3998,Commercial,Urban,11648,4,Steel,Raft,0.592,0.916,0.997,8.81,103091,14,17.93,0.747,45,0.331,0.832,0.533,13133298,Medium
3999,Commercial,Rural,8667,10,RCC,Pile,0.683,1.937,1.118,4.86,78050,8,16.74,0.295,8,0.42,0.97,0.554,11943295,Medium
4000,Commercial,Rural,10057,7,Hybrid,Strip,0.835,1.299,1.957,7.1,5851,9,30.55,0.159,44,0.685,0.276,0.986,19309483,Medium
4001,Commercial,Semi-Urban,19684,1,RCC,Raft,0.849,1.211,1.461,3.45,106012,13,38.47,0.624,32,0.569,0.512,0.544,29160372,High
4002,Industrial,Rural,12228,11,Hybrid,Pile,0.962,1.336,1.758,3.87,139940,17,19.37,0.865,3,0.728,0.793,0.826,39041604,High
4003,Industrial,Urban,4451,6,RCC,Raft,0.941,1.06,1.845,8.19,147442,6,28.73,0.584,12,0.884,0.672,0.72,11295842,Medium
4004,Industrial,Semi-Urban,15177,8,RCC,Pile,0.644,0.92,2.12,8.36,128662,20,35.3,0.011,51,0.308,0.834,0.93,23143219,High
4005,Commercial,Urban,16469,1,Steel,Strip,0.728,0.978,2.17,6.2,110813,10,28.22,0.786,37,0.257,0.115,0.647,24186724,High
4006,Commercial,Semi-Urban,9467,8,RCC,Raft,0.874,1.0,1.276,5.04,79070,11,23.78,0.964,0,0.733,0.92,0.514,13210343,Medium
4007,Commercial,Semi-Urban,7268,7,Hybrid,Raft,0.958,1.037,1.72,5.71,20683,10,34.76,0.047,45,0.817,0.155,0.874,16836814,Medium
4008,Industrial,Urban,18336,1,RCC,Pile,0.669,1.304,1.01,8.22,72322,21,34.28,0.809,24,0.559,0.501,0.794,27108985,High
4009,Commercial,Rural,18565,9,RCC,Pile,0.722,1.549,2.231,4.27,83399,6,35.76,0.719,0,0.515,0.348,0.717,31973590,High
4010,Residential,Rural,14539,11,RCC,Strip,0.95,1.555,2.237,4.77,8748,6,38.63,0.397,31,0.677,0.935,0.662,27046295,High
4011,Residential,Semi-Urban,2803,3,Hybrid,Pile,0.679,0.8,1.309,7.71,109950,15,18.77,0.634,41,0.641,0.348,0.95,3551641,Low
4012,Commercial,Urban,15663,2,Hybrid,Pile,0.74,1.905,1.073,8.61,93629,7,23.52,0.159,48,0.592,0.436,0.561,37483542,High
4013,Residential,Urban,7657,7,Hybrid,Pile,0.952,1.787,0.919,3.56,126471,25,39.65,0.72,18,0.855,0.9,0.571,19590173,Medium
4014,Residential,Semi-Urban,18735,11,RCC,Strip,0.901,1.957,1.777,7.82,174146,12,29.86,0.581,16,0.339,0.584,0.507,30422401,High
4015,Industrial,Rural,18781,3,Steel,Strip,0.622,1.232,0.955,6.87,107100,20,31.75,0.087,51,0.745,0.908,0.536,20457247,Medium
4016,Commercial,Urban,16629,1,Hybrid,Raft,0.662,1.598,1.957,4.38,57022,9,37.1,0.868,38,0.793,0.695,0.929,40760651,High
4017,Commercial,Rural,10019,10,RCC,Strip,0.676,1.002,1.953,7.53,166194,1,32.28,0.128,40,0.921,0.171,0.897,11659072,Medium
4018,Industrial,Rural,744,13,Hybrid,Pile,0.956,1.78,1.844,7.37,41646,25,32.08,0.438,11,0.956,0.491,0.551,2822840,Low
4019,Residential,Semi-Urban,9448,3,Steel,Raft,0.999,0.994,2.29,3.85,139988,28,17.61,0.131,19,0.606,0.259,0.89,16487814,Medium
4020,Residential,Semi-Urban,9515,6,RCC,Strip,0.887,1.191,1.443,6.01,169498,24,27.67,0.646,21,0.547,0.159,0.821,9708091,Low
4021,Commercial,Rural,11519,3,Hybrid,Strip,0.742,1.389,2.334,7.55,62527,16,31.83,0.738,44,0.603,0.436,0.694,22558961,High
4022,Residential,Urban,3279,5,Hybrid,Pile,0.505,1.513,0.863,4.15,157875,18,35.18,0.947,30,0.786,0.918,0.542,4351008,Low
4023,Industrial,Urban,18730,9,Steel,Pile,0.849,1.472,0.992,5.78,174773,23,25.33,0.253,33,0.214,0.206,0.801,35578394,High
4024,Industrial,Semi-Urban,14223,7,Hybrid,Strip,0.695,0.923,1.501,3.72,130024,7,18.09,0.366,22,0.339,0.106,0.92,17598833,Medium
4025,Commercial,Rural,13303,2,RCC,Raft,0.816,1.306,1.81,4.84,189655,18,24.15,0.387,43,0.926,0.942,0.71,23204654,High
4026,Industrial,Urban,17357,1,RCC,Pile,0.803,1.907,0.855,4.31,81980,8,25.74,0.097,59,0.356,0.577,0.712,34069911,High
4027,Industrial,Urban,14198,7,Steel,Strip,0.74,1.847,1.765,6.03,38170,22,33.78,0.808,55,0.383,0.603,0.913,30711424,High
4028,Commercial,Semi-Urban,2292,4,Steel,Strip,0.972,1.509,1.323,3.85,62316,15,15.49,0.083,18,0.952,0.936,0.605,5052330,Low
4029,Industrial,Rural,15876,11,Steel,Pile,0.512,1.487,2.308,5.3,86357,6,24.64,0.339,48,0.435,0.73,0.586,27181960,High
4030,Industrial,Urban,18618,7,RCC,Raft,0.856,0.934,1.707,4.65,78963,28,26.2,0.19,1,0.432,0.844,0.848,34000689,High
4031,Industrial,Semi-Urban,13617,6,Steel,Raft,0.705,1.04,1.799,7.48,38373,27,28.75,0.664,1,0.939,0.793,0.828,27041840,High
4032,Residential,Urban,7715,7,Hybrid,Raft,0.857,1.103,2.408,7.2,165659,21,39.25,0.906,37,0.5,0.651,0.956,17693071,Medium
4033,Commercial,Urban,5688,4,Hybrid,Pile,0.838,1.386,2.099,3.57,58162,12,33.52,0.746,38,0.595,0.72,0.667,18587643,Medium
4034,Commercial,Urban,16518,3,RCC,Pile,0.505,1.678,1.545,8.72,169462,27,20.56,0.775,36,0.648,0.605,0.601,24358604,High
4035,Commercial,Semi-Urban,15201,12,Hybrid,Pile,0.643,1.353,1.611,7.47,196750,15,30.84,0.079,11,0.895,0.42,0.714,30246804,High
4036,Residential,Rural,5781,5,Steel,Raft,0.595,0.951,1.901,6.7,187057,24,23.65,0.739,27,0.262,0.357,0.692,5153932,Low
4037,Residential,Semi-Urban,1444,3,Hybrid,Raft,0.583,1.327,1.14,5.87,97221,15,35.29,0.063,10,0.409,0.258,0.969,1491160,Low
4038,Commercial,Rural,2011,14,Steel,Pile,0.864,0.995,0.951,4.07,63596,29,19.28,0.484,41,0.67,0.419,0.959,2855282,Low
4039,Residential,Urban,13218,3,Hybrid,Pile,0.62,1.701,1.329,8.77,29814,10,18.61,0.692,48,0.548,0.619,0.714,23511140,High
4040,Commercial,Rural,17742,4,RCC,Pile,0.737,1.0,2.123,3.05,10708,9,17.53,0.255,28,0.423,0.629,0.706,25659482,High
4041,Residential,Urban,8869,8,Steel,Raft,0.623,1.379,1.237,7.15,28085,14,28.6,0.683,20,0.528,0.715,0.722,11124494,Medium
4042,Industrial,Urban,12620,2,Hybrid,Strip,0.79,1.632,1.022,6.04,159355,21,18.08,0.881,28,0.973,0.891,0.865,29627376,High
4043,Industrial,Semi-Urban,14221,4,RCC,Strip,0.86,1.074,1.172,8.42,80301,14,16.04,0.878,28,0.217,0.687,0.775,17320900,Medium
4044,Commercial,Urban,3115,11,Hybrid,Raft,0.666,0.891,1.954,5.28,99814,17,23.31,0.192,39,0.318,0.254,0.644,5173189,Low
4045,Residential,Semi-Urban,18497,3,RCC,Pile,0.802,1.476,1.844,6.11,56584,11,34.95,0.275,41,0.215,0.123,0.884,24680149,High
4046,Residential,Rural,16129,7,Hybrid,Pile,0.912,0.865,1.97,7.45,190262,6,18.9,0.666,11,0.675,0.277,0.952,29451186,High
4047,Industrial,Rural,3340,2,Steel,Pile,0.547,1.505,1.347,3.29,44274,12,23.95,0.841,1,0.21,0.917,0.859,4350510,Low
4048,Industrial,Urban,14551,1,Steel,Pile,0.855,1.704,2.331,3.33,30740,28,25.89,0.455,39,0.563,0.611,0.597,55096652,High
4049,Residential,Semi-Urban,2274,10,Steel,Raft,0.662,1.195,1.568,4.27,83395,17,36.9,0.922,37,0.887,0.864,0.896,3430916,Low
4050,Residential,Urban,13762,1,Steel,Strip,0.561,1.386,1.673,3.88,145240,29,26.91,0.575,32,0.278,0.311,0.994,13628770,Medium
4051,Residential,Semi-Urban,4371,6,Steel,Strip,0.773,1.915,2.413,3.04,177991,5,27.8,0.262,44,0.492,0.739,0.843,8658034,Low
4052,Residential,Semi-Urban,8773,3,Hybrid,Raft,0.613,1.365,2.465,6.74,26955,6,21.37,0.02,45,0.502,0.759,0.622,14691299,Medium
4053,Residential,Semi-Urban,17729,7,Hybrid,Pile,0.911,1.996,1.925,7.78,69566,3,31.71,0.807,9,0.49,0.829,0.503,53365769,High
4054,Residential,Rural,9908,8,Hybrid,Strip,0.521,0.988,2.406,8.74,49138,28,15.64,0.093,40,0.782,0.582,0.693,10233232,Low
4055,Commercial,Semi-Urban,3760,5,Hybrid,Raft,0.549,1.651,1.721,5.65,171174,1,39.11,0.078,10,0.204,0.814,0.735,5669998,Low
4056,Residential,Rural,3645,5,Steel,Pile,0.76,1.583,1.322,4.68,99198,18,27.45,0.777,15,0.824,0.942,0.955,5922553,Low
4057,Industrial,Semi-Urban,8302,12,RCC,Strip,0.794,1.847,1.336,8.18,90344,14,16.55,0.032,7,0.871,0.962,0.81,16102099,Medium
4058,Commercial,Rural,2763,2,Steel,Raft,0.865,0.911,1.75,8.07,191253,12,28.98,0.843,46,0.545,0.213,0.641,4488409,Low
4059,Residential,Rural,8655,8,Hybrid,Strip,0.63,1.136,1.829,6.75,147548,12,27.85,0.599,52,0.91,0.662,0.846,10588700,Low
4060,Industrial,Rural,1422,10,Steel,Strip,0.921,0.959,1.547,4.64,53725,11,21.02,0.637,45,0.505,0.202,0.546,2464471,Low
4061,Commercial,Urban,7195,13,Steel,Raft,0.977,1.92,2.302,8.45,87806,28,20.22,0.938,3,0.756,0.93,0.607,30057375,High
4062,Industrial,Semi-Urban,6258,1,Steel,Raft,0.75,1.312,1.525,4.07,144957,19,21.77,0.867,43,0.511,0.96,0.872,13089005,Medium
4063,Residential,Urban,13076,10,RCC,Strip,0.88,1.892,1.265,3.26,13372,3,18.24,0.076,27,0.23,0.55,0.649,18124363,Medium
4064,Residential,Semi-Urban,19514,9,Steel,Strip,0.762,1.153,0.814,7.78,30764,2,28.29,0.853,16,0.267,0.964,0.516,17880070,Medium
4065,Residential,Semi-Urban,8316,1,Steel,Raft,0.535,0.952,2.45,6.38,130954,22,36.97,0.667,17,0.554,0.79,0.748,9670423,Low
4066,Residential,Urban,8056,1,RCC,Pile,0.663,1.156,2.201,4.48,121200,7,38.08,0.317,52,0.992,0.726,0.829,14581057,Medium
4067,Commercial,Rural,16725,1,Steel,Pile,0.544,1.517,1.846,7.03,131156,21,38.82,0.853,4,0.342,0.623,0.895,22652861,High
4068,Commercial,Semi-Urban,6430,7,Steel,Pile,0.994,1.814,2.212,7.6,163090,23,30.01,0.023,7,0.916,0.466,0.653,25714405,High
4069,Industrial,Rural,12133,4,Steel,Pile,0.615,1.262,2.177,8.07,45689,12,30.54,0.838,52,0.936,0.967,0.712,26249479,High
4070,Residential,Urban,4012,12,Steel,Raft,0.818,1.898,2.384,4.69,74929,19,22.76,0.62,4,0.528,0.277,0.778,9983675,Low
4071,Industrial,Rural,6566,7,Steel,Pile,0.642,1.093,1.456,3.15,28222,27,37.13,0.261,34,0.569,0.822,0.537,9619856,Low
4072,Commercial,Semi-Urban,13707,5,Hybrid,Strip,0.827,1.632,1.743,6.06,170029,21,27.2,0.006,22,0.602,0.431,0.599,27057900,High
4073,Residential,Semi-Urban,14822,12,Steel,Pile,0.605,1.683,0.968,8.14,180767,13,21.98,0.521,21,0.816,0.778,0.685,19981826,Medium
4074,Residential,Semi-Urban,2560,14,RCC,Raft,0.893,1.129,2.441,4.25,107280,19,39.14,0.422,47,0.299,0.247,0.634,4124519,Low
4075,Commercial,Urban,14513,7,Steel,Pile,0.555,0.832,2.475,5.53,10004,4,32.63,0.863,52,0.463,0.436,0.733,23333077,High
4076,Commercial,Semi-Urban,19918,10,Hybrid,Pile,0.948,1.238,2.141,4.54,125149,22,26.62,0.788,58,0.337,0.952,0.825,57613380,High
4077,Commercial,Urban,2887,14,RCC,Raft,0.92,0.854,1.572,3.08,114969,12,16.72,0.59,1,0.903,0.602,0.77,5058000,Low
4078,Commercial,Rural,8531,7,RCC,Pile,0.839,1.881,1.644,8.39,35473,4,18.5,0.151,35,0.256,0.542,0.887,15177967,Medium
4079,Commercial,Semi-Urban,2299,4,Steel,Raft,0.534,1.944,1.54,3.81,74614,13,19.91,0.726,2,0.798,0.777,0.813,3777630,Low
4080,Residential,Semi-Urban,3280,2,Hybrid,Pile,0.604,1.682,1.299,7.6,92283,20,37.57,0.594,27,0.552,0.475,0.646,4734190,Low
4081,Commercial,Semi-Urban,1627,8,Steel,Raft,0.93,1.672,1.697,5.08,109413,7,39.29,0.023,43,0.772,0.544,0.56,4346390,Low
4082,Residential,Rural,7865,2,Hybrid,Pile,0.561,1.089,0.891,4.67,180406,6,21.67,0.762,22,0.912,0.605,0.82,7646105,Low
4083,Residential,Semi-Urban,15135,9,Hybrid,Strip,0.578,0.889,2.486,8.65,97909,12,27.46,0.832,8,0.472,0.991,0.606,18718887,Medium
4084,Commercial,Urban,8111,5,Steel,Strip,0.772,1.763,1.521,6.94,22618,12,34.8,0.774,18,0.382,0.825,0.659,16108465,Medium
4085,Commercial,Rural,13146,9,Hybrid,Raft,0.637,1.471,2.377,7.12,135386,16,24.62,0.176,22,0.72,0.136,0.898,24421853,High
4086,Residential,Rural,8035,9,Steel,Raft,0.611,1.618,2.031,7.56,145916,13,27.31,0.503,12,0.998,0.805,0.61,12118678,Medium
4087,Commercial,Rural,15004,14,Hybrid,Raft,0.788,1.736,1.293,5.05,37777,17,37.19,0.527,45,0.784,0.553,0.769,27855218,High
4088,Commercial,Rural,9864,8,RCC,Strip,0.686,1.291,1.177,6.38,141120,8,20.19,0.934,8,0.836,0.308,0.547,9505753,Low
4089,Commercial,Rural,3308,8,Steel,Raft,0.57,0.973,2.493,4.62,156027,1,39.85,0.926,4,0.704,0.868,0.708,5098243,Low
4090,Industrial,Urban,13555,4,Hybrid,Pile,0.767,1.754,2.113,8.01,132046,12,26.41,0.062,39,0.495,0.343,0.99,49586920,High
4091,Residential,Rural,4797,14,RCC,Raft,0.694,1.345,1.224,6.6,143358,25,21.46,0.999,29,0.724,0.388,0.977,4423206,Low
4092,Industrial,Semi-Urban,11709,4,RCC,Raft,0.867,1.792,0.915,4.46,139774,20,37.31,0.787,55,0.303,0.157,0.973,17395240,Medium
4093,Commercial,Rural,948,14,RCC,Pile,0.551,1.325,1.985,8.4,53010,7,16.91,0.376,59,0.591,0.98,0.798,1595939,Low
4094,Industrial,Rural,5508,2,RCC,Pile,0.81,1.06,1.315,6.49,53564,21,31.06,0.743,22,0.658,0.816,0.647,9089164,Low
4095,Commercial,Rural,17677,4,Steel,Strip,0.718,1.005,1.176,5.97,68614,12,16.54,0.377,32,0.925,0.233,0.677,18045071,Medium
4096,Industrial,Rural,17320,4,Hybrid,Pile,0.703,1.693,2.049,3.21,113803,26,38.65,0.936,20,0.936,0.541,0.603,47930230,High
4097,Commercial,Rural,6512,6,RCC,Pile,0.616,1.49,1.955,8.46,164971,19,30.99,0.378,47,0.248,0.403,0.549,8296499,Low
4098,Industrial,Urban,2120,3,Hybrid,Raft,0.515,1.286,1.618,8.71,85316,13,24.95,0.766,12,0.706,0.129,0.584,3798115,Low
4099,Industrial,Urban,14084,2,Hybrid,Strip,0.924,1.391,2.403,6.38,127453,24,25.61,0.155,41,0.837,0.934,0.734,55093476,High
4100,Industrial,Rural,1448,8,Hybrid,Pile,0.663,1.46,1.955,5.66,120465,10,19.13,0.852,40,0.629,0.855,0.514,3589369,Low
4101,Residential,Urban,9819,2,Steel,Strip,0.841,1.087,2.319,5.16,149598,2,24.0,0.62,47,0.277,0.988,0.97,17940900,Medium
4102,Industrial,Semi-Urban,17075,8,Steel,Pile,0.974,1.254,1.124,4.61,42243,27,37.59,0.808,40,0.386,0.318,0.781,34916218,High
4103,Residential,Rural,12704,7,RCC,Strip,0.782,1.151,1.304,6.45,171219,26,35.13,0.418,11,0.451,0.729,0.587,11117762,Medium
4104,Commercial,Semi-Urban,12452,3,Hybrid,Pile,0.699,1.266,0.978,3.77,46885,3,31.54,0.346,21,0.73,0.206,0.708,18696899,Medium
4105,Industrial,Semi-Urban,18287,6,Steel,Raft,0.634,1.401,1.318,8.52,163112,12,39.19,0.533,55,0.252,0.488,0.688,25735763,High
4106,Commercial,Rural,18874,6,Steel,Strip,0.967,1.008,2.452,4.06,155353,5,29.34,0.388,3,0.64,0.862,0.918,40931092,High
4107,Commercial,Semi-Urban,1604,10,Steel,Strip,0.841,1.272,2.437,7.47,172107,5,19.41,0.514,8,0.287,0.107,0.56,3149505,Low
4108,Industrial,Semi-Urban,1048,14,RCC,Pile,0.833,1.263,2.093,4.84,43874,5,32.84,0.431,30,0.516,0.533,0.715,2430691,Low
4109,Residential,Semi-Urban,12140,5,Steel,Strip,0.713,1.143,1.686,4.36,140406,7,29.8,0.197,49,0.54,0.491,0.856,13669865,Medium
4110,Industrial,Rural,8403,13,Hybrid,Pile,0.923,1.998,2.127,6.35,97438,8,25.91,0.977,47,0.561,0.722,0.687,32870370,High
4111,Commercial,Rural,18668,8,Steel,Strip,0.857,0.888,1.741,7.59,9089,24,18.67,0.016,1,0.769,0.314,0.679,26736764,High
4112,Commercial,Semi-Urban,11113,11,Steel,Strip,0.642,1.572,0.806,7.36,23501,27,31.94,0.926,45,0.265,0.256,0.67,10685534,Low
4113,Industrial,Rural,17688,12,RCC,Raft,0.8,1.009,1.653,4.4,146062,19,26.1,0.827,54,0.415,0.686,0.881,24527033,High
4114,Residential,Rural,9490,5,Hybrid,Raft,0.715,1.807,1.818,4.98,140186,24,29.47,0.421,35,0.713,0.677,0.56,16660021,Medium
4115,Residential,Semi-Urban,11967,7,Steel,Strip,0.503,1.897,1.252,8.21,90364,16,22.89,0.322,10,0.955,0.777,0.928,13069706,Medium
4116,Commercial,Rural,4738,6,Hybrid,Raft,0.904,1.282,1.146,7.34,69751,10,18.89,0.165,28,0.697,0.322,0.535,8208513,Low
4117,Commercial,Urban,4867,11,Hybrid,Strip,0.561,1.788,1.265,7.28,119005,13,24.0,0.133,35,0.907,0.115,0.66,7662177,Low
4118,Residential,Rural,6151,7,Steel,Pile,0.755,1.1,1.86,4.61,135382,2,36.3,0.551,33,0.975,0.89,0.695,10468428,Low
4119,Industrial,Urban,16704,13,RCC,Strip,0.668,0.968,1.048,7.75,121805,4,18.99,0.105,46,0.907,0.286,0.697,18918872,Medium
4120,Commercial,Semi-Urban,2593,9,Hybrid,Strip,0.671,1.179,2.025,5.15,185421,2,26.78,0.476,56,0.978,0.476,0.594,5185555,Low
4121,Residential,Rural,4501,3,Steel,Raft,0.739,1.21,1.519,5.41,36736,21,22.44,0.815,49,0.822,0.522,0.802,5815738,Low
4122,Commercial,Semi-Urban,8310,10,Hybrid,Raft,0.999,1.277,1.401,4.73,90253,3,39.06,0.757,8,0.91,0.269,0.727,20401430,Medium
4123,Industrial,Semi-Urban,11772,7,Hybrid,Pile,0.704,1.248,2.172,3.73,81619,10,17.12,0.133,11,0.593,0.569,0.784,29994766,High
4124,Residential,Semi-Urban,5054,13,Hybrid,Pile,0.591,1.293,1.66,5.52,110944,26,21.13,0.961,20,0.476,0.923,0.807,7264425,Low
4125,Commercial,Semi-Urban,19401,10,Steel,Pile,0.807,1.652,1.443,3.1,87051,11,26.24,0.286,4,1.0,0.344,0.596,44686848,High
4126,Industrial,Semi-Urban,9197,3,Hybrid,Strip,0.618,1.095,2.293,5.74,109822,3,21.18,0.706,6,0.278,0.568,0.96,14910908,Medium
4127,Commercial,Rural,17980,13,Hybrid,Pile,0.553,0.822,1.426,7.35,79821,5,32.66,0.3,43,0.967,0.378,0.915,22134518,High
4128,Industrial,Urban,12871,2,RCC,Pile,0.525,1.388,2.26,8.76,136838,20,24.27,0.617,36,0.545,0.983,0.914,24643133,High
4129,Industrial,Rural,9736,12,Steel,Raft,0.511,1.338,1.657,3.47,96580,6,34.52,0.572,53,0.218,0.299,0.766,10330514,Low
4130,Residential,Rural,14269,7,Steel,Raft,0.716,0.872,1.154,4.69,171258,21,28.78,0.178,50,0.842,0.198,0.91,13006320,Medium
4131,Industrial,Rural,7561,4,Hybrid,Pile,0.713,0.961,1.842,5.96,125247,26,25.67,0.653,2,0.555,0.228,0.814,12858534,Medium
4132,Commercial,Rural,19088,1,RCC,Pile,0.593,1.412,1.285,4.02,43756,13,24.12,0.326,14,0.839,0.43,0.725,20980581,Medium
4133,Industrial,Urban,4402,6,Hybrid,Strip,0.892,1.082,1.05,3.7,126997,5,20.55,0.611,18,0.236,0.598,0.876,7775388,Low
4134,Industrial,Rural,1852,11,Hybrid,Strip,0.565,1.853,0.947,5.71,67982,3,21.31,0.541,48,0.979,0.701,0.8,2863717,Low
4135,Residential,Semi-Urban,2096,6,Steel,Raft,0.958,1.008,1.211,6.48,174425,20,19.41,0.843,2,0.737,0.606,0.501,3168662,Low
4136,Industrial,Rural,9267,6,RCC,Pile,0.794,0.824,2.052,7.92,126785,12,36.29,0.214,19,0.238,0.915,0.999,15481442,Medium
4137,Industrial,Rural,1179,2,Hybrid,Pile,0.514,1.337,2.225,8.99,147908,29,28.71,0.151,14,0.204,0.424,0.715,2066503,Low
4138,Commercial,Urban,12520,1,Steel,Pile,0.981,1.983,2.265,7.65,102179,3,27.07,0.855,37,0.675,0.741,0.786,58869654,High
4139,Residential,Urban,12596,3,Hybrid,Pile,0.654,1.561,1.259,4.33,163932,19,23.06,0.445,10,0.981,0.341,0.703,23631625,High
4140,Residential,Semi-Urban,11885,12,Hybrid,Pile,0.725,1.225,1.924,7.49,97342,15,27.92,0.782,13,0.619,0.714,0.55,22283822,High
4141,Residential,Rural,9009,14,RCC,Strip,0.642,0.82,1.192,6.22,130282,10,37.06,0.96,3,0.483,0.933,0.917,6268448,Low
4142,Industrial,Rural,6234,2,RCC,Strip,0.864,1.382,1.859,5.7,100982,25,36.4,0.544,34,0.951,0.981,0.841,12102346,Medium
4143,Residential,Rural,16175,6,RCC,Pile,0.743,1.048,2.308,8.61,77649,26,29.98,0.301,7,0.987,0.757,0.914,24914049,High
4144,Industrial,Semi-Urban,13193,13,Hybrid,Strip,0.566,1.577,0.87,7.21,158259,6,28.25,0.794,20,0.828,0.948,0.742,18457984,Medium
4145,Industrial,Urban,19880,12,RCC,Strip,0.552,1.5,2.475,7.09,69482,16,20.64,0.931,34,0.774,0.712,0.896,36394156,High
4146,Commercial,Semi-Urban,7907,6,Steel,Pile,0.863,1.118,2.206,3.07,79541,15,32.32,0.245,3,0.202,0.967,0.899,18086556,Medium
4147,Commercial,Rural,12286,13,Hybrid,Strip,0.619,0.883,2.095,8.19,16440,26,36.33,0.688,35,0.451,0.908,0.668,15327177,Medium
4148,Commercial,Urban,3042,5,RCC,Pile,0.569,1.706,1.975,7.76,110850,2,22.64,0.781,13,0.94,0.196,0.502,6263937,Low
4149,Commercial,Urban,17562,10,Hybrid,Strip,0.75,1.503,2.109,4.79,107850,17,25.89,0.027,43,0.495,0.527,0.93,39922308,High
4150,Commercial,Semi-Urban,5866,10,Hybrid,Pile,0.901,1.811,2.491,4.75,103790,16,17.67,0.592,2,0.468,0.413,0.592,20478823,Medium
4151,Industrial,Urban,7910,5,Steel,Pile,0.639,1.112,2.109,3.32,131200,3,36.45,0.633,56,0.63,0.124,0.934,16426285,Medium
4152,Industrial,Urban,10335,9,Steel,Strip,0.638,1.583,1.398,3.31,197718,19,17.44,0.637,19,0.558,0.52,0.809,17189820,Medium
4153,Residential,Rural,14147,14,Steel,Strip,0.917,0.942,1.844,7.01,30843,4,32.61,0.084,7,0.887,0.234,0.817,19251086,Medium
4154,Industrial,Rural,6041,5,Hybrid,Raft,0.574,1.15,1.373,4.12,160625,20,19.67,0.022,56,0.265,0.133,0.624,6552065,Low
4155,Industrial,Urban,17718,13,Hybrid,Pile,0.808,1.588,2.449,8.54,144942,29,33.34,0.294,54,0.727,0.501,0.701,71271417,High
4156,Commercial,Urban,10933,10,Steel,Pile,0.978,1.791,2.33,8.05,171101,5,31.07,0.358,50,0.758,0.309,0.656,49851525,High
4157,Industrial,Semi-Urban,11047,6,Hybrid,Pile,0.921,1.185,1.765,5.09,76706,13,32.26,0.145,13,0.904,0.942,0.595,36644712,High
4158,Commercial,Semi-Urban,10360,11,Steel,Pile,0.531,1.759,2.128,5.28,166269,20,30.89,0.51,0,0.533,0.831,0.862,18180853,Medium
4159,Residential,Urban,11245,4,Steel,Strip,0.66,1.613,2.346,4.96,32438,28,24.92,0.228,56,0.436,0.961,0.548,19111873,Medium
4160,Residential,Rural,7318,10,RCC,Strip,0.571,1.218,1.214,3.55,110267,2,30.5,0.338,19,0.701,0.893,0.756,5182807,Low
4161,Industrial,Urban,14601,14,Steel,Raft,0.975,1.852,1.785,3.19,58316,27,20.87,0.293,13,0.78,0.755,0.768,54755769,High
4162,Residential,Urban,5528,14,RCC,Pile,0.993,1.411,1.619,5.71,105545,12,21.85,0.772,50,0.337,0.638,0.978,11488083,Medium
4163,Industrial,Rural,16298,1,Steel,Raft,0.617,1.578,2.112,8.66,130224,17,16.63,0.877,27,0.327,0.159,0.935,26146533,High
4164,Residential,Rural,11454,4,Hybrid,Raft,0.835,1.395,1.444,8.5,18873,10,30.32,0.298,38,0.411,0.339,0.746,16203270,Medium
4165,Commercial,Semi-Urban,13270,2,RCC,Raft,0.921,1.343,2.005,7.86,180379,23,36.02,0.377,44,0.398,0.74,0.922,26497835,High
4166,Commercial,Semi-Urban,9938,10,Hybrid,Raft,0.617,1.818,1.485,6.77,23039,9,24.46,0.815,57,0.801,0.461,0.895,18075539,Medium
4167,Commercial,Semi-Urban,18656,3,Hybrid,Raft,0.594,1.154,0.989,8.14,22350,9,20.22,0.759,56,0.625,0.393,0.514,21144921,Medium
4168,Commercial,Semi-Urban,19048,7,Steel,Strip,0.506,0.844,0.982,6.09,125519,27,35.6,0.709,54,0.638,0.194,0.961,12223066,Medium
4169,Industrial,Rural,7611,7,Steel,Strip,0.706,1.856,1.002,4.08,99810,17,31.1,0.708,58,0.212,0.163,0.844,8604252,Low
4170,Residential,Urban,19719,1,Hybrid,Raft,0.95,1.79,0.855,7.11,132301,9,37.34,0.297,8,0.995,0.289,0.836,44529389,High
4171,Industrial,Semi-Urban,19549,8,Steel,Strip,0.951,1.24,1.706,8.52,194591,14,15.16,0.937,22,0.864,0.851,0.857,50440030,High
4172,Commercial,Semi-Urban,6613,7,Steel,Strip,0.564,1.023,1.942,3.12,103979,17,25.03,0.809,15,0.555,0.697,0.612,7748929,Low
4173,Industrial,Rural,3063,1,Steel,Raft,0.602,1.611,1.015,4.51,182284,17,37.52,0.212,47,0.254,0.407,0.515,3707904,Low
4174,Residential,Rural,16389,8,Hybrid,Strip,0.704,0.895,1.84,4.59,188507,2,31.88,0.662,26,0.755,0.155,0.616,18033301,Medium
4175,Industrial,Urban,8998,14,RCC,Strip,0.89,1.309,1.816,3.59,67454,26,26.72,0.155,39,0.628,0.27,0.897,16530955,Medium
4176,Residential,Urban,8631,14,RCC,Pile,0.806,0.903,1.05,4.35,36487,27,25.36,0.578,7,0.742,0.505,0.799,10345274,Low
4177,Industrial,Rural,3196,2,Hybrid,Raft,0.757,1.517,1.487,5.3,120048,15,37.38,0.289,27,0.742,0.238,0.681,6413397,Low
4178,Residential,Semi-Urban,8204,8,Steel,Pile,0.796,0.833,2.084,8.64,122159,11,35.79,0.105,55,0.324,0.786,0.621,13667750,Medium
4179,Residential,Semi-Urban,16942,3,Steel,Pile,0.548,1.555,0.828,8.16,128489,22,15.31,0.603,17,0.463,0.81,0.9,16591882,Medium
4180,Commercial,Semi-Urban,10265,10,RCC,Raft,0.739,1.608,1.05,8.68,68334,25,18.03,0.884,33,0.214,0.223,0.729,10986877,Low
4181,Residential,Urban,18024,7,Hybrid,Pile,0.996,1.385,2.493,3.72,150531,5,27.81,0.141,1,0.986,0.754,0.806,68360006,High
4182,Commercial,Semi-Urban,10502,13,Hybrid,Pile,0.544,1.01,2.047,3.17,27705,9,17.87,0.899,54,0.845,0.561,0.506,17012170,Medium
4183,Commercial,Semi-Urban,11890,6,Steel,Strip,0.76,0.922,1.589,3.66,28490,9,21.87,0.128,23,0.943,0.966,0.715,18734855,Medium
4184,Commercial,Rural,12168,5,Steel,Pile,0.648,1.176,1.871,8.49,68216,14,35.87,0.742,9,0.235,0.809,0.508,18161096,Medium
4185,Industrial,Semi-Urban,19446,11,Steel,Raft,0.77,1.358,2.239,3.94,194665,8,24.65,0.99,48,0.6,0.627,0.894,44959425,High
4186,Industrial,Rural,19736,10,Hybrid,Strip,0.787,1.571,2.232,6.44,173098,11,26.27,0.094,39,0.798,0.643,0.625,48174029,High
4187,Industrial,Semi-Urban,16744,14,RCC,Strip,0.789,0.802,1.352,4.37,88775,12,19.35,0.213,58,0.283,0.261,0.584,16417109,Medium
4188,Industrial,Urban,7141,11,Hybrid,Strip,0.926,1.653,1.635,3.12,199468,7,30.06,0.464,7,0.822,0.904,0.963,23814311,High
4189,Residential,Semi-Urban,1441,2,Hybrid,Raft,0.695,1.655,1.885,3.51,112308,3,18.01,0.738,4,0.718,0.603,0.509,2652742,Low
4190,Residential,Semi-Urban,13315,2,Hybrid,Raft,0.758,1.333,0.922,7.26,169332,26,30.76,0.898,2,0.988,0.617,0.599,17816529,Medium
4191,Industrial,Rural,7041,13,RCC,Raft,0.505,1.212,2.408,4.09,88749,3,33.67,0.729,32,0.313,0.618,0.62,7823181,Low
4192,Residential,Rural,16124,12,Steel,Pile,0.895,1.811,1.536,4.37,103774,14,36.84,0.771,29,0.703,0.349,0.911,30791391,High
4193,Residential,Rural,10466,1,Steel,Pile,0.63,1.742,1.43,5.26,121068,4,29.56,0.452,51,0.958,0.831,0.855,15679880,Medium
4194,Commercial,Semi-Urban,1921,14,Hybrid,Strip,0.908,1.98,2.342,6.94,48162,25,23.3,0.356,38,0.795,0.876,0.984,6678557,Low
4195,Commercial,Semi-Urban,6265,9,Hybrid,Strip,0.633,1.246,1.001,5.82,91775,28,36.29,0.508,6,0.469,0.359,0.847,6635806,Low
4196,Commercial,Urban,17319,11,RCC,Raft,0.505,1.888,0.867,8.67,98376,14,29.92,0.65,44,0.295,0.498,0.618,16138853,Medium
4197,Commercial,Semi-Urban,17723,8,RCC,Raft,0.577,0.905,1.965,5.61,41098,14,23.95,0.502,20,0.971,0.261,0.583,19609857,Medium
4198,Residential,Urban,4501,8,Steel,Pile,0.993,1.294,1.455,4.19,16493,3,23.06,0.79,37,0.258,0.315,0.878,9313549,Low
4199,Industrial,Rural,13147,1,Hybrid,Pile,0.66,1.358,2.1,6.22,150507,13,23.02,0.157,12,0.98,0.402,0.95,30819120,High
4200,Residential,Rural,5748,5,RCC,Raft,0.554,1.329,0.917,5.71,83877,8,16.41,0.396,24,0.443,0.912,0.956,3856597,Low
4201,Residential,Rural,5459,12,RCC,Raft,0.559,1.55,1.452,7.72,159334,24,17.53,0.067,54,0.888,0.664,0.886,5616305,Low
4202,Residential,Urban,18534,6,Hybrid,Pile,0.655,1.004,1.2,8.61,41061,6,17.24,0.671,1,0.643,0.629,0.897,26716386,High
4203,Commercial,Semi-Urban,19145,2,Hybrid,Strip,0.519,1.84,2.057,8.02,71575,2,22.8,0.757,1,0.93,0.952,0.831,37742730,High
4204,Commercial,Rural,4389,10,Hybrid,Strip,0.756,1.462,1.186,5.33,189092,6,26.85,0.667,1,0.541,0.812,0.868,6573863,Low
4205,Commercial,Semi-Urban,1826,5,Hybrid,Pile,0.607,1.885,1.579,4.3,138837,20,18.69,0.955,14,0.88,0.114,0.558,3721025,Low
4206,Industrial,Semi-Urban,6401,6,Hybrid,Pile,0.76,0.803,2.192,8.49,15775,14,35.7,0.932,14,0.391,0.212,0.665,13651295,Medium
4207,Residential,Rural,3858,9,Hybrid,Strip,0.57,1.556,2.356,5.32,129678,7,16.64,0.27,58,0.573,0.323,0.729,5199584,Low
4208,Industrial,Urban,2085,10,RCC,Pile,0.715,1.295,2.028,7.62,126790,27,38.63,0.243,17,0.877,0.374,0.832,5168907,Low
4209,Commercial,Semi-Urban,14000,1,Hybrid,Strip,0.799,1.406,1.53,8.94,44469,17,16.86,0.025,4,0.295,0.851,0.709,24202858,High
4210,Industrial,Rural,12060,13,Steel,Strip,0.531,1.693,1.772,6.46,66679,3,37.37,0.503,25,0.783,0.793,0.687,17764724,Medium
4211,Residential,Semi-Urban,17272,10,Hybrid,Pile,0.699,1.073,1.972,5.88,172911,14,21.52,0.861,29,0.549,0.231,0.782,26752638,High
4212,Residential,Semi-Urban,16318,3,Steel,Raft,0.651,1.046,2.287,7.2,116407,24,39.67,0.158,13,0.611,0.581,0.697,22689263,High
4213,Commercial,Semi-Urban,19675,12,Steel,Raft,0.62,1.644,2.311,4.16,63008,1,28.03,0.593,4,0.663,0.198,0.536,34897783,High
4214,Commercial,Semi-Urban,3832,9,Steel,Raft,0.802,1.426,2.383,5.93,22974,29,15.46,0.72,39,0.421,0.256,0.985,8267719,Low
4215,Industrial,Semi-Urban,17587,14,Hybrid,Raft,0.794,1.08,2.178,4.87,154824,26,22.07,0.368,20,0.277,0.318,0.963,36293704,High
4216,Commercial,Urban,3320,1,Hybrid,Raft,0.815,1.381,1.05,3.99,182819,12,38.5,0.703,42,0.215,0.915,0.52,6258206,Low
4217,Commercial,Urban,15972,1,Steel,Raft,0.579,1.351,2.071,6.66,167600,3,22.49,0.837,7,0.545,0.429,0.765,28779670,High
4218,Residential,Rural,5459,1,Hybrid,Raft,0.643,1.63,2.185,6.45,63271,19,23.99,0.011,5,0.415,0.924,0.856,9290904,Low
4219,Commercial,Urban,17943,7,RCC,Pile,0.605,0.803,2.292,7.57,115532,12,16.1,0.735,25,0.706,0.776,0.805,30319981,High
4220,Commercial,Urban,12866,13,RCC,Pile,0.77,1.504,2.372,8.24,99241,24,21.33,0.6,3,0.773,0.774,0.677,36728502,High
4221,Residential,Urban,1801,5,RCC,Raft,0.731,1.527,1.666,4.32,121538,14,21.48,0.845,57,0.603,0.823,0.902,3168584,Low
4222,Residential,Semi-Urban,11051,6,RCC,Pile,0.665,1.695,1.914,7.68,142965,1,32.9,0.139,51,0.695,0.186,0.807,15796430,Medium
4223,Industrial,Semi-Urban,4612,13,Hybrid,Strip,0.893,1.867,0.816,5.2,120132,26,27.64,0.807,29,0.649,0.833,0.619,9254915,Low
4224,Commercial,Rural,13263,14,Steel,Raft,0.547,1.328,1.774,6.77,33851,5,19.03,0.141,34,0.204,0.327,0.806,13918320,Medium
4225,Residential,Rural,12274,8,Hybrid,Strip,0.987,1.211,1.604,8.1,55841,7,34.89,0.585,56,0.873,0.986,0.637,23264232,High
4226,Industrial,Rural,17382,14,RCC,Pile,0.558,0.923,2.436,4.54,185940,20,30.29,0.271,26,0.248,0.863,0.798,20924031,Medium
4227,Industrial,Semi-Urban,9120,13,Hybrid,Raft,0.887,1.204,2.333,6.61,174227,26,21.71,0.24,26,0.528,0.997,0.882,28001183,High
4228,Commercial,Urban,7745,2,Hybrid,Strip,0.684,0.882,2.156,5.88,160157,19,20.59,0.499,43,0.289,0.943,0.651,13659670,Medium
4229,Commercial,Urban,12331,13,RCC,Pile,0.933,1.763,0.897,7.74,91327,26,38.12,0.757,42,0.73,0.424,0.641,24712717,High
4230,Industrial,Semi-Urban,2605,2,Steel,Raft,0.537,1.768,1.483,7.18,41869,6,30.93,0.645,4,0.46,0.948,0.863,4185051,Low
4231,Residential,Rural,10245,3,Hybrid,Raft,0.687,1.301,1.983,7.62,73131,21,35.19,0.989,39,0.257,0.397,0.754,13693521,Medium
4232,Industrial,Rural,6130,13,Hybrid,Strip,0.668,1.112,0.85,4.73,13829,18,20.64,0.119,10,0.236,0.693,0.569,5768098,Low
4233,Commercial,Rural,3706,3,RCC,Strip,0.997,0.942,1.201,7.23,34129,6,29.72,0.722,42,0.39,0.837,0.773,4764985,Low
4234,Residential,Semi-Urban,19453,13,Steel,Strip,0.993,1.821,2.309,6.63,162412,11,16.34,0.055,51,0.734,0.444,0.832,47484793,High
4235,Residential,Rural,3128,3,RCC,Pile,0.595,1.853,1.021,5.74,158274,29,29.87,0.357,34,0.775,0.283,0.746,3195881,Low
4236,Industrial,Rural,10568,4,RCC,Strip,0.815,1.12,0.887,5.27,8551,29,20.09,0.344,10,0.303,0.905,0.812,10505905,Low
4237,Commercial,Semi-Urban,13894,3,Hybrid,Strip,0.768,1.546,1.787,4.99,162763,29,31.73,0.256,37,0.311,0.193,0.682,23149787,High
4238,Industrial,Urban,1567,2,Steel,Strip,0.577,1.11,2.409,3.06,160443,3,38.3,0.532,37,0.675,0.428,0.939,3184181,Low
4239,Industrial,Semi-Urban,18390,9,RCC,Raft,0.584,1.07,2.219,4.02,54271,9,26.47,0.244,53,0.966,0.587,0.62,27219535,High
4240,Industrial,Semi-Urban,19897,6,Hybrid,Strip,0.995,0.825,2.457,3.35,112343,3,22.63,0.368,49,0.642,0.824,0.641,57124400,High
4241,Residential,Semi-Urban,15745,3,RCC,Strip,0.726,1.493,2.081,8.09,55026,25,18.08,0.859,53,0.769,0.882,0.887,21764210,High
4242,Residential,Semi-Urban,10359,9,Hybrid,Pile,0.563,0.98,1.544,8.16,155450,6,31.76,0.324,4,0.66,0.56,0.529,12669325,Medium
4243,Commercial,Urban,7142,4,Steel,Pile,0.607,0.815,2.409,8.08,150753,24,29.6,0.986,36,0.284,0.616,0.994,12427407,Medium
4244,Commercial,Rural,15877,4,RCC,Strip,0.634,0.926,1.525,7.91,65660,9,28.61,0.276,50,0.957,0.868,0.815,16251678,Medium
4245,Industrial,Semi-Urban,4566,8,Steel,Pile,0.755,1.177,1.395,4.33,191009,8,38.4,0.903,36,0.258,0.52,0.904,8235526,Low
4246,Industrial,Urban,1447,7,Steel,Pile,0.668,1.603,1.562,5.95,146002,27,39.45,0.431,25,0.808,0.603,0.792,3751065,Low
4247,Industrial,Rural,1671,7,Hybrid,Pile,0.728,1.043,2.184,8.45,96045,2,32.92,0.908,32,0.983,0.117,0.893,4028244,Low
4248,Commercial,Rural,16331,10,RCC,Raft,0.583,1.865,2.36,7.56,138747,19,19.9,0.427,32,0.455,0.956,0.717,25889775,High
4249,Residential,Rural,6614,7,RCC,Strip,0.663,1.146,1.408,3.01,155117,24,38.67,0.77,22,0.337,0.61,0.788,4728641,Low
4250,Residential,Semi-Urban,671,10,Hybrid,Strip,0.535,1.197,1.586,5.76,67823,16,23.62,0.4,57,0.653,0.755,0.831,1077135,Low
4251,Industrial,Semi-Urban,13318,11,Hybrid,Strip,0.945,1.062,2.327,3.06,47331,5,16.98,0.621,6,0.836,0.323,0.951,35580374,High
4252,Industrial,Rural,9835,5,Steel,Pile,0.599,1.105,0.88,4.68,26940,10,21.03,0.051,31,0.96,0.691,0.517,11841294,Medium
4253,Industrial,Rural,10551,7,RCC,Pile,0.878,0.889,2.133,5.61,127327,20,35.76,0.599,8,0.755,0.514,0.554,21098624,Medium
4254,Industrial,Rural,6709,4,RCC,Pile,0.675,1.154,1.572,8.36,52031,22,20.09,0.316,15,0.469,0.201,0.845,8350277,Low
4255,Commercial,Rural,10880,8,Hybrid,Raft,0.737,1.832,1.44,6.93,152730,12,24.88,0.996,8,0.595,0.847,0.672,21760334,High
4256,Residential,Rural,4077,9,Hybrid,Pile,0.646,1.626,1.56,5.17,48637,12,21.84,0.811,43,0.809,0.855,0.839,6815405,Low
4257,Industrial,Rural,8880,13,Hybrid,Raft,0.848,1.85,1.512,5.94,90056,29,16.2,0.08,42,0.83,0.157,0.614,22301661,High
4258,Commercial,Urban,4576,12,RCC,Strip,0.922,0.926,2.086,7.9,89694,6,29.04,0.198,27,0.26,0.452,0.814,7580072,Low
4259,Industrial,Rural,657,3,RCC,Pile,0.643,1.347,2.378,4.8,42172,14,30.72,0.616,22,0.691,0.353,0.739,1271962,Low
4260,Industrial,Semi-Urban,8277,7,Steel,Raft,0.621,1.075,1.635,6.69,121882,7,34.78,0.3,11,0.974,0.565,0.561,13943969,Medium
4261,Residential,Semi-Urban,19601,12,Hybrid,Raft,0.841,1.665,2.216,4.57,144841,21,25.37,0.213,41,0.828,0.54,0.965,45931098,High
4262,Industrial,Semi-Urban,8937,10,Steel,Pile,0.598,1.964,2.044,5.88,167299,1,18.53,0.356,8,0.206,0.691,0.896,20015109,Medium
4263,Residential,Rural,11595,9,RCC,Raft,0.82,1.778,1.362,3.15,173111,14,31.3,0.106,57,0.38,0.323,0.891,13879173,Medium
4264,Residential,Semi-Urban,15779,1,Steel,Pile,0.547,0.842,1.798,8.11,85449,15,37.25,0.554,44,0.556,0.3,0.848,15569291,Medium
4265,Residential,Urban,19679,2,Steel,Raft,0.81,1.18,1.934,3.29,80976,13,18.0,0.283,11,0.765,0.751,0.511,38979657,High
4266,Commercial,Rural,7700,7,Steel,Strip,0.757,0.834,0.84,4.35,118681,24,19.57,0.867,8,0.644,0.979,0.752,6646565,Low
4267,Commercial,Semi-Urban,19261,13,Hybrid,Strip,0.557,0.848,1.473,5.0,90327,1,23.23,0.033,18,0.262,0.952,0.875,19036791,Medium
4268,Residential,Urban,15347,2,RCC,Strip,0.825,0.895,2.487,6.75,150190,20,31.26,0.351,35,0.791,0.813,0.608,24964778,High
4269,Industrial,Urban,9541,7,Hybrid,Pile,0.723,1.132,1.883,7.32,175696,19,28.1,0.55,32,0.871,0.161,0.808,25084546,High
4270,Residential,Semi-Urban,2310,1,Steel,Strip,0.609,1.165,1.368,3.48,86387,19,32.81,0.235,12,0.365,0.314,0.965,2011313,Low
4271,Industrial,Urban,8395,3,Hybrid,Strip,0.677,1.281,1.225,3.26,135098,6,15.78,0.057,1,0.254,0.721,0.876,13066399,Medium
4272,Residential,Semi-Urban,19010,5,RCC,Strip,0.746,1.286,1.156,7.79,109062,24,35.26,0.072,39,0.833,0.366,0.774,17906376,Medium
4273,Industrial,Urban,7453,14,RCC,Pile,0.546,1.726,1.483,7.27,145438,5,39.69,0.159,56,0.712,0.454,0.655,13215007,Medium
4274,Commercial,Rural,19914,12,Steel,Raft,0.979,0.97,1.129,7.99,104488,22,16.17,0.272,56,0.843,0.958,0.818,32611028,High
4275,Industrial,Rural,6823,14,Steel,Pile,0.833,0.989,1.03,7.06,166979,28,27.39,0.706,43,0.653,0.178,0.857,9880494,Low
4276,Residential,Rural,6105,11,Hybrid,Pile,0.551,1.552,1.419,7.51,185453,22,33.5,0.475,24,0.543,0.875,0.819,7977875,Low
4277,Commercial,Rural,6391,6,RCC,Strip,0.911,1.486,1.832,5.27,125417,28,26.91,0.033,12,0.97,0.145,0.878,9593588,Low
4278,Industrial,Rural,3576,13,RCC,Raft,0.661,0.985,1.049,6.54,178977,17,29.82,0.155,58,0.824,0.404,0.64,3886027,Low
4279,Industrial,Semi-Urban,19228,9,Hybrid,Strip,0.798,1.823,0.875,7.83,189208,15,38.02,0.368,12,0.53,0.6,0.754,34686401,High
4280,Industrial,Rural,1119,9,RCC,Strip,0.639,1.195,0.859,4.03,161852,7,28.5,0.42,32,0.926,0.421,0.774,1385478,Low
4281,Industrial,Rural,11594,3,Steel,Pile,0.867,1.24,1.255,5.54,139860,17,20.91,0.063,26,0.995,0.961,0.545,27218855,High
4282,Industrial,Rural,2907,14,Steel,Pile,0.862,1.305,1.123,7.44,18781,12,33.47,0.121,39,0.447,0.554,0.588,5394629,Low
4283,Commercial,Rural,13144,8,Hybrid,Pile,0.776,1.187,1.717,6.2,145691,7,24.39,0.262,36,0.914,0.76,0.653,30435377,High
4284,Commercial,Urban,3504,13,Hybrid,Strip,0.62,1.469,1.575,7.09,161125,29,22.13,0.837,18,0.236,0.732,0.524,5392654,Low
4285,Commercial,Rural,11178,4,Hybrid,Raft,0.627,1.266,1.352,4.76,39722,13,21.21,0.209,21,0.371,0.852,0.617,14435358,Medium
4286,Commercial,Rural,4539,7,Steel,Raft,0.691,1.111,2.217,3.19,116341,8,16.98,0.227,51,0.329,0.878,0.761,6889079,Low
4287,Residential,Semi-Urban,1804,6,Hybrid,Strip,0.573,1.885,1.658,3.17,7640,4,38.32,0.495,16,0.485,0.52,0.771,2389204,Low
4288,Commercial,Urban,6130,8,RCC,Raft,0.669,1.17,0.956,8.66,57683,8,29.08,0.891,50,0.65,0.877,0.625,7849733,Low
4289,Industrial,Semi-Urban,7782,6,Hybrid,Strip,0.842,1.638,1.303,8.67,9427,22,38.88,0.528,1,0.776,0.688,0.973,17344742,Medium
4290,Industrial,Rural,3807,4,RCC,Raft,0.915,1.217,2.455,4.27,70149,16,36.54,0.079,11,0.922,0.717,0.734,9156638,Low
4291,Commercial,Semi-Urban,18245,2,Steel,Strip,0.666,1.322,2.461,3.88,31628,16,15.76,0.186,32,0.327,0.256,0.819,26917052,High
4292,Industrial,Semi-Urban,7165,7,RCC,Raft,0.617,1.083,1.233,3.11,85155,22,21.18,0.856,27,0.663,0.321,0.515,7366934,Low
4293,Commercial,Rural,4794,11,RCC,Pile,0.916,1.703,1.084,4.39,107230,11,22.88,0.877,25,0.644,0.719,0.7,8648008,Low
4294,Industrial,Urban,2287,13,RCC,Pile,0.945,1.685,1.643,5.01,24652,27,27.25,0.795,24,0.567,0.339,0.771,6293520,Low
4295,Residential,Urban,1573,11,Steel,Pile,0.705,0.827,1.618,4.45,104581,9,32.9,0.542,27,0.756,0.541,0.656,2629007,Low
4296,Residential,Semi-Urban,4099,4,RCC,Pile,0.513,0.872,1.497,7.78,111233,22,32.02,0.439,30,0.611,0.541,0.586,3403566,Low
4297,Commercial,Rural,15889,13,RCC,Strip,0.847,1.907,1.7,7.5,32461,28,39.68,0.268,43,0.64,0.311,0.601,24671380,High
4298,Commercial,Semi-Urban,11845,9,Hybrid,Raft,0.892,1.867,1.195,3.49,59866,11,38.08,0.548,30,0.923,0.61,0.733,29344290,High
4299,Commercial,Semi-Urban,12818,9,Hybrid,Strip,0.509,1.407,0.995,7.18,184947,5,19.66,0.683,26,0.888,0.607,0.536,14056521,Medium
4300,Industrial,Semi-Urban,16607,7,Hybrid,Pile,0.798,1.392,1.77,6.12,166959,10,36.5,0.599,50,0.662,0.216,0.617,44202411,High
4301,Commercial,Rural,3555,5,RCC,Raft,0.794,1.775,2.385,3.79,129933,26,36.07,0.226,43,0.325,0.443,0.86,6794542,Low
4302,Residential,Rural,17543,3,RCC,Strip,0.689,0.966,1.034,7.44,33813,6,29.37,0.903,58,0.967,0.429,0.607,13178994,Medium
4303,Industrial,Urban,6820,3,Steel,Pile,0.875,1.584,1.998,3.52,50430,16,23.45,0.39,0,0.698,0.606,0.558,24816614,High
4304,Commercial,Rural,7013,9,RCC,Raft,0.714,1.371,1.544,4.06,20682,12,20.22,0.885,34,0.846,0.774,0.542,10560242,Low
4305,Industrial,Semi-Urban,5142,9,RCC,Raft,0.838,1.692,1.3,3.9,191762,8,20.31,0.397,32,0.244,0.116,0.994,8260508,Low
4306,Industrial,Semi-Urban,9821,12,Steel,Pile,0.759,0.836,2.25,8.63,100398,25,23.45,0.038,0,0.917,0.219,0.543,22257035,High
4307,Commercial,Urban,14932,13,RCC,Pile,0.624,1.511,1.576,7.19,43568,26,27.6,0.738,8,0.755,0.372,0.717,24803730,High
4308,Industrial,Rural,4966,11,Steel,Raft,0.803,1.468,1.792,5.47,10143,29,29.6,0.92,32,0.748,0.829,0.756,10585545,Low
4309,Residential,Semi-Urban,11958,4,Steel,Pile,0.868,1.809,1.553,7.93,31282,13,23.13,0.255,43,0.288,0.532,0.982,23099714,High
4310,Residential,Urban,16379,11,Hybrid,Strip,0.987,1.612,0.938,4.3,170996,13,23.91,0.542,52,0.77,0.56,0.946,31002712,High
4311,Industrial,Urban,19355,1,RCC,Pile,0.69,1.856,1.811,8.59,161873,16,15.34,0.808,36,0.261,0.468,0.619,43394912,High
4312,Commercial,Semi-Urban,8784,13,Hybrid,Pile,0.532,1.865,1.512,7.18,80161,26,15.05,0.321,46,0.245,0.474,0.542,13378827,Medium
4313,Industrial,Semi-Urban,11258,10,RCC,Pile,0.994,1.29,0.947,6.36,192164,11,37.68,0.286,14,0.46,0.98,0.719,22406152,High
4314,Residential,Rural,18165,5,Hybrid,Raft,0.812,0.965,1.813,7.77,138121,24,15.35,0.411,14,0.219,0.909,0.55,25350135,High
4315,Industrial,Urban,11491,14,Steel,Raft,0.973,1.556,0.817,6.87,80549,8,15.83,0.551,48,0.328,0.753,0.936,26916770,High
4316,Industrial,Semi-Urban,5011,8,Steel,Pile,0.552,1.848,1.154,8.32,81518,23,20.14,0.553,28,0.781,0.392,0.852,8391959,Low
4317,Residential,Urban,11296,10,Steel,Raft,0.671,0.89,2.128,7.97,188037,13,33.58,0.486,40,0.868,0.562,0.972,17999663,Medium
4318,Industrial,Rural,4381,4,Steel,Pile,0.567,1.47,0.864,4.19,186358,1,31.97,0.82,20,0.344,0.72,0.785,5429545,Low
4319,Industrial,Semi-Urban,16168,10,RCC,Strip,0.918,0.938,1.899,4.44,191443,20,31.18,0.153,45,0.859,0.455,0.682,28938855,High
4320,Commercial,Rural,2913,10,RCC,Raft,0.94,0.832,2.415,3.39,150619,20,29.37,0.085,17,0.584,0.572,0.75,4746939,Low
4321,Commercial,Urban,2044,4,Hybrid,Pile,0.751,1.616,1.091,4.32,170816,28,20.04,0.169,58,0.966,0.231,0.58,4963935,Low
4322,Residential,Rural,16229,13,RCC,Raft,0.593,1.618,1.509,5.06,86525,19,24.95,0.704,15,0.311,0.184,0.732,12674393,Medium
4323,Residential,Rural,5284,12,RCC,Strip,0.564,1.521,1.778,3.17,130114,4,26.95,0.145,54,0.243,0.251,0.999,4161274,Low
4324,Residential,Urban,6126,14,Hybrid,Strip,0.794,1.831,1.566,4.89,100506,28,29.56,0.323,28,0.876,0.78,0.845,13638288,Medium
4325,Commercial,Rural,5014,9,Steel,Pile,0.753,0.897,1.855,7.63,134333,2,19.96,0.88,40,0.49,0.271,0.531,7972494,Low
4326,Residential,Urban,1645,9,Hybrid,Raft,0.847,0.926,1.487,8.04,73549,19,33.23,0.14,26,0.566,0.932,0.863,3228431,Low
4327,Residential,Semi-Urban,9602,7,Hybrid,Strip,0.653,1.837,1.052,3.05,108287,19,22.72,0.528,58,0.609,0.432,0.55,11143857,Medium
4328,Residential,Urban,11998,10,Steel,Raft,0.701,1.404,0.951,3.04,135710,10,31.51,0.506,59,0.86,0.252,0.695,15020102,Medium
4329,Commercial,Urban,5950,8,Hybrid,Pile,0.511,1.128,2.066,3.88,83034,17,27.85,0.034,14,0.261,0.843,0.893,9723667,Low
4330,Industrial,Semi-Urban,18450,12,Hybrid,Strip,0.805,1.686,1.206,8.24,92840,23,29.81,0.115,51,0.641,0.511,0.564,37272107,High
4331,Residential,Urban,19889,12,Hybrid,Strip,0.712,1.873,2.241,5.82,185430,20,25.33,0.95,52,0.544,0.45,0.646,41438737,High
4332,Industrial,Semi-Urban,5007,4,RCC,Raft,0.96,1.628,2.063,8.9,63457,8,26.13,0.961,59,0.472,0.397,0.598,12352285,Medium
4333,Residential,Semi-Urban,14035,8,Steel,Strip,0.821,1.75,0.884,8.32,85529,9,36.7,0.875,46,0.479,0.397,0.935,16796929,Medium
4334,Industrial,Urban,4748,14,Steel,Pile,0.699,1.139,1.142,8.34,140232,18,26.9,0.432,8,0.944,0.697,0.574,10161394,Low
4335,Commercial,Rural,14023,6,Hybrid,Pile,0.632,1.147,1.296,3.77,159015,2,34.85,0.593,27,0.414,0.587,0.768,18147643,Medium
4336,Commercial,Rural,4492,13,RCC,Strip,0.953,1.837,1.811,5.85,186246,18,24.88,0.824,1,0.564,0.521,0.638,8179518,Low
4337,Residential,Semi-Urban,9022,3,Steel,Pile,0.508,1.538,2.177,8.96,192989,8,32.51,0.676,20,0.594,0.502,0.754,13095670,Medium
4338,Industrial,Rural,8527,7,Steel,Strip,0.663,1.081,0.903,3.89,133291,2,20.82,0.895,10,0.776,0.228,0.584,8148561,Low
4339,Commercial,Rural,12472,3,Hybrid,Strip,0.972,1.429,1.224,6.45,138596,22,37.93,0.316,31,0.615,0.845,0.879,22313335,High
4340,Residential,Urban,15805,11,Hybrid,Strip,0.827,1.623,1.44,5.07,185195,16,39.18,0.624,21,0.697,0.934,0.822,31588247,High
4341,Residential,Semi-Urban,11293,7,Hybrid,Strip,0.766,1.062,1.112,5.33,52098,5,37.53,0.567,34,0.519,0.822,0.522,13329378,Medium
4342,Commercial,Semi-Urban,19861,5,Steel,Raft,0.602,1.586,1.727,8.34,80192,10,23.66,0.985,41,0.775,0.506,0.974,34882531,High
4343,Commercial,Urban,1029,4,Hybrid,Strip,0.917,0.851,1.613,6.53,128249,9,21.91,0.878,40,0.573,0.975,0.946,2610687,Low
4344,Residential,Rural,19776,3,Hybrid,Pile,0.602,1.164,1.338,7.55,196136,2,19.56,0.165,15,0.378,0.657,0.649,20677029,Medium
4345,Industrial,Semi-Urban,5234,8,Hybrid,Raft,0.624,1.609,1.679,7.04,183918,16,36.82,0.059,30,0.854,0.797,0.646,11888606,Medium
4346,Industrial,Rural,14398,4,RCC,Pile,0.596,0.979,1.405,6.17,91447,16,17.97,0.446,58,0.812,0.767,0.75,17491461,Medium
4347,Industrial,Semi-Urban,19409,8,Hybrid,Strip,0.579,1.067,1.383,7.75,42156,17,31.06,0.546,9,0.702,0.737,0.81,25977201,High
4348,Residential,Semi-Urban,13485,10,Steel,Pile,0.977,1.855,1.251,8.82,132676,2,23.29,0.79,39,0.618,0.678,0.646,32268286,High
4349,Commercial,Semi-Urban,14489,3,Hybrid,Raft,0.801,1.609,1.719,8.8,174685,26,19.7,0.16,35,0.367,0.29,0.898,28858047,High
4350,Residential,Semi-Urban,3242,10,Steel,Pile,0.819,1.399,1.555,7.74,160972,5,19.61,0.92,20,0.895,0.365,0.539,6408967,Low
4351,Commercial,Rural,5135,13,RCC,Raft,0.977,1.053,1.134,5.92,111340,8,36.77,0.572,7,0.278,0.898,0.699,6755708,Low
4352,Industrial,Rural,4925,9,RCC,Strip,0.615,1.21,0.822,3.98,109869,24,36.5,0.843,46,0.507,0.262,0.778,3841713,Low
4353,Industrial,Rural,9161,6,Hybrid,Strip,0.503,1.489,1.057,3.27,42293,2,21.8,0.836,41,0.882,0.237,0.9,9316730,Low
4354,Commercial,Rural,4330,5,Steel,Pile,0.799,0.986,0.873,4.39,91369,12,15.84,0.952,57,0.676,0.356,0.936,5574442,Low
4355,Commercial,Urban,1033,5,Hybrid,Pile,0.754,1.378,1.534,5.04,64022,13,36.73,0.659,43,0.551,0.426,0.622,2456922,Low
4356,Residential,Semi-Urban,14750,13,Hybrid,Strip,0.739,1.291,1.183,3.78,145783,16,16.43,0.784,46,0.833,0.598,0.621,18279912,Medium
4357,Industrial,Semi-Urban,12747,3,Steel,Strip,0.531,1.372,1.515,4.35,42156,5,17.12,0.821,32,0.992,0.645,0.684,17220396,Medium
4358,Residential,Semi-Urban,4587,2,Steel,Pile,0.727,0.927,1.36,3.5,97783,12,35.55,0.468,39,0.351,0.812,0.714,5477083,Low
4359,Residential,Urban,9453,6,Steel,Strip,0.644,0.928,1.715,6.14,174372,15,35.43,0.432,21,0.241,0.166,0.924,9139975,Low
4360,Residential,Rural,13793,11,Steel,Raft,0.637,1.957,2.031,3.76,140548,29,20.06,0.947,29,0.57,0.287,0.504,18749957,Medium
4361,Industrial,Semi-Urban,9582,1,Steel,Raft,0.611,1.975,1.615,7.46,152680,2,15.96,0.067,22,0.43,0.555,0.842,17100262,Medium
4362,Residential,Rural,2855,14,RCC,Pile,0.666,1.311,0.905,5.0,161550,12,16.57,0.953,51,0.733,0.326,0.61,2821044,Low
4363,Residential,Rural,2455,7,RCC,Pile,0.677,1.747,0.83,7.03,51876,23,26.33,0.578,14,0.595,0.886,0.941,2492575,Low
4364,Residential,Urban,3471,5,RCC,Strip,0.654,1.587,1.162,8.3,43181,10,25.46,0.295,46,0.599,0.676,0.659,4037955,Low
4365,Residential,Urban,6039,4,Steel,Strip,0.989,0.94,1.522,3.52,183695,8,19.56,0.557,59,0.484,0.541,0.769,9446001,Low
4366,Residential,Rural,7993,9,Steel,Raft,0.966,1.156,0.876,8.93,46566,21,37.73,0.638,42,0.369,0.1,0.665,8561811,Low
4367,Residential,Semi-Urban,18556,10,Steel,Pile,0.787,1.176,1.357,6.87,52780,11,28.81,0.111,53,0.371,0.873,0.713,27063098,High
4368,Industrial,Semi-Urban,3336,1,Hybrid,Pile,0.991,1.515,2.308,3.32,50498,12,35.18,0.67,25,0.51,0.515,0.761,13007821,Medium
4369,Residential,Urban,5439,11,RCC,Pile,0.996,1.496,0.953,4.88,131451,17,17.59,0.903,15,0.745,0.578,0.874,9892491,Low
4370,Commercial,Urban,4144,4,RCC,Pile,0.678,1.908,2.412,8.32,161089,29,39.34,0.971,9,0.47,0.728,0.56,10386122,Low
4371,Residential,Urban,19181,3,Hybrid,Raft,0.723,1.748,2.256,6.58,171495,7,35.24,0.6,35,0.461,0.944,0.676,45945477,High
4372,Residential,Urban,3666,6,Hybrid,Raft,0.98,1.828,2.214,4.72,174241,15,22.2,0.327,27,0.54,0.242,0.82,10768864,Low
4373,Industrial,Urban,10011,5,RCC,Pile,0.804,1.869,2.268,8.64,50999,19,15.52,0.563,41,0.993,0.164,0.794,33227496,High
4374,Industrial,Urban,683,7,Steel,Raft,0.606,1.762,0.936,7.72,151544,29,19.11,0.003,25,0.273,0.21,0.89,1214760,Low
4375,Commercial,Urban,9975,13,RCC,Pile,0.845,1.199,1.057,7.41,50322,2,25.46,0.919,30,0.436,0.767,0.945,16771348,Medium
4376,Commercial,Semi-Urban,19730,1,Steel,Raft,0.603,1.058,1.028,8.33,171817,6,15.07,0.785,17,0.434,0.216,0.547,19284695,Medium
4377,Industrial,Urban,11832,13,RCC,Strip,0.67,1.486,0.989,7.62,104104,2,16.02,0.166,16,0.98,0.551,0.857,17317635,Medium
4378,Industrial,Urban,15673,5,RCC,Raft,0.614,1.627,1.357,4.72,133385,14,17.47,0.609,47,0.526,0.736,0.642,24002441,High
4379,Residential,Semi-Urban,10488,14,Hybrid,Pile,0.622,1.264,2.211,6.5,52611,26,35.24,0.021,51,0.654,0.741,0.741,18368635,Medium
4380,Industrial,Semi-Urban,5222,2,Hybrid,Strip,0.502,1.818,1.228,8.05,78020,8,28.67,0.216,31,0.359,0.466,0.814,6713436,Low
4381,Commercial,Rural,15694,2,Steel,Pile,0.94,1.953,1.215,4.09,161572,16,19.77,0.17,59,0.21,0.729,0.575,32810692,High
4382,Residential,Urban,17666,11,Steel,Strip,0.648,1.483,1.949,3.98,72561,19,21.61,0.156,38,0.471,0.955,0.673,27759565,High
4383,Commercial,Urban,18391,11,RCC,Strip,0.543,1.348,0.965,3.95,165618,18,31.05,0.552,55,0.711,0.125,0.988,14918854,Medium
4384,Residential,Urban,14572,2,Hybrid,Raft,0.543,1.811,1.412,4.17,75313,24,22.97,0.964,50,0.753,0.704,0.568,21798664,High
4385,Industrial,Urban,16476,9,Steel,Raft,0.778,0.829,1.302,3.62,16218,29,32.05,0.13,50,0.803,0.57,0.542,29127412,High
4386,Commercial,Rural,6355,10,Steel,Strip,0.996,0.955,2.24,8.03,129993,13,34.46,0.873,4,0.889,0.291,0.918,12835081,Medium
4387,Residential,Semi-Urban,13794,3,Steel,Strip,0.573,1.815,1.675,7.91,23566,6,22.67,0.082,41,0.292,0.377,0.715,14537293,Medium
4388,Residential,Semi-Urban,12546,4,RCC,Strip,0.55,1.678,1.899,3.91,69636,29,24.16,0.083,57,0.266,0.853,0.837,10807865,Low
4389,Industrial,Urban,1176,5,Steel,Pile,0.719,1.299,1.019,7.23,25536,4,16.25,0.628,54,0.83,0.628,0.653,2774159,Low
4390,Industrial,Urban,4590,14,Steel,Raft,0.782,1.867,2.379,6.76,67765,21,35.49,0.575,28,0.549,0.113,0.599,13711687,Medium
4391,Industrial,Urban,12998,4,Hybrid,Pile,0.647,1.222,1.348,4.66,63133,10,30.15,0.344,35,0.958,0.969,0.606,30354112,High
4392,Commercial,Rural,13277,4,Hybrid,Raft,0.651,1.561,2.002,4.36,190226,15,37.21,0.533,38,0.955,0.7,0.598,26014078,High
4393,Residential,Rural,19570,5,Hybrid,Pile,0.712,1.561,2.423,4.5,169533,23,19.72,0.755,49,0.313,0.498,0.623,34076613,High
4394,Industrial,Semi-Urban,8882,10,RCC,Raft,0.657,1.021,1.665,7.38,178715,12,39.02,0.773,10,0.753,0.741,0.611,13107895,Medium
4395,Commercial,Urban,15506,9,Hybrid,Strip,0.958,1.142,1.663,4.92,94101,28,32.67,0.012,32,0.254,0.284,0.907,30736387,High
4396,Commercial,Urban,9534,12,Hybrid,Strip,0.521,1.899,0.999,4.67,89866,20,19.92,0.078,53,0.523,0.334,0.767,11411888,Medium
4397,Commercial,Urban,9026,9,Hybrid,Raft,0.617,1.02,1.463,3.13,36345,12,26.57,0.003,3,0.873,0.237,0.648,13559890,Medium
4398,Industrial,Urban,14430,14,Hybrid,Strip,0.904,1.008,2.249,8.45,55175,27,32.47,0.016,47,0.569,0.457,0.673,37190154,High
4399,Industrial,Rural,1610,14,Steel,Strip,0.917,1.376,1.03,7.52,177058,7,15.42,0.84,54,0.227,0.914,0.979,2901814,Low
4400,Residential,Semi-Urban,17462,6,RCC,Pile,0.556,0.911,2.36,5.84,38539,6,34.51,0.084,32,0.392,0.45,0.592,17648031,Medium
4401,Residential,Semi-Urban,16945,11,Steel,Raft,0.987,1.874,1.934,8.66,157959,5,38.69,0.711,0,0.269,0.359,0.943,38629587,High
4402,Industrial,Rural,886,12,Steel,Strip,0.847,0.92,1.516,4.76,127818,19,17.04,0.98,20,0.527,0.733,0.868,1481584,Low
4403,Commercial,Urban,19084,14,RCC,Raft,0.636,1.54,1.729,7.05,76999,14,37.45,0.821,16,0.757,0.883,0.807,34676525,High
4404,Commercial,Semi-Urban,13406,3,Steel,Pile,0.728,1.208,1.056,4.83,58466,1,26.61,0.066,33,0.728,0.32,0.812,19086284,Medium
4405,Commercial,Semi-Urban,2183,6,Hybrid,Raft,0.649,1.765,1.17,4.89,56029,24,27.89,0.894,28,0.775,0.827,0.711,3823700,Low
4406,Residential,Rural,15533,10,RCC,Pile,0.575,1.508,1.287,8.07,186417,11,36.0,0.958,2,0.507,0.374,0.719,13785553,Medium
4407,Commercial,Urban,16208,4,Steel,Pile,0.646,1.266,1.454,7.72,194852,23,29.74,0.706,48,0.412,0.323,0.898,27533496,High
4408,Residential,Semi-Urban,6821,3,Steel,Pile,0.79,1.981,2.356,4.76,104919,22,23.79,0.616,23,0.246,0.526,0.905,15362860,Medium
4409,Residential,Urban,9178,6,Hybrid,Strip,0.913,0.879,1.425,3.49,171306,4,33.31,0.602,33,0.953,0.16,0.786,14901830,Medium
4410,Commercial,Semi-Urban,12424,11,Steel,Pile,0.682,1.493,1.691,5.15,131738,21,18.46,0.82,1,0.295,0.876,0.884,20664729,Medium
4411,Commercial,Rural,14065,6,Steel,Raft,0.674,1.987,1.075,7.56,139259,14,31.66,0.553,30,0.343,0.887,0.905,18801104,Medium
4412,Industrial,Urban,9232,2,Steel,Raft,0.734,1.629,2.051,3.6,126437,21,34.37,0.334,39,0.22,0.71,0.666,22468441,High
4413,Industrial,Rural,6131,9,RCC,Strip,0.822,1.688,1.752,7.03,72534,18,23.37,0.97,6,0.454,0.373,0.812,9544737,Low
4414,Commercial,Semi-Urban,10752,8,RCC,Strip,0.876,0.839,1.548,8.34,85554,6,39.26,0.048,50,0.855,0.25,0.718,13794526,Medium
4415,Residential,Rural,12938,6,Steel,Pile,0.663,0.826,2.41,4.08,176614,27,31.02,0.665,28,0.466,0.729,0.549,16408176,Medium
4416,Residential,Rural,5669,1,Steel,Pile,0.793,0.843,2.314,8.17,180048,5,17.39,0.586,52,0.733,0.193,0.824,9265150,Low
4417,Residential,Rural,7287,12,Hybrid,Pile,0.695,1.99,1.921,3.31,104306,17,39.16,0.639,50,0.972,0.47,0.794,15901647,Medium
4418,Residential,Semi-Urban,5732,2,RCC,Strip,0.858,1.975,2.367,7.0,5148,25,33.6,0.642,10,0.914,0.18,0.551,10778763,Low
4419,Residential,Urban,4788,4,RCC,Strip,0.582,1.201,1.76,7.75,56053,7,32.39,0.124,42,0.344,0.484,0.535,4793786,Low
4420,Industrial,Rural,7234,7,RCC,Raft,0.628,1.149,2.206,5.67,191078,11,21.33,0.134,52,0.487,0.221,0.625,9482336,Low
4421,Commercial,Urban,17964,9,Steel,Pile,0.713,0.975,1.496,4.22,15432,14,26.83,0.067,24,0.801,0.129,0.917,30468217,High
4422,Industrial,Semi-Urban,6740,10,Hybrid,Pile,0.945,1.195,0.947,8.55,180336,2,37.53,0.938,18,0.982,0.505,0.532,18296549,Medium
4423,Residential,Urban,17081,5,Hybrid,Raft,0.787,1.244,2.49,3.12,88660,22,22.7,0.61,10,0.773,0.611,0.73,39480861,High
4424,Residential,Rural,8314,10,Steel,Raft,0.983,1.698,1.082,6.33,9257,17,25.58,0.077,44,0.402,0.495,0.59,13456192,Medium
4425,Residential,Rural,10886,2,Steel,Raft,0.552,1.84,1.228,5.24,125764,2,21.42,0.434,34,0.306,0.259,0.627,9771575,Low
4426,Residential,Rural,8351,13,Hybrid,Raft,0.73,1.696,1.077,5.77,68011,15,20.4,0.359,32,0.596,0.17,0.885,10304760,Low
4427,Commercial,Rural,2100,11,Hybrid,Pile,0.71,1.576,1.374,6.22,57175,7,16.09,0.148,4,0.354,0.214,0.925,3471618,Low
4428,Residential,Rural,7366,11,RCC,Strip,0.8,1.719,1.292,6.21,10577,3,33.42,0.822,34,0.382,0.754,0.79,8334815,Low
4429,Commercial,Rural,4192,11,Steel,Pile,0.906,1.686,1.822,4.22,148912,23,17.27,0.776,2,0.708,0.114,0.932,9897491,Low
4430,Residential,Semi-Urban,19967,1,RCC,Raft,0.921,1.371,2.494,7.08,102355,6,28.28,0.464,30,0.612,0.877,0.928,39749685,High
4431,Commercial,Semi-Urban,832,10,Hybrid,Strip,0.835,1.203,0.889,3.11,102045,21,16.24,0.522,11,0.297,0.856,0.611,1280731,Low
4432,Industrial,Semi-Urban,14209,14,RCC,Pile,0.821,1.139,2.123,3.13,27203,26,39.6,0.436,3,0.323,0.892,0.823,28116785,High
4433,Residential,Urban,14609,13,Hybrid,Raft,0.975,1.615,1.018,5.87,78141,9,32.74,0.551,31,0.216,0.891,0.889,29360346,High
4434,Commercial,Urban,15347,14,Hybrid,Strip,0.692,1.951,0.834,6.25,13056,10,30.76,0.733,49,0.376,0.701,0.781,23665125,High
4435,Industrial,Semi-Urban,15007,1,RCC,Strip,0.916,1.497,1.886,4.65,178845,21,19.66,0.876,49,0.91,0.863,0.903,35153961,High
4436,Residential,Urban,10463,5,Steel,Strip,0.961,1.895,2.285,6.31,87620,21,28.2,0.592,23,0.834,0.757,0.814,30470992,High
4437,Residential,Urban,6606,14,RCC,Pile,0.746,0.817,1.1,6.1,47109,8,27.59,0.126,50,0.532,0.37,0.642,7099342,Low
4438,Residential,Rural,7833,7,RCC,Raft,0.865,1.753,1.381,5.1,28279,7,23.97,0.772,35,0.794,0.78,0.843,11589542,Medium
4439,Commercial,Rural,16558,9,Steel,Pile,0.689,1.824,1.087,6.91,143945,1,18.9,0.372,1,0.526,0.654,0.794,27915468,High
4440,Commercial,Urban,7155,9,Steel,Pile,0.579,1.557,2.341,8.75,85812,10,24.18,0.63,4,0.834,0.125,0.812,17399981,Medium
4441,Industrial,Urban,5808,8,RCC,Pile,0.793,1.921,1.26,5.94,174159,18,30.23,0.199,11,0.346,0.808,0.548,13434286,Medium
4442,Commercial,Semi-Urban,19605,1,Hybrid,Strip,0.598,1.508,1.556,7.72,75880,16,27.18,0.163,24,0.322,0.884,0.563,27264318,High
4443,Commercial,Urban,1564,5,RCC,Raft,0.729,1.089,2.321,4.49,118855,4,29.25,0.053,40,0.262,0.566,0.907,2885626,Low
4444,Residential,Rural,9580,6,Hybrid,Pile,0.936,1.059,1.74,7.57,17226,9,29.3,0.314,23,0.393,0.538,0.716,17721195,Medium
4445,Residential,Urban,11615,6,Steel,Raft,0.543,1.467,2.386,6.89,191122,23,21.12,0.597,56,0.317,0.485,0.608,16424608,Medium
4446,Residential,Semi-Urban,7320,4,Steel,Strip,0.515,1.888,2.375,6.84,39037,18,17.77,0.319,24,0.839,0.747,0.546,10467331,Low
4447,Residential,Rural,9012,1,Hybrid,Pile,0.803,0.887,1.585,8.36,101221,11,28.04,0.241,43,0.392,0.294,0.631,12449971,Medium
4448,Residential,Rural,4457,3,RCC,Raft,0.666,1.525,1.79,4.4,111907,12,37.31,0.995,44,0.613,0.797,0.648,5275850,Low
4449,Residential,Rural,19266,10,Steel,Strip,0.709,1.724,1.192,5.21,47756,8,39.88,0.999,56,0.805,0.363,0.991,21392618,Medium
4450,Residential,Rural,7508,4,Hybrid,Pile,0.703,0.938,2.484,3.5,43411,1,34.65,0.605,44,0.742,0.335,0.917,11891956,Medium
4451,Industrial,Urban,16544,4,Hybrid,Pile,0.543,0.94,1.273,7.36,81331,8,20.53,0.324,57,0.364,0.828,0.539,26235778,High
4452,Industrial,Semi-Urban,18384,13,RCC,Raft,0.502,1.239,2.132,8.06,93684,5,30.76,0.862,17,0.262,0.257,0.874,21377955,Medium
4453,Industrial,Urban,15187,4,Hybrid,Raft,0.949,1.129,1.332,5.44,45025,1,20.97,0.737,50,0.929,0.876,0.782,48144383,High
4454,Industrial,Urban,18452,14,Hybrid,Pile,0.609,1.038,1.332,5.14,190308,3,29.41,0.616,19,0.698,0.98,0.614,39467980,High
4455,Residential,Rural,10211,5,RCC,Pile,0.713,1.038,0.977,6.95,31396,27,27.02,0.908,32,0.765,0.388,0.873,8469646,Low
4456,Industrial,Semi-Urban,18749,13,Steel,Strip,0.986,0.957,1.752,3.45,63659,13,24.54,0.445,28,0.509,0.935,0.515,39542237,High
4457,Residential,Rural,10097,11,Steel,Strip,0.913,1.533,1.216,4.76,188586,29,31.04,0.255,28,0.393,0.61,0.866,11979633,Medium
4458,Industrial,Urban,15754,9,Steel,Pile,0.554,1.626,1.052,5.2,83192,29,36.44,0.967,21,0.624,0.333,0.948,24384317,High
4459,Commercial,Urban,16888,4,Hybrid,Raft,0.754,1.644,1.185,6.11,34959,16,23.44,0.86,11,0.262,0.507,0.941,32237990,High
4460,Industrial,Rural,14869,9,Hybrid,Raft,0.865,1.439,1.227,5.86,119474,23,27.16,0.912,33,0.84,0.82,0.886,33132344,High
4461,Industrial,Urban,8459,9,RCC,Pile,0.849,1.943,1.657,4.25,199628,12,26.4,0.918,3,0.724,0.7,0.967,24819248,High
4462,Residential,Urban,18052,1,Hybrid,Strip,0.88,1.857,1.456,6.24,199615,7,21.23,0.383,4,0.809,0.545,0.854,39649100,High
4463,Industrial,Rural,19282,5,Hybrid,Pile,0.729,1.949,0.928,8.56,194992,8,25.53,0.861,51,0.655,0.332,0.843,37196293,High
4464,Commercial,Urban,19514,9,Steel,Raft,0.588,1.267,1.711,3.16,110548,11,15.54,0.889,53,0.662,0.753,0.513,32159409,High
4465,Residential,Semi-Urban,7108,4,Hybrid,Pile,0.732,1.853,2.139,7.08,63677,13,27.94,0.548,57,0.68,0.382,0.587,18118340,Medium
4466,Residential,Rural,847,5,Hybrid,Pile,0.824,1.715,1.776,6.75,109537,11,33.02,0.625,9,0.827,0.398,0.891,2071845,Low
4467,Industrial,Semi-Urban,12912,4,Hybrid,Strip,0.804,1.208,2.457,8.55,179455,4,24.19,0.577,21,0.38,0.772,0.999,30545400,High
4468,Residential,Urban,10505,13,RCC,Raft,0.535,0.928,0.969,6.87,111372,6,33.66,0.016,56,0.745,0.603,0.86,8498197,Low
4469,Residential,Urban,7000,2,Hybrid,Raft,0.532,1.619,2.196,6.75,196240,28,33.77,0.536,24,0.642,0.267,0.79,11605861,Medium
4470,Residential,Rural,3074,10,RCC,Pile,0.983,0.964,1.66,7.62,73581,23,39.6,0.038,0,0.596,0.718,0.592,4303600,Low
4471,Residential,Urban,5772,2,Steel,Raft,0.576,1.153,1.687,4.61,8265,24,28.65,0.451,9,0.633,0.332,0.974,6547972,Low
4472,Residential,Rural,17032,2,Hybrid,Raft,0.647,1.4,1.682,6.57,190926,19,25.1,0.046,14,0.418,0.784,0.825,22292253,High
4473,Residential,Rural,9194,13,RCC,Raft,0.884,1.616,1.353,6.12,43685,21,30.99,0.455,39,0.23,0.531,0.745,10829914,Low
4474,Commercial,Rural,17753,1,Steel,Raft,0.705,1.911,1.352,5.63,167128,8,30.66,0.305,30,0.807,0.635,0.931,29703850,High
4475,Industrial,Rural,4021,3,Hybrid,Strip,0.591,1.512,1.874,3.48,118145,6,39.68,0.774,52,0.933,0.641,0.977,7377041,Low
4476,Commercial,Rural,1800,14,RCC,Strip,0.734,1.606,0.876,4.76,60403,17,32.69,0.479,16,0.585,0.232,0.686,1628684,Low
4477,Residential,Semi-Urban,12725,11,RCC,Strip,0.784,1.172,1.801,4.68,103814,18,22.66,0.512,11,0.87,0.685,0.758,15555508,Medium
4478,Residential,Rural,11981,10,Steel,Strip,0.726,1.625,2.032,7.35,175798,3,19.69,0.904,4,0.644,0.88,0.558,19112692,Medium
4479,Industrial,Semi-Urban,12545,1,Hybrid,Strip,0.959,1.325,1.406,8.52,110822,12,34.82,0.482,37,0.944,0.902,0.98,34233975,High
4480,Commercial,Urban,19335,4,Hybrid,Raft,0.642,1.828,1.17,4.38,169695,15,19.49,0.156,47,0.607,0.72,0.56,36514197,High
4481,Industrial,Rural,4885,1,Hybrid,Pile,0.831,1.271,1.163,3.45,88870,7,30.69,0.113,38,0.364,0.972,0.965,10152442,Low
4482,Commercial,Urban,15255,4,RCC,Pile,0.556,1.362,0.939,9.0,152817,13,18.31,0.306,50,0.896,0.638,0.596,20080855,Medium
4483,Residential,Rural,3324,3,Hybrid,Strip,0.696,1.319,0.953,7.15,125143,10,32.97,0.265,8,0.84,0.329,0.954,3524210,Low
4484,Industrial,Semi-Urban,6464,9,RCC,Raft,0.87,1.773,1.083,8.32,31248,19,34.57,0.818,50,0.518,0.694,0.726,12482242,Medium
4485,Industrial,Semi-Urban,17870,1,RCC,Strip,0.612,1.944,0.833,3.86,199781,9,39.76,0.759,16,0.874,0.918,0.796,23119177,High
4486,Residential,Semi-Urban,4267,14,Steel,Pile,0.795,1.193,1.253,7.8,99923,25,38.86,0.059,28,0.207,0.423,0.518,5605739,Low
4487,Industrial,Urban,14076,8,RCC,Raft,0.577,1.37,1.321,7.88,85309,28,32.85,0.201,50,0.84,0.338,0.697,19558082,Medium
4488,Commercial,Rural,12768,11,Steel,Raft,0.551,1.647,2.492,3.91,128886,12,21.94,0.449,54,0.75,0.97,0.747,22976808,High
4489,Commercial,Urban,18890,9,Steel,Raft,0.762,1.874,2.486,3.97,189892,28,16.09,0.087,41,0.504,0.79,0.505,54966789,High
4490,Commercial,Semi-Urban,8425,12,Hybrid,Pile,0.838,1.392,1.118,4.77,134471,11,28.88,0.166,16,0.833,0.145,0.83,16361046,Medium
4491,Commercial,Urban,3607,7,Steel,Pile,0.557,0.931,1.162,4.3,164695,24,34.15,0.908,45,0.301,0.605,0.919,4173156,Low
4492,Residential,Semi-Urban,9222,1,Hybrid,Strip,0.959,1.242,1.636,8.85,117480,25,15.27,0.541,13,0.363,0.311,0.512,14473684,Medium
4493,Industrial,Semi-Urban,17807,4,Steel,Strip,0.613,1.46,1.053,5.18,188557,8,28.12,0.797,19,0.627,0.358,0.746,21472385,Medium
4494,Commercial,Semi-Urban,18780,10,RCC,Pile,0.56,1.301,1.657,7.57,58548,9,37.07,0.331,54,0.905,0.179,0.517,25050459,High
4495,Residential,Rural,8383,1,Hybrid,Strip,0.601,1.024,1.479,7.83,10068,4,30.93,0.375,46,0.304,0.308,0.937,6834695,Low
4496,Industrial,Rural,13953,4,RCC,Pile,0.585,0.844,1.352,5.32,23980,20,32.09,0.858,26,0.651,0.555,0.58,14190608,Medium
4497,Industrial,Semi-Urban,17697,3,Hybrid,Raft,0.545,1.625,2.198,7.1,42858,5,26.86,0.657,59,0.803,0.171,0.529,37460363,High
4498,Residential,Urban,8118,2,RCC,Strip,0.899,1.991,2.208,3.65,129761,7,38.58,0.678,50,0.795,0.901,0.929,19688100,Medium
4499,Residential,Urban,1282,1,Steel,Pile,0.748,1.903,2.479,5.38,176241,9,24.37,0.639,38,0.702,0.798,0.722,4289399,Low
4500,Commercial,Rural,15142,6,Hybrid,Pile,0.694,1.62,1.179,8.8,114768,4,24.48,0.541,47,0.953,0.443,0.548,28576410,High
4501,Industrial,Semi-Urban,8289,12,Hybrid,Pile,0.975,1.81,2.31,4.01,189933,23,27.94,0.991,19,0.586,0.217,0.824,34041776,High
4502,Industrial,Urban,14502,7,Hybrid,Strip,0.686,1.107,1.714,5.31,67573,12,29.65,0.894,22,0.904,0.995,0.853,32959029,High
4503,Residential,Semi-Urban,12481,6,Steel,Strip,0.583,1.547,1.805,7.74,58218,12,28.44,0.711,8,0.696,0.607,0.784,14437118,Medium
4504,Industrial,Urban,5507,9,RCC,Raft,0.637,0.873,2.324,6.99,74528,6,35.47,0.678,57,0.79,0.481,0.666,10067947,Low
4505,Commercial,Rural,8075,12,Steel,Strip,0.619,1.649,2.402,6.79,116099,13,35.86,0.084,52,0.572,0.279,0.712,13042483,Medium
4506,Industrial,Semi-Urban,16684,9,Steel,Strip,0.749,1.964,2.036,8.12,14082,9,18.29,0.485,50,0.334,0.283,0.977,35610183,High
4507,Residential,Semi-Urban,11794,2,Steel,Strip,0.646,1.833,1.391,3.17,94966,25,29.9,0.496,48,0.287,0.817,0.767,13312007,Medium
4508,Residential,Urban,6137,2,RCC,Raft,0.758,1.441,1.632,7.63,6695,9,39.6,0.052,18,0.746,0.568,0.699,9868128,Low
4509,Commercial,Urban,13270,9,Steel,Raft,0.835,1.746,1.846,8.3,100090,21,29.99,0.756,31,0.501,0.986,0.854,36537581,High
4510,Commercial,Urban,15042,1,Hybrid,Raft,0.889,1.933,2.209,3.1,112311,3,32.2,0.002,51,0.654,0.958,0.538,60812546,High
4511,Industrial,Semi-Urban,11408,5,Steel,Strip,0.855,1.059,1.919,6.35,143450,13,36.53,0.425,11,0.797,0.286,0.645,21641955,Medium
4512,Industrial,Rural,17462,1,RCC,Pile,0.603,1.752,1.421,5.09,180292,6,36.67,0.903,1,0.829,0.999,0.613,28296187,High
4513,Residential,Rural,13199,7,Hybrid,Strip,0.558,1.124,1.51,3.3,94272,18,15.43,0.34,35,0.608,0.988,0.84,12324024,Medium
4514,Commercial,Urban,2365,9,RCC,Raft,0.771,1.852,0.886,5.51,14528,23,20.99,0.583,20,0.452,0.819,0.802,3775659,Low
4515,Commercial,Rural,1876,6,Steel,Strip,0.599,0.918,2.371,6.86,67424,14,36.57,0.308,39,0.821,0.452,0.88,2558423,Low
4516,Commercial,Urban,14755,14,RCC,Strip,0.542,1.014,0.95,8.51,136320,29,31.68,0.179,42,0.532,0.302,0.713,10969726,Low
4517,Industrial,Rural,14147,2,Hybrid,Pile,0.764,1.665,1.786,6.72,14888,23,30.79,0.73,10,0.949,0.193,0.587,36614580,High
4518,Commercial,Semi-Urban,5908,6,RCC,Pile,0.663,1.01,2.282,8.14,120346,2,36.5,0.205,27,0.86,0.147,0.591,9716721,Low
4519,Residential,Urban,8663,9,Hybrid,Strip,0.878,0.99,1.515,3.73,20118,6,35.16,0.072,11,0.798,0.839,0.946,15797271,Medium
4520,Residential,Rural,6783,3,Hybrid,Raft,0.657,1.467,2.16,4.26,124458,20,33.78,0.435,4,0.393,0.951,0.537,9990284,Low
4521,Industrial,Semi-Urban,2476,9,Steel,Strip,0.989,1.802,2.166,8.82,5223,7,16.18,0.709,49,0.49,0.795,0.797,8265530,Low
4522,Industrial,Rural,6943,8,Steel,Strip,0.879,1.122,0.902,8.32,39527,8,34.54,0.58,14,0.879,0.783,0.616,10561598,Low
4523,Commercial,Semi-Urban,13824,13,Hybrid,Strip,0.529,1.809,1.501,4.41,25199,10,20.02,0.244,31,0.219,0.474,0.607,15458354,Medium
4524,Industrial,Semi-Urban,8095,12,RCC,Raft,0.754,1.77,1.975,6.73,86973,13,15.65,0.818,16,0.825,0.677,0.549,18259295,Medium
4525,Residential,Rural,5420,7,Hybrid,Raft,0.781,1.495,1.518,5.18,108988,27,27.3,0.097,40,0.523,0.704,0.99,8635918,Low
4526,Commercial,Rural,18771,8,Steel,Raft,0.848,1.576,1.727,5.81,120273,1,38.56,0.67,35,0.839,0.332,0.53,39112725,High
4527,Residential,Semi-Urban,17875,10,RCC,Raft,0.749,0.849,1.811,8.17,155827,5,37.16,0.607,13,0.642,0.765,0.574,20204765,Medium
4528,Commercial,Semi-Urban,5728,6,Hybrid,Raft,0.742,1.241,1.057,7.41,9384,25,39.55,0.899,40,0.621,0.232,0.683,7870717,Low
4529,Industrial,Semi-Urban,12248,3,Steel,Strip,0.684,1.116,1.5,4.43,71987,2,21.16,0.527,8,0.761,0.364,0.728,17501189,Medium
4530,Commercial,Urban,16215,7,Hybrid,Raft,0.636,0.98,0.848,4.9,122193,4,32.38,0.819,16,0.845,0.631,0.975,23101409,High
4531,Commercial,Semi-Urban,14984,4,Hybrid,Strip,0.973,1.268,1.054,4.74,117171,24,16.4,0.215,43,0.755,0.586,0.621,27022535,High
4532,Residential,Urban,6950,11,Hybrid,Strip,0.659,1.226,1.671,7.68,183226,12,35.09,0.545,6,0.561,0.734,0.86,10677015,Low
4533,Residential,Semi-Urban,17967,10,RCC,Strip,0.532,1.675,1.775,5.94,133508,5,28.09,0.533,58,0.457,0.625,0.828,16560300,Medium
4534,Commercial,Urban,520,14,Steel,Pile,0.584,1.518,1.049,8.7,22506,24,39.91,0.295,31,0.877,0.145,0.759,985185,Low
4535,Industrial,Semi-Urban,15217,5,Steel,Raft,0.929,1.896,2.085,7.9,79710,15,21.0,0.005,43,0.617,0.98,0.633,52458553,High
4536,Industrial,Semi-Urban,15080,8,Hybrid,Raft,0.793,0.974,1.434,4.27,164444,10,34.62,0.744,43,0.827,0.787,0.578,32042519,High
4537,Residential,Semi-Urban,10617,7,Hybrid,Strip,0.889,0.872,2.365,7.72,129288,26,19.27,0.397,5,0.997,0.892,0.588,21443405,Medium
4538,Industrial,Rural,10164,7,Hybrid,Pile,0.904,1.442,1.459,6.04,86548,17,22.18,0.3,15,0.715,0.824,0.673,28573805,High
4539,Residential,Rural,1599,8,RCC,Raft,0.912,0.801,1.055,4.52,141495,14,22.39,0.194,1,0.423,0.291,0.569,1392621,Low
4540,Industrial,Semi-Urban,3137,10,Steel,Strip,0.775,1.745,2.089,5.18,117510,7,29.45,0.852,9,0.892,0.939,0.999,8706089,Low
4541,Commercial,Urban,9081,3,Hybrid,Pile,0.589,1.407,1.765,8.83,14841,22,24.13,0.334,3,0.419,0.986,0.723,19368642,Medium
4542,Residential,Urban,8244,3,Steel,Strip,0.574,1.386,1.457,5.9,93915,2,25.97,0.204,4,0.408,0.171,0.769,8124515,Low
4543,Residential,Semi-Urban,7957,2,Hybrid,Pile,0.787,1.235,1.405,7.32,154038,23,28.05,0.523,36,0.259,0.243,0.808,11673073,Medium
4544,Commercial,Rural,11307,1,Steel,Strip,0.683,1.25,1.056,5.86,150673,3,16.41,0.782,38,0.263,0.991,0.598,11547008,Medium
4545,Residential,Urban,18238,10,Hybrid,Raft,0.779,1.317,1.379,5.23,83766,4,31.63,0.602,25,0.89,0.364,0.741,32898234,High
4546,Industrial,Rural,6902,6,RCC,Strip,0.749,0.819,0.85,7.78,142856,16,31.23,0.96,29,0.385,0.838,0.531,6257129,Low
4547,Industrial,Urban,5021,6,Hybrid,Strip,0.801,0.9,1.654,8.09,88088,16,39.12,0.957,1,0.287,0.167,0.985,9015954,Low
4548,Residential,Semi-Urban,16889,13,Hybrid,Pile,0.516,1.406,2.324,3.43,13336,27,18.33,0.902,50,0.482,0.759,0.736,24056251,High
4549,Industrial,Rural,8882,10,Hybrid,Pile,0.516,0.98,2.152,4.67,109614,22,15.77,0.565,17,0.771,0.731,0.515,14550743,Medium
4550,Residential,Urban,13192,12,Hybrid,Raft,0.861,1.735,0.848,6.05,137138,3,18.33,0.768,6,0.472,0.944,0.8,24487396,High
4551,Commercial,Semi-Urban,4853,8,Hybrid,Strip,0.597,1.129,2.298,4.9,120659,17,25.56,0.289,45,0.447,0.756,0.55,7253117,Low
4552,Residential,Semi-Urban,15565,14,Steel,Pile,0.826,0.917,1.569,7.7,14768,26,20.35,0.575,46,0.59,0.137,0.895,22010585,High
4553,Commercial,Semi-Urban,14925,6,Steel,Raft,0.773,1.082,1.125,3.69,143254,17,20.41,0.066,22,0.217,0.505,0.977,16822604,Medium
4554,Industrial,Rural,13611,6,RCC,Raft,0.991,1.229,2.079,7.79,148488,22,36.73,0.263,56,0.593,0.413,0.958,29552828,High
4555,Commercial,Rural,8531,1,Hybrid,Pile,0.918,0.842,1.349,6.71,58305,20,23.1,0.325,19,0.992,0.614,0.714,16900520,Medium
4556,Industrial,Semi-Urban,16010,12,Steel,Pile,0.707,0.97,1.231,4.74,50109,7,25.42,0.361,14,0.839,0.485,0.856,26374507,High
4557,Residential,Rural,5583,7,Steel,Strip,0.808,1.189,1.074,5.07,194663,25,32.1,0.161,51,0.256,0.353,0.578,5117682,Low
4558,Industrial,Urban,9316,7,Hybrid,Raft,0.559,1.173,1.627,4.1,49746,8,23.5,0.083,53,0.724,0.695,0.538,17610031,Medium
4559,Residential,Semi-Urban,12817,10,Hybrid,Pile,0.693,1.76,0.959,4.52,16837,19,28.86,0.578,27,0.569,0.38,0.911,17455145,Medium
4560,Residential,Semi-Urban,2675,9,RCC,Raft,0.867,1.812,2.136,7.3,137338,7,28.07,0.491,45,0.861,0.866,0.848,6397585,Low
4561,Commercial,Rural,11841,14,RCC,Strip,0.811,1.032,1.6,5.26,70745,1,21.54,0.585,2,0.279,0.391,0.954,12039084,Medium
4562,Commercial,Semi-Urban,18079,12,Steel,Pile,0.742,0.949,1.56,7.12,91257,16,32.93,0.129,2,0.386,0.564,0.957,26631492,High
4563,Commercial,Urban,2569,7,RCC,Raft,0.588,1.561,0.803,6.08,77062,18,35.85,0.948,56,0.833,0.843,0.674,3381766,Low
4564,Commercial,Rural,3858,8,Steel,Pile,0.902,1.766,2.19,3.87,147545,25,34.59,0.413,54,0.879,0.841,0.659,12679130,Medium
4565,Industrial,Rural,19322,4,RCC,Strip,0.637,1.956,1.638,5.99,158814,26,24.88,0.449,11,0.623,0.627,0.721,27734766,High
4566,Industrial,Semi-Urban,9308,9,Hybrid,Strip,0.91,0.808,1.548,7.54,196731,8,38.32,0.547,56,0.216,0.442,0.833,16174870,Medium
4567,Industrial,Semi-Urban,4744,14,RCC,Strip,0.806,1.296,2.094,4.79,79541,7,37.47,0.69,33,0.915,0.602,0.502,9191484,Low
4568,Residential,Semi-Urban,2311,1,Steel,Strip,0.686,1.681,0.907,6.89,61409,27,21.67,0.385,35,0.506,0.865,0.767,2656562,Low
4569,Industrial,Rural,17055,8,RCC,Pile,0.52,1.794,1.423,4.19,90440,10,18.1,0.143,7,0.232,0.297,0.51,18415905,Medium
4570,Industrial,Semi-Urban,17509,3,Steel,Pile,0.616,0.875,1.779,3.81,94243,2,37.35,0.783,8,0.855,0.21,0.725,28388048,High
4571,Industrial,Urban,6406,14,Steel,Raft,0.945,1.617,1.583,5.16,41217,15,33.62,0.261,34,0.534,0.624,0.541,19705148,Medium
4572,Commercial,Semi-Urban,8483,1,RCC,Raft,0.909,1.147,1.109,5.34,138203,14,22.77,0.443,23,0.352,0.617,0.781,11339320,Medium
4573,Industrial,Semi-Urban,4563,2,RCC,Pile,0.787,0.89,1.309,7.57,63792,2,22.62,0.632,23,0.841,0.364,0.657,7344278,Low
4574,Residential,Rural,10946,6,Steel,Pile,0.733,1.387,1.31,5.76,76663,7,23.05,0.965,34,0.566,0.491,0.739,13964319,Medium
4575,Commercial,Semi-Urban,9144,5,Hybrid,Raft,0.824,0.99,2.486,3.49,118302,23,36.53,0.034,10,0.686,0.18,0.979,18518019,Medium
4576,Residential,Rural,10110,14,RCC,Pile,0.733,1.684,1.355,6.8,186919,22,21.01,0.519,55,0.858,0.218,0.67,12969413,Medium
4577,Industrial,Semi-Urban,8642,3,Steel,Strip,0.822,1.69,1.149,5.82,121197,26,31.28,0.936,5,0.618,0.845,0.86,16328709,Medium
4578,Commercial,Urban,1253,9,Hybrid,Strip,0.654,1.81,2.198,4.99,80686,12,35.86,0.255,24,0.288,0.518,0.842,2872043,Low
4579,Residential,Urban,12064,8,Steel,Strip,0.919,1.253,1.516,7.81,110248,5,24.68,0.112,0,0.971,0.19,0.934,21012725,Medium
4580,Industrial,Rural,7351,13,RCC,Raft,0.851,0.816,1.555,3.93,162784,6,16.54,0.597,8,0.429,0.966,0.667,10452854,Low
4581,Residential,Rural,5604,3,Steel,Pile,0.665,1.112,1.733,8.48,93625,16,33.97,0.152,55,0.995,0.289,0.528,8248616,Low
4582,Residential,Semi-Urban,15690,2,Steel,Raft,0.915,1.361,1.813,5.0,170068,12,15.5,0.879,11,0.205,0.385,0.985,25206765,High
4583,Residential,Semi-Urban,13921,8,Steel,Raft,0.744,1.633,1.804,5.77,146826,9,35.77,0.723,12,0.587,0.975,0.681,24946729,High
4584,Industrial,Urban,11702,14,RCC,Pile,0.587,1.258,0.859,8.58,140283,20,24.02,0.121,28,0.764,0.263,0.597,14808501,Medium
4585,Industrial,Semi-Urban,11603,5,Hybrid,Raft,0.539,1.443,2.192,7.57,106722,12,35.03,0.577,45,0.925,0.972,0.957,27925768,High
4586,Residential,Urban,9917,9,Hybrid,Strip,0.85,1.429,1.131,3.45,105752,10,28.63,0.027,31,0.824,0.75,0.595,16940933,Medium
4587,Commercial,Rural,8859,1,Hybrid,Pile,0.933,0.998,1.297,6.47,140466,17,23.98,0.845,30,0.405,0.484,0.764,15859257,Medium
4588,Commercial,Semi-Urban,4185,10,Hybrid,Strip,0.904,1.548,1.095,4.86,124452,25,37.48,0.205,25,0.395,0.635,0.878,7130964,Low
4589,Industrial,Rural,10369,3,RCC,Strip,0.828,1.327,2.104,6.05,100984,24,34.18,0.732,39,0.485,0.557,0.866,16386060,Medium
4590,Industrial,Semi-Urban,18866,5,Steel,Pile,0.571,1.77,1.792,7.46,98291,11,17.02,0.106,23,0.288,0.824,0.515,36583109,High
4591,Industrial,Urban,5444,2,Hybrid,Strip,0.547,1.629,2.084,5.98,156339,18,38.26,0.472,14,0.736,0.157,0.601,11130728,Medium
4592,Industrial,Rural,15910,3,Hybrid,Strip,0.673,0.934,1.911,3.43,60347,4,26.68,0.929,41,0.953,0.832,0.944,28117060,High
4593,Industrial,Rural,15971,4,RCC,Strip,0.927,1.387,0.977,6.18,169847,3,18.72,0.074,54,0.714,0.974,0.777,24731330,High
4594,Commercial,Semi-Urban,10178,4,Steel,Pile,0.981,1.643,1.313,3.14,133352,19,34.28,0.295,50,0.627,0.487,0.844,24491919,High
4595,Industrial,Rural,9133,11,Steel,Pile,0.621,0.904,1.662,5.09,46171,6,27.94,0.783,5,0.603,0.272,0.701,13096093,Medium
4596,Residential,Urban,8962,9,Hybrid,Pile,0.881,1.751,1.318,5.87,141300,23,31.82,0.463,28,0.674,0.198,0.873,20635620,Medium
4597,Residential,Rural,14388,1,Hybrid,Raft,0.787,1.066,1.152,6.87,78633,8,32.35,0.65,30,0.768,0.412,0.645,17215791,Medium
4598,Commercial,Rural,17227,12,Steel,Strip,0.516,1.404,2.279,6.04,117591,7,19.93,0.812,15,0.836,0.218,0.616,19624973,Medium
4599,Residential,Semi-Urban,16703,9,RCC,Raft,0.771,1.929,2.071,3.91,140142,15,39.27,0.784,9,0.759,0.307,0.999,29200453,High
4600,Commercial,Rural,3581,9,Steel,Raft,0.903,1.486,1.387,8.59,8893,12,17.64,0.395,55,0.764,0.689,0.579,7662239,Low
4601,Commercial,Semi-Urban,9949,11,Steel,Strip,0.638,1.309,2.101,6.9,121081,15,30.14,0.431,44,0.961,0.474,0.991,17735632,Medium
4602,Residential,Semi-Urban,16157,6,Hybrid,Pile,0.949,0.808,1.867,4.9,114072,9,18.66,0.571,39,0.919,0.911,0.963,35523417,High
4603,Industrial,Rural,2791,11,RCC,Raft,0.618,0.96,0.806,8.8,79991,2,36.93,0.123,3,0.859,0.518,0.857,2688584,Low
4604,Residential,Urban,2032,1,RCC,Pile,0.538,1.494,1.446,8.3,90393,26,19.33,0.87,28,0.235,0.239,0.791,2152558,Low
4605,Residential,Semi-Urban,4862,11,RCC,Pile,0.58,1.393,1.294,3.86,145276,20,26.03,0.093,7,0.735,0.225,0.502,4716388,Low
4606,Commercial,Rural,18537,13,Hybrid,Strip,0.919,1.237,1.17,6.93,35491,15,17.17,0.185,39,0.564,0.724,0.818,28143717,High
4607,Residential,Semi-Urban,16515,12,RCC,Raft,0.709,1.908,1.228,6.36,87715,18,26.2,0.945,10,0.694,0.671,0.886,21773731,High
4608,Commercial,Urban,5488,6,RCC,Raft,0.898,1.199,2.402,4.16,186427,13,15.1,0.282,0,0.749,0.737,0.866,14299155,Medium
4609,Industrial,Urban,6844,8,Hybrid,Pile,0.766,1.445,1.627,4.4,123031,16,26.09,0.244,42,0.772,0.405,0.586,20172628,Medium
4610,Industrial,Semi-Urban,8930,5,Steel,Strip,0.74,1.482,2.241,6.38,157480,15,32.2,0.425,36,0.896,0.924,0.772,22813944,High
4611,Industrial,Urban,16193,5,RCC,Raft,0.903,1.433,1.164,4.93,115676,11,19.57,0.724,22,0.928,0.202,0.775,32578686,High
4612,Residential,Rural,9606,1,Steel,Pile,0.712,1.373,1.096,8.01,10892,3,28.82,0.366,29,0.685,0.13,0.826,10890909,Low
4613,Commercial,Rural,1938,1,RCC,Pile,0.901,1.204,2.311,3.59,106676,29,26.86,0.875,14,0.915,0.768,0.915,4355989,Low
4614,Industrial,Semi-Urban,19900,8,Steel,Pile,0.55,1.891,1.643,8.48,169260,10,23.37,0.149,28,0.812,0.709,0.849,40346656,High
4615,Commercial,Urban,15319,13,Steel,Strip,0.818,1.341,2.322,8.04,138329,17,31.77,0.118,23,0.362,0.544,0.571,34903685,High
4616,Commercial,Rural,10152,5,Hybrid,Strip,0.851,1.434,0.907,7.43,168123,8,39.88,0.077,8,0.228,0.139,0.51,12540329,Medium
4617,Industrial,Rural,6889,8,Hybrid,Pile,0.95,1.588,2.358,4.58,11079,5,38.44,0.298,42,0.208,0.203,0.568,20462073,Medium
4618,Industrial,Rural,3579,10,RCC,Pile,0.612,0.881,1.506,7.29,58252,21,39.25,0.2,10,0.669,0.276,0.52,3940875,Low
4619,Commercial,Semi-Urban,6795,2,RCC,Strip,0.802,1.738,1.064,5.63,58743,8,15.51,0.461,14,0.617,0.675,0.718,9226135,Low
4620,Industrial,Semi-Urban,14203,4,Hybrid,Pile,0.717,1.415,1.962,6.8,188402,15,21.41,0.996,43,0.757,0.697,0.642,40248038,High
4621,Commercial,Rural,19142,13,RCC,Pile,0.691,1.589,2.155,4.88,109277,11,38.07,0.869,45,0.874,0.709,0.504,35650204,High
4622,Commercial,Rural,9058,11,RCC,Strip,0.553,1.726,0.881,8.02,135521,9,16.21,0.895,37,0.332,0.823,0.54,6939857,Low
4623,Industrial,Urban,19875,14,Hybrid,Pile,0.567,1.849,2.478,3.24,30306,25,24.12,0.831,47,0.885,0.122,0.699,60263166,High
4624,Residential,Urban,4241,10,Steel,Pile,0.918,1.271,1.985,7.15,143626,26,31.31,0.272,25,0.278,0.679,0.97,9737394,Low
4625,Industrial,Urban,14381,9,RCC,Pile,0.875,1.774,1.346,7.97,13370,25,39.57,0.226,44,0.907,0.326,0.997,41067002,High
4626,Residential,Semi-Urban,16969,13,Hybrid,Strip,0.691,1.111,1.057,6.88,141681,2,21.89,0.732,36,0.88,0.614,0.525,19229998,Medium
4627,Commercial,Rural,15914,3,RCC,Strip,0.914,1.592,1.467,4.15,68291,7,34.1,0.599,23,0.758,0.764,0.915,24762837,High
4628,Commercial,Semi-Urban,14829,6,RCC,Strip,0.54,0.923,1.175,4.71,94153,16,31.51,0.206,21,0.44,0.748,0.74,10570943,Low
4629,Residential,Rural,19377,11,Hybrid,Raft,0.812,0.824,1.64,6.09,150080,7,30.34,0.967,17,0.275,0.359,0.811,22523449,High
4630,Commercial,Urban,16882,7,Hybrid,Raft,0.934,0.915,2.129,4.98,161176,4,33.57,0.424,8,0.822,0.42,0.753,48607620,High
4631,Residential,Urban,8823,3,RCC,Raft,0.919,1.183,1.922,3.03,137482,5,21.35,0.814,28,0.374,0.926,0.962,16207891,Medium
4632,Residential,Urban,8088,1,RCC,Raft,0.686,0.837,1.541,3.24,179631,14,23.47,0.074,31,0.553,0.864,0.739,8643723,Low
4633,Commercial,Urban,1403,2,Steel,Strip,0.873,1.557,1.002,7.61,46295,22,29.01,0.035,11,0.625,0.331,0.584,2507679,Low
4634,Residential,Rural,12148,11,Steel,Pile,0.714,1.18,2.427,3.5,64979,7,25.97,0.456,40,0.748,0.628,0.89,20711683,Medium
4635,Industrial,Urban,10455,14,Hybrid,Strip,0.92,1.684,1.26,8.57,124541,13,33.05,0.119,16,0.59,0.197,0.757,25736940,High
4636,Industrial,Rural,3304,10,RCC,Raft,0.765,0.855,1.272,5.66,53387,18,35.02,0.979,24,0.756,0.688,0.559,4063246,Low
4637,Commercial,Rural,18110,7,Hybrid,Strip,0.882,1.06,1.897,7.55,116312,10,28.2,0.812,52,0.851,0.659,0.731,37302924,High
4638,Commercial,Semi-Urban,1784,7,Hybrid,Pile,0.539,1.29,2.11,3.75,185434,2,24.85,0.454,13,0.77,0.338,0.844,3397473,Low
4639,Residential,Urban,1189,12,RCC,Raft,0.795,1.259,2.473,8.56,14859,13,37.8,0.98,24,0.44,0.48,0.648,2139044,Low
4640,Residential,Urban,5282,1,Steel,Pile,0.775,0.957,2.448,3.2,55606,2,33.75,0.238,26,0.915,0.804,0.956,12036425,Medium
4641,Residential,Semi-Urban,5007,10,Hybrid,Pile,0.805,1.993,2.353,3.25,20955,29,31.83,0.679,12,0.64,0.33,0.925,13756261,Medium
4642,Residential,Rural,2496,7,Hybrid,Pile,0.848,1.141,1.54,3.33,25528,15,16.43,0.018,36,0.572,0.792,0.784,4289279,Low
4643,Industrial,Urban,17313,10,RCC,Raft,0.959,1.665,1.083,3.62,70976,5,28.2,0.372,9,0.66,0.385,0.527,37099463,High
4644,Industrial,Rural,9131,11,Steel,Strip,0.893,1.064,1.794,5.92,158576,22,18.04,0.079,53,0.587,0.856,0.792,16934370,Medium
4645,Commercial,Semi-Urban,5007,6,Steel,Raft,0.61,1.853,0.829,7.73,62894,11,31.51,0.367,8,0.804,0.127,0.708,6024777,Low
4646,Residential,Rural,1027,11,RCC,Raft,0.913,1.265,1.134,4.71,193867,6,22.49,0.381,12,0.537,0.332,0.862,1397651,Low
4647,Residential,Urban,3496,6,Hybrid,Strip,0.561,1.881,0.804,7.47,144918,19,33.46,0.375,6,0.821,0.26,0.634,3930726,Low
4648,Commercial,Rural,3967,7,RCC,Strip,0.811,1.21,1.107,7.64,148606,28,34.45,0.414,13,0.808,0.902,0.803,4899002,Low
4649,Residential,Rural,18245,7,RCC,Strip,0.941,0.81,1.607,8.45,136739,15,22.51,0.617,59,0.421,0.486,0.777,17862754,Medium
4650,Residential,Urban,15272,1,Steel,Strip,0.551,1.42,1.469,3.9,174999,4,39.41,0.189,35,0.277,0.591,0.763,15759065,Medium
4651,Residential,Urban,1203,10,Hybrid,Pile,0.925,1.43,1.428,3.81,113933,7,27.92,0.234,53,0.881,0.318,0.558,3418661,Low
4652,Residential,Rural,1162,5,Hybrid,Raft,0.899,0.944,2.213,3.73,52451,23,20.45,0.645,39,0.335,0.216,0.745,1996127,Low
4653,Residential,Rural,9614,14,Steel,Raft,0.752,1.082,1.947,5.16,91296,22,34.38,0.466,4,0.225,0.638,0.775,11378446,Medium
4654,Commercial,Semi-Urban,6756,14,Hybrid,Raft,0.654,1.74,2.392,5.94,8622,17,34.02,0.162,12,0.522,0.355,0.964,15050071,Medium
4655,Residential,Urban,8867,8,Hybrid,Strip,0.703,0.844,1.557,5.77,123928,10,25.35,0.787,19,0.403,0.936,0.73,11457217,Medium
4656,Commercial,Rural,13960,8,RCC,Raft,0.984,1.387,1.263,4.54,52149,22,31.47,0.931,54,0.376,0.529,0.82,19743573,Medium
4657,Residential,Urban,5797,3,RCC,Pile,0.601,1.436,1.009,6.73,89430,29,15.54,0.465,27,0.338,0.224,0.785,5693621,Low
4658,Industrial,Semi-Urban,9073,3,RCC,Raft,0.79,1.626,1.942,5.03,160507,17,22.28,0.614,50,0.799,0.121,0.598,18049018,Medium
4659,Industrial,Rural,16082,7,Hybrid,Raft,0.542,0.845,2.231,5.2,67260,11,37.04,0.815,51,0.827,0.309,0.592,22779543,High
4660,Industrial,Rural,5878,4,Hybrid,Pile,0.609,1.503,1.112,3.63,39161,21,20.8,0.964,14,0.237,0.388,0.87,7721575,Low
4661,Industrial,Rural,14000,6,Hybrid,Pile,0.882,0.804,2.294,6.55,94394,22,37.64,0.969,38,0.637,0.286,0.762,33778438,High
4662,Commercial,Urban,805,9,Hybrid,Raft,0.651,1.118,1.695,6.93,143641,16,29.5,0.923,58,0.308,0.429,0.948,1733888,Low
4663,Commercial,Semi-Urban,5197,10,Steel,Strip,0.993,1.4,1.045,7.55,22939,7,37.57,0.816,20,0.6,0.891,0.954,9837559,Low
4664,Residential,Urban,19274,2,Steel,Strip,0.75,1.894,1.893,8.42,29063,8,18.27,0.426,16,0.478,0.143,0.649,33640177,High
4665,Industrial,Rural,7722,2,Hybrid,Raft,0.758,0.952,1.684,7.6,73925,16,26.6,0.67,5,0.361,0.821,0.551,12522750,Medium
4666,Commercial,Semi-Urban,8433,6,RCC,Raft,0.518,1.003,0.848,4.41,147290,16,22.41,0.763,45,0.958,0.483,0.672,6511781,Low
4667,Residential,Rural,18349,3,RCC,Raft,0.978,1.603,1.479,4.41,33673,25,37.17,0.092,45,0.965,0.916,0.534,30065436,High
4668,Residential,Rural,11963,1,Steel,Raft,0.587,1.25,2.134,8.49,5971,22,23.54,0.116,24,0.651,0.7,0.891,13630145,Medium
4669,Commercial,Urban,902,2,Steel,Strip,0.769,1.548,1.744,7.74,36356,27,29.71,0.705,9,0.35,0.248,0.573,1666168,Low
4670,Industrial,Rural,13401,14,Hybrid,Raft,0.698,1.997,1.279,7.69,199434,23,35.69,0.667,13,0.667,0.964,0.933,29256643,High
4671,Residential,Semi-Urban,7440,13,Hybrid,Pile,0.708,1.984,2.379,7.32,139919,4,20.73,0.804,18,0.943,0.239,0.708,20461465,Medium
4672,Industrial,Rural,16522,7,Hybrid,Strip,0.822,1.224,1.204,4.6,151980,26,16.14,0.185,51,0.502,0.403,0.639,24413219,High
4673,Industrial,Rural,19554,4,Hybrid,Strip,0.831,1.405,1.23,8.08,68798,7,27.35,0.937,10,0.31,0.981,0.751,32014286,High
4674,Industrial,Urban,8595,12,Hybrid,Pile,0.577,1.886,1.403,3.86,42080,26,32.09,0.238,31,0.755,0.291,0.803,18482973,Medium
4675,Residential,Semi-Urban,11342,2,RCC,Raft,0.75,0.911,2.321,5.1,83394,17,32.98,0.135,9,0.725,0.668,0.851,15923402,Medium
4676,Industrial,Urban,5044,11,RCC,Raft,0.895,1.343,1.663,5.08,104899,3,25.43,0.324,46,0.201,0.98,0.669,11057962,Low
4677,Residential,Rural,6574,12,Hybrid,Raft,0.722,1.253,1.96,6.36,101600,17,16.97,0.809,33,0.883,0.72,0.991,11186004,Medium
4678,Industrial,Urban,19232,12,RCC,Raft,0.583,1.154,2.46,5.78,48085,11,25.08,0.028,50,0.729,0.696,0.711,35105251,High
4679,Residential,Urban,7350,8,Hybrid,Raft,0.657,1.993,2.132,5.76,188414,8,18.05,0.227,43,0.357,0.659,0.917,16276091,Medium
4680,Industrial,Urban,1250,4,Hybrid,Pile,0.606,1.68,1.093,6.32,145926,19,16.81,0.956,52,0.203,0.6,0.517,2663758,Low
4681,Commercial,Urban,2117,4,Steel,Raft,0.563,1.266,2.14,5.49,82006,7,22.59,0.017,28,0.978,0.954,0.889,4582672,Low
4682,Industrial,Rural,3030,2,RCC,Pile,0.689,1.795,2.072,4.5,114140,18,34.43,0.278,28,0.804,0.589,0.776,6579616,Low
4683,Industrial,Rural,3833,14,RCC,Pile,0.77,1.388,1.195,6.98,94436,28,34.21,0.326,21,0.492,0.697,0.82,5698749,Low
4684,Residential,Semi-Urban,7734,1,Steel,Pile,0.536,1.847,1.353,7.74,158366,28,30.2,0.924,49,0.546,0.765,0.686,9721744,Low
4685,Residential,Urban,1011,1,RCC,Raft,0.802,1.12,2.007,5.87,102154,21,35.66,0.851,13,0.631,0.575,0.772,1748127,Low
4686,Industrial,Urban,15046,3,Steel,Raft,0.997,1.068,1.205,6.9,146621,15,27.52,0.46,58,0.775,0.899,0.966,38357323,High
4687,Commercial,Semi-Urban,5582,6,RCC,Strip,0.982,1.097,1.154,6.21,43651,19,21.09,0.318,1,0.338,0.121,0.693,6417058,Low
4688,Commercial,Urban,17136,7,Hybrid,Strip,0.915,1.446,1.996,3.35,47900,26,29.25,0.944,11,0.357,0.456,0.553,44132760,High
4689,Residential,Semi-Urban,9320,13,Steel,Pile,0.633,1.15,2.297,5.54,24535,3,38.08,0.188,21,0.239,0.655,0.86,13860537,Medium
4690,Commercial,Rural,3976,9,Hybrid,Strip,0.511,0.977,0.928,3.06,123827,16,15.9,0.477,0,0.989,0.117,0.753,3015925,Low
4691,Industrial,Semi-Urban,9678,5,Hybrid,Pile,0.917,1.994,1.558,6.97,77595,15,39.12,0.418,49,0.9,0.943,0.712,39616119,High
4692,Residential,Urban,2225,9,RCC,Strip,0.528,1.881,1.832,6.05,145271,5,33.61,0.935,11,0.642,0.844,0.889,2721983,Low
4693,Industrial,Semi-Urban,18977,8,Steel,Raft,0.603,1.562,1.95,3.76,65623,14,32.16,0.756,11,0.544,0.297,0.781,30969249,High
4694,Residential,Rural,14265,1,Hybrid,Raft,0.772,1.87,2.494,6.25,137107,24,30.35,0.463,3,0.39,0.399,0.816,29285195,High
4695,Residential,Urban,2201,11,Hybrid,Pile,0.589,1.923,1.961,8.39,61249,2,21.44,0.607,16,0.676,0.709,0.963,5124950,Low
4696,Residential,Rural,8996,12,Steel,Pile,0.917,1.611,1.854,5.04,118356,27,37.14,0.908,52,0.752,0.407,0.529,18162551,Medium
4697,Residential,Rural,12770,3,RCC,Raft,0.889,1.422,2.483,8.89,29399,4,39.29,0.831,47,0.751,0.871,0.631,24965214,High
4698,Commercial,Semi-Urban,10972,8,Hybrid,Raft,0.878,1.858,0.903,8.76,55301,20,38.1,0.615,18,0.205,0.324,0.949,18635729,Medium
4699,Industrial,Rural,3307,9,RCC,Raft,0.908,1.481,0.927,7.71,45007,13,17.72,0.915,57,0.762,0.836,0.896,5561618,Low
4700,Industrial,Urban,16154,14,Steel,Strip,0.61,0.952,1.753,7.88,128611,16,33.41,0.38,0,0.893,0.518,0.594,25852472,High
4701,Industrial,Rural,11578,4,RCC,Strip,0.864,1.24,1.41,5.46,91317,12,28.92,0.733,51,0.292,0.508,0.585,14244216,Medium
4702,Residential,Rural,8072,14,Steel,Strip,0.678,1.335,0.964,5.42,123343,27,34.71,0.016,16,0.804,0.252,0.913,6543330,Low
4703,Commercial,Semi-Urban,17908,14,RCC,Strip,0.833,1.922,1.321,8.73,101604,5,23.81,0.583,33,0.859,0.985,0.776,33354808,High
4704,Industrial,Rural,19859,14,RCC,Pile,0.561,1.591,1.946,5.2,91136,22,38.92,0.137,42,0.421,0.41,0.93,27135816,High
4705,Commercial,Semi-Urban,9198,12,Hybrid,Pile,0.853,1.85,2.297,3.58,104089,25,22.82,0.524,57,0.77,0.284,0.959,30104363,High
4706,Residential,Semi-Urban,5356,6,RCC,Strip,0.986,1.709,0.96,3.92,23986,21,33.45,0.247,6,0.277,0.129,0.535,5537448,Low
4707,Industrial,Urban,7224,4,Hybrid,Pile,0.522,1.172,1.718,7.26,50263,12,27.6,0.381,32,0.719,0.544,0.985,14503798,Medium
4708,Commercial,Urban,9745,13,Steel,Strip,0.547,1.662,1.303,5.3,11617,26,30.42,0.792,5,0.608,0.129,0.858,11275772,Medium
4709,Residential,Urban,11366,9,Steel,Strip,0.562,1.034,1.934,4.2,6358,8,17.89,0.059,51,0.88,0.51,0.917,13305391,Medium
4710,Commercial,Urban,19451,2,Hybrid,Raft,0.715,1.29,1.734,7.88,113620,5,30.27,0.537,5,0.562,0.912,0.815,45479731,High
4711,Industrial,Semi-Urban,10596,6,RCC,Strip,0.645,1.767,2.375,5.93,48579,3,29.09,0.145,31,0.542,0.548,0.653,19468528,Medium
4712,Industrial,Rural,5087,11,Steel,Pile,0.903,1.534,0.864,6.41,5212,22,32.97,0.573,27,0.947,0.139,0.8,9841696,Low
4713,Residential,Urban,5422,13,Steel,Strip,0.737,1.79,1.599,3.92,78278,13,22.19,0.634,36,0.947,0.338,0.758,9606377,Low
4714,Residential,Urban,5546,3,Steel,Raft,0.742,1.106,1.128,4.16,91513,4,35.81,0.182,28,0.229,0.144,0.966,5930961,Low
4715,Residential,Urban,19778,10,Hybrid,Pile,0.859,1.7,1.713,3.76,35487,21,38.63,0.006,58,0.588,0.894,0.778,52908997,High
4716,Commercial,Rural,7703,4,Steel,Raft,0.681,1.043,2.251,6.09,198216,8,37.05,0.085,42,0.329,0.316,0.514,11062939,Low
4717,Commercial,Urban,15903,2,Steel,Strip,0.677,1.454,2.349,7.65,171784,27,24.78,0.69,29,0.419,0.159,0.843,28826298,High
4718,Commercial,Rural,10328,11,Steel,Strip,0.878,1.32,1.477,7.39,33539,27,34.06,0.38,21,0.733,0.968,0.525,17812449,Medium
4719,Residential,Semi-Urban,16297,8,Steel,Strip,0.89,1.468,2.18,4.57,176520,4,24.13,0.373,4,0.303,0.538,0.972,28109450,High
4720,Industrial,Semi-Urban,538,10,Hybrid,Strip,0.507,0.963,1.277,8.11,121941,7,36.58,0.692,28,0.209,0.465,0.743,772056,Low
4721,Industrial,Semi-Urban,19968,8,Hybrid,Pile,0.572,1.233,0.811,3.63,102937,3,24.38,0.497,1,0.782,0.934,0.984,30051597,High
4722,Commercial,Rural,6765,1,RCC,Strip,0.607,1.6,2.254,3.68,84866,4,19.65,0.637,9,0.713,0.578,0.513,9011824,Low
4723,Commercial,Urban,7098,10,Steel,Raft,0.676,1.47,1.003,8.1,70376,24,27.23,0.919,45,0.922,0.353,0.766,11867236,Medium
4724,Industrial,Urban,2915,6,Hybrid,Pile,0.646,1.459,0.83,4.47,27579,8,18.38,0.507,19,0.634,0.813,0.613,5787932,Low
4725,Industrial,Urban,17642,1,RCC,Pile,0.834,1.413,1.401,7.25,161650,13,29.67,0.638,54,0.956,0.345,0.82,44525655,High
4726,Commercial,Urban,17648,6,RCC,Pile,0.914,1.933,1.445,3.05,134345,13,29.41,0.64,51,0.687,0.499,0.749,45746290,High
4727,Commercial,Urban,14806,7,Steel,Raft,0.596,1.921,0.931,3.56,14441,9,27.27,0.535,52,0.51,0.823,0.783,22760708,High
4728,Industrial,Rural,15077,2,RCC,Raft,0.781,1.232,2.184,6.66,85957,20,30.09,0.664,17,0.687,0.938,0.68,28939175,High
4729,Residential,Semi-Urban,12385,9,Hybrid,Raft,0.684,1.222,1.49,4.09,158618,26,39.38,0.834,44,0.799,0.645,0.526,17442460,Medium
4730,Commercial,Urban,11877,8,RCC,Raft,0.753,1.466,1.633,3.17,19081,20,24.58,0.808,34,0.478,0.554,0.553,19145102,Medium
4731,Industrial,Semi-Urban,11558,9,RCC,Strip,0.81,0.915,1.25,5.8,12877,5,25.57,0.057,52,0.498,0.169,0.929,13211689,Medium
4732,Industrial,Rural,7943,10,Hybrid,Strip,0.947,1.164,1.67,4.98,33982,14,21.85,0.952,35,0.704,0.655,0.851,18655545,Medium
4733,Industrial,Rural,18201,13,RCC,Raft,0.596,1.077,2.103,7.81,130518,5,19.61,0.847,50,0.564,0.394,0.885,22356209,High
4734,Industrial,Urban,17584,4,RCC,Raft,0.544,1.068,2.341,7.91,131392,3,22.23,0.971,17,0.622,0.563,0.561,28271474,High
4735,Residential,Rural,4883,4,RCC,Strip,0.814,1.566,2.45,6.69,28050,1,20.32,0.194,11,0.986,0.77,0.525,8292396,Low
4736,Industrial,Semi-Urban,2093,12,RCC,Strip,0.697,1.261,1.525,4.76,187927,10,25.81,0.536,56,0.235,0.676,0.509,2904544,Low
4737,Commercial,Urban,15258,8,Steel,Raft,0.581,1.005,2.483,5.77,134981,15,20.83,0.44,49,0.718,0.187,0.761,26845385,High
4738,Residential,Urban,7526,1,Steel,Pile,0.559,1.865,1.301,7.21,125346,17,27.93,0.377,45,0.938,0.458,0.75,12010979,Medium
4739,Industrial,Semi-Urban,3112,8,Hybrid,Pile,0.779,1.849,0.812,3.42,9866,12,22.16,0.407,24,0.389,0.28,0.555,5943406,Low
4740,Residential,Urban,11829,7,RCC,Raft,0.65,1.835,2.105,4.99,116858,14,25.62,0.904,35,0.37,0.236,0.673,16252729,Medium
4741,Commercial,Urban,2408,12,Hybrid,Pile,0.999,1.269,1.103,7.93,8114,24,18.23,0.698,41,0.49,0.298,0.765,5955404,Low
4742,Industrial,Semi-Urban,7454,7,Steel,Strip,0.703,0.868,0.889,5.44,62029,4,19.1,0.325,40,0.259,0.929,0.838,7500169,Low
4743,Commercial,Urban,15685,9,RCC,Pile,0.606,0.928,2.371,6.75,139744,29,30.35,0.379,56,0.648,0.741,0.905,26700132,High
4744,Industrial,Urban,18674,13,RCC,Raft,0.814,1.131,2.146,3.58,132208,11,29.13,0.469,57,0.716,0.917,0.821,48766757,High
4745,Industrial,Semi-Urban,15996,10,Steel,Pile,0.622,1.064,0.975,7.66,165251,26,19.28,0.367,52,0.856,0.556,0.515,22315845,High
4746,Industrial,Rural,3428,7,RCC,Pile,0.747,1.849,2.121,3.6,141996,15,22.37,0.21,54,0.253,0.101,0.793,6240540,Low
4747,Industrial,Semi-Urban,9780,2,RCC,Pile,0.741,1.984,2.235,8.17,104677,14,20.54,0.435,19,0.549,0.131,0.544,24645605,High
4748,Industrial,Urban,8181,1,Steel,Strip,0.727,1.78,2.339,3.64,47423,27,34.94,0.08,59,0.827,0.23,0.782,21047866,Medium
4749,Residential,Semi-Urban,4627,1,Hybrid,Strip,0.898,1.676,1.724,8.35,31150,18,24.12,0.854,47,0.815,0.803,0.688,10762757,Low
4750,Industrial,Urban,5463,7,Hybrid,Strip,0.608,1.506,1.996,5.18,75547,22,25.15,0.825,10,0.259,0.281,0.643,9621209,Low
4751,Industrial,Urban,12261,5,RCC,Raft,0.952,1.724,2.096,6.75,109256,9,31.62,0.892,57,0.209,0.191,0.741,31765316,High
4752,Residential,Semi-Urban,14054,4,Steel,Pile,0.896,1.936,1.971,8.08,61482,15,23.14,0.446,19,0.827,0.875,0.691,40882856,High
4753,Residential,Urban,9857,5,Hybrid,Strip,0.667,1.522,1.9,3.06,34994,21,24.45,0.651,32,0.31,0.306,0.915,14275400,Medium
4754,Residential,Rural,18909,10,Hybrid,Strip,0.59,0.986,1.731,4.59,98145,3,34.95,0.81,9,0.662,0.552,0.613,17619131,Medium
4755,Residential,Urban,1487,10,RCC,Pile,0.64,0.997,1.615,8.45,148380,20,34.86,0.315,24,0.275,0.406,0.568,1811229,Low
4756,Residential,Semi-Urban,2465,6,Hybrid,Raft,0.666,1.501,2.493,5.33,34705,13,30.11,0.633,9,0.436,0.907,0.918,4722472,Low
4757,Residential,Rural,7816,12,Steel,Pile,0.778,1.2,1.374,7.24,89572,2,28.97,0.438,23,0.326,0.734,0.622,9896363,Low
4758,Industrial,Rural,14546,10,Hybrid,Raft,0.523,1.892,0.95,3.84,56242,15,19.53,0.374,40,0.789,0.509,0.516,19232137,Medium
4759,Industrial,Urban,1368,6,Steel,Pile,0.957,1.534,2.101,7.07,32827,14,26.83,0.859,32,0.738,0.877,0.693,5758453,Low
4760,Commercial,Semi-Urban,18947,1,Steel,Strip,0.549,1.612,1.164,3.44,136368,7,21.86,0.624,33,0.308,0.754,0.91,18800791,Medium
4761,Industrial,Urban,18013,2,RCC,Strip,0.64,0.807,1.706,7.3,134400,29,33.24,0.623,58,0.247,0.828,0.716,21047927,Medium
4762,Industrial,Urban,4878,3,Hybrid,Strip,0.555,1.399,0.963,4.94,6130,4,30.7,0.157,14,0.573,0.98,0.735,7056596,Low
4763,Residential,Semi-Urban,15963,4,RCC,Raft,0.628,1.317,1.853,5.8,122672,4,24.44,0.347,39,0.356,0.283,0.524,16133743,Medium
4764,Residential,Semi-Urban,18818,6,Hybrid,Pile,0.919,1.647,2.405,4.0,13908,24,28.38,0.841,23,0.207,0.282,0.856,45163701,High
4765,Industrial,Urban,13746,12,RCC,Raft,0.808,1.259,2.029,6.77,123671,10,25.53,0.213,14,0.411,0.601,0.672,30763343,High
4766,Commercial,Rural,1576,12,RCC,Strip,0.614,1.972,1.165,5.03,148995,21,18.66,0.97,48,0.372,0.579,0.864,1907973,Low
4767,Residential,Urban,18523,11,RCC,Raft,0.936,1.604,2.451,5.3,147448,19,34.52,0.832,9,0.748,0.882,0.705,48762305,High
4768,Industrial,Rural,15669,13,Hybrid,Raft,0.9,1.592,1.322,6.91,93440,13,37.46,0.268,4,0.889,0.24,0.763,37711419,High
4769,Industrial,Urban,6885,9,RCC,Raft,0.877,1.903,1.542,4.07,164790,28,38.26,0.108,21,0.39,0.483,0.795,16228048,Medium
4770,Commercial,Semi-Urban,8722,12,Steel,Pile,0.924,1.994,1.647,8.11,86563,6,34.73,0.17,36,0.378,0.575,0.598,24581796,High
4771,Commercial,Rural,17587,2,Hybrid,Raft,0.81,1.037,2.484,7.44,14499,8,35.54,0.242,53,0.51,0.518,0.647,35247096,High
4772,Residential,Semi-Urban,5980,8,Steel,Raft,0.751,1.773,0.917,6.47,173266,10,16.39,0.238,30,0.338,0.16,0.793,7106711,Low
4773,Commercial,Semi-Urban,8277,9,RCC,Raft,0.687,0.995,1.984,3.77,189555,17,34.55,0.016,22,0.957,0.233,0.911,11467487,Medium
4774,Industrial,Semi-Urban,5862,2,RCC,Strip,0.612,1.348,1.415,7.12,14053,9,22.59,0.715,10,0.395,0.238,0.981,6209429,Low
4775,Industrial,Semi-Urban,1450,9,Steel,Strip,0.779,0.92,0.933,3.11,94738,14,18.45,0.977,9,0.275,0.636,0.762,1665827,Low
4776,Commercial,Semi-Urban,8750,7,RCC,Pile,0.945,1.548,2.39,7.83,52388,29,28.05,0.286,53,0.646,0.486,0.537,23133830,High
4777,Commercial,Urban,3318,9,Hybrid,Strip,0.797,1.362,1.803,4.82,52857,20,29.26,0.016,34,0.63,0.26,0.978,7134113,Low
4778,Commercial,Rural,4100,6,Steel,Pile,0.96,1.554,2.081,3.7,91731,5,27.12,0.918,21,0.706,0.763,0.71,11965566,Medium
4779,Commercial,Urban,11841,2,Hybrid,Strip,0.678,1.614,1.209,3.99,69199,26,31.32,0.206,40,0.973,0.823,0.551,21098520,Medium
4780,Residential,Urban,15553,8,Hybrid,Pile,0.848,1.543,2.095,8.78,124864,3,32.86,0.007,53,0.459,0.289,0.986,42574009,High
4781,Commercial,Urban,19828,10,Hybrid,Pile,0.824,1.153,2.208,7.64,187708,9,18.43,0.224,21,0.488,0.75,0.64,56994171,High
4782,Residential,Semi-Urban,14833,9,RCC,Pile,0.835,1.804,1.532,4.43,125827,29,30.42,0.104,36,0.47,0.157,0.828,21198650,Medium
4783,Industrial,Urban,6755,12,RCC,Strip,0.823,1.462,1.772,8.78,158718,12,16.36,0.726,26,0.703,0.87,0.572,16147925,Medium
4784,Commercial,Rural,11407,8,Steel,Raft,0.611,1.388,2.452,3.84,153770,22,26.22,0.002,0,0.683,0.966,0.86,20745870,Medium
4785,Residential,Urban,16507,2,Steel,Strip,0.572,1.984,2.239,7.4,45739,1,17.5,0.441,4,0.623,0.24,0.988,25629586,High
4786,Commercial,Semi-Urban,14741,8,Hybrid,Raft,0.989,1.14,1.556,6.94,92372,25,26.24,0.492,10,0.491,0.808,0.993,33334902,High
4787,Industrial,Rural,12590,3,RCC,Strip,0.523,1.434,1.93,7.93,173435,11,19.39,0.784,32,0.542,0.188,0.563,12688153,Medium
4788,Industrial,Rural,12805,3,RCC,Raft,0.734,1.619,2.133,5.29,177762,5,33.36,0.522,15,0.834,0.965,0.884,28856290,High
4789,Industrial,Rural,18062,9,RCC,Strip,0.713,0.95,0.841,5.41,103023,19,37.49,0.125,39,0.687,0.507,0.832,14954037,Medium
4790,Commercial,Rural,13565,13,Steel,Pile,0.68,1.225,1.8,6.75,133257,4,19.24,0.426,29,0.773,0.582,0.901,23258606,High
4791,Commercial,Urban,13147,9,RCC,Pile,0.891,1.762,2.474,5.39,81571,12,33.42,0.935,27,0.421,0.788,0.667,43698519,High
4792,Residential,Semi-Urban,9023,9,Hybrid,Pile,0.873,1.084,2.41,3.25,91497,16,18.65,0.237,28,0.929,0.324,0.701,21360831,Medium
4793,Industrial,Rural,6537,4,Hybrid,Raft,0.953,1.392,2.215,7.38,120013,16,25.84,0.299,15,0.228,0.459,0.671,17515522,Medium
4794,Commercial,Rural,1027,12,Hybrid,Raft,0.698,1.557,0.981,6.85,94150,21,30.64,0.873,0,0.677,0.163,0.883,1359966,Low
4795,Industrial,Semi-Urban,18943,14,RCC,Pile,0.782,1.605,2.49,5.54,191171,1,28.44,0.786,7,0.85,0.653,0.905,55500503,High
4796,Industrial,Urban,9790,7,Hybrid,Raft,0.946,1.674,1.836,4.82,66670,26,16.43,0.296,3,0.893,0.819,0.625,37474909,High
4797,Residential,Rural,711,13,Hybrid,Pile,0.997,1.839,1.179,4.92,82657,3,24.07,0.708,50,0.456,0.867,0.786,1844120,Low
4798,Residential,Urban,18598,8,Steel,Strip,0.985,1.271,1.946,7.45,90155,23,26.75,0.085,35,0.568,0.583,0.563,39444634,High
4799,Residential,Urban,19572,13,Steel,Raft,0.859,1.648,2.256,7.37,145647,25,24.78,0.543,17,0.228,0.789,0.507,45117663,High
4800,Residential,Urban,11022,13,RCC,Raft,0.572,1.679,0.991,7.91,82009,22,31.64,0.871,18,0.832,0.235,0.805,10701999,Low
4801,Industrial,Urban,15615,5,RCC,Strip,0.512,1.16,2.358,7.57,156529,20,37.2,0.843,35,0.3,0.769,0.92,19626497,Medium
4802,Residential,Rural,5649,13,RCC,Raft,0.913,1.962,2.364,7.55,144818,15,31.69,0.203,8,0.542,0.104,0.953,10346963,Low
4803,Residential,Rural,9724,1,RCC,Raft,0.92,1.838,0.823,4.51,32046,20,29.75,0.533,25,0.993,0.275,0.81,12057622,Medium
4804,Residential,Urban,18216,9,RCC,Raft,0.873,1.148,2.331,3.61,114700,25,18.73,0.398,1,0.934,0.671,0.904,37285734,High
4805,Residential,Urban,14121,6,Steel,Strip,0.64,1.61,2.41,7.57,151137,17,23.72,0.561,2,0.464,0.388,0.702,21017582,Medium
4806,Industrial,Semi-Urban,7320,3,Steel,Pile,0.82,1.661,0.864,3.59,26169,22,28.71,0.075,27,0.379,0.47,0.938,12817106,Medium
4807,Residential,Semi-Urban,15261,3,Steel,Pile,0.658,1.318,1.3,8.89,59031,4,38.35,0.981,44,0.401,0.843,0.887,20229094,Medium
4808,Industrial,Semi-Urban,10532,14,Hybrid,Strip,0.725,1.836,1.434,8.25,6587,3,22.62,0.564,59,0.748,0.614,0.654,23641697,High
4809,Commercial,Rural,14502,14,Hybrid,Strip,0.691,1.628,1.393,6.2,84430,11,23.45,0.119,19,0.781,0.459,0.799,22047422,High
4810,Industrial,Semi-Urban,10830,10,Steel,Strip,0.957,1.59,2.09,5.11,6112,1,29.74,0.642,18,0.373,0.519,0.526,28200835,High
4811,Industrial,Rural,13243,1,Steel,Pile,0.617,1.065,1.409,6.16,38842,5,37.49,0.008,18,0.392,0.864,0.573,18075965,Medium
4812,Residential,Rural,17327,13,RCC,Strip,0.789,1.289,2.426,7.41,26151,4,28.58,0.006,40,0.459,0.537,0.973,21412071,Medium
4813,Commercial,Rural,17810,8,Steel,Pile,0.68,1.321,2.491,7.54,144743,26,19.36,0.179,36,0.547,0.888,0.505,36454941,High
4814,Commercial,Rural,17506,2,RCC,Strip,0.832,1.68,1.339,3.44,65548,20,16.89,0.271,14,0.934,0.322,0.602,24358088,High
4815,Commercial,Semi-Urban,10171,12,Steel,Raft,0.782,1.542,1.665,7.83,106622,8,37.22,0.263,58,0.221,0.58,0.569,18154105,Medium
4816,Commercial,Urban,19921,1,RCC,Pile,0.962,0.903,1.748,6.85,160306,11,31.75,0.443,40,0.711,0.432,0.849,43413769,High
4817,Industrial,Urban,12077,7,Steel,Pile,0.551,1.169,1.785,3.24,172634,11,20.51,0.513,5,0.889,0.632,0.553,23819113,High
4818,Commercial,Urban,17117,14,RCC,Strip,0.61,1.368,1.436,4.88,154899,18,33.11,0.422,41,0.779,0.618,0.51,22067816,High
4819,Industrial,Semi-Urban,19575,11,Hybrid,Raft,0.883,1.684,1.082,6.06,91174,27,32.99,0.374,55,0.373,0.614,0.965,41982477,High
4820,Industrial,Urban,10722,9,Hybrid,Pile,0.684,1.692,0.893,4.13,89432,10,34.3,0.67,0,0.581,0.575,0.936,23624365,High
4821,Industrial,Semi-Urban,886,6,RCC,Strip,0.583,1.389,0.981,3.93,145437,27,37.3,0.248,12,0.928,0.509,0.679,1107520,Low
4822,Commercial,Semi-Urban,2134,8,RCC,Raft,0.752,0.94,2.332,3.09,93634,26,18.8,0.628,55,0.293,0.919,0.55,3409115,Low
4823,Residential,Semi-Urban,8610,8,Hybrid,Pile,0.826,1.151,1.277,8.47,114557,13,38.92,0.957,48,0.99,0.341,0.839,15557002,Medium
4824,Residential,Urban,4633,9,Steel,Strip,0.522,1.106,0.931,3.34,184507,20,39.96,0.472,45,0.315,0.491,0.942,3403742,Low
4825,Commercial,Urban,9876,7,RCC,Raft,0.646,1.737,1.86,5.2,189878,16,15.36,0.511,56,0.314,0.29,0.987,15381569,Medium
4826,Residential,Urban,6081,9,Steel,Pile,0.905,1.016,0.928,4.23,51577,27,17.28,0.728,2,0.85,0.399,0.565,9699601,Low
4827,Residential,Rural,2467,9,Hybrid,Pile,0.76,1.358,0.919,7.45,88816,17,25.85,0.507,44,0.863,0.324,0.8,3589561,Low
4828,Industrial,Semi-Urban,6267,12,Hybrid,Raft,0.518,1.605,1.857,7.24,159581,18,15.86,0.144,56,0.23,0.703,0.715,10489259,Low
4829,Industrial,Rural,9253,11,RCC,Strip,0.641,1.958,1.805,7.84,135044,26,33.37,0.611,7,0.335,0.737,0.578,12376573,Medium
4830,Commercial,Semi-Urban,18883,1,Steel,Strip,0.82,1.999,0.871,6.7,86200,26,31.27,0.509,22,0.959,0.349,0.904,30350494,High
4831,Commercial,Urban,5401,6,Hybrid,Raft,0.6,1.944,1.583,6.55,100543,3,34.4,0.951,27,0.423,0.985,0.891,12786214,Medium
4832,Residential,Semi-Urban,10621,12,Steel,Pile,0.914,1.662,1.541,5.44,143474,28,39.96,0.093,32,0.21,0.356,0.982,18713447,Medium
4833,Industrial,Semi-Urban,15133,8,Hybrid,Raft,0.838,1.696,1.729,6.82,35533,1,38.34,0.536,54,0.403,0.846,0.543,41986301,High
4834,Commercial,Rural,19663,10,RCC,Raft,0.736,1.711,2.054,3.69,6355,2,22.5,0.617,33,0.788,0.363,0.619,34458631,High
4835,Commercial,Semi-Urban,11207,9,Steel,Raft,0.958,1.835,1.281,7.11,39266,23,24.91,0.62,33,0.933,0.472,0.914,27948986,High
4836,Commercial,Urban,18561,4,Steel,Pile,0.696,1.942,1.536,3.62,63372,26,34.4,0.06,24,0.324,0.698,0.698,41052931,High
4837,Commercial,Semi-Urban,12833,13,RCC,Raft,0.618,1.335,2.148,8.17,136587,26,24.7,0.328,40,0.38,0.602,0.738,17136010,Medium
4838,Commercial,Semi-Urban,12438,2,RCC,Raft,0.831,1.3,2.368,6.03,189806,6,32.47,0.263,59,0.553,0.556,0.806,24664138,High
4839,Commercial,Semi-Urban,12048,11,RCC,Pile,0.787,1.353,2.315,6.18,44566,18,37.97,0.68,0,0.799,0.815,0.704,27469640,High
4840,Residential,Rural,15615,9,RCC,Pile,0.668,1.592,1.612,6.51,194313,17,25.15,0.735,42,0.727,0.737,0.518,19226097,Medium
4841,Industrial,Semi-Urban,10343,9,Hybrid,Raft,0.672,1.731,1.685,7.66,70526,26,29.01,0.209,6,0.462,0.923,0.802,23213270,High
4842,Industrial,Semi-Urban,4677,12,Steel,Strip,0.699,1.845,1.699,5.87,72207,14,36.04,0.826,52,0.253,0.308,0.614,8174164,Low
4843,Commercial,Rural,7711,8,Hybrid,Raft,0.646,1.347,2.277,5.57,37527,25,26.94,0.485,37,0.402,0.115,0.984,12447732,Medium
4844,Industrial,Rural,8373,3,RCC,Pile,0.855,1.236,2.228,4.73,150343,17,22.23,0.263,27,0.376,1.0,0.845,18181406,Medium
4845,Industrial,Rural,4341,5,Hybrid,Pile,0.826,1.98,1.33,3.77,168070,26,21.45,0.3,16,0.217,0.355,0.92,8867234,Low
4846,Industrial,Rural,6916,2,Hybrid,Pile,0.72,1.078,1.077,4.14,155227,21,16.8,0.264,37,0.98,0.139,0.977,11022722,Low
4847,Commercial,Urban,11133,14,Steel,Strip,0.699,1.066,1.444,3.0,43167,25,23.26,0.604,58,0.404,0.323,0.532,14972798,Medium
4848,Commercial,Urban,5385,3,Steel,Pile,0.683,1.658,1.29,8.22,157314,29,32.15,0.527,47,0.869,0.702,0.574,12524937,Medium
4849,Industrial,Semi-Urban,1094,1,Steel,Strip,0.642,1.016,2.416,7.59,73578,9,16.47,0.939,29,0.588,0.629,0.904,2040491,Low
4850,Industrial,Urban,14893,4,RCC,Pile,0.543,1.279,1.252,4.31,20670,22,21.86,0.274,0,0.978,0.286,0.942,20524457,Medium
4851,Commercial,Semi-Urban,3112,5,RCC,Pile,0.634,1.151,1.108,3.01,5693,19,17.79,0.319,27,0.32,0.268,0.502,2905341,Low
4852,Residential,Urban,12788,12,Steel,Raft,0.661,1.002,2.329,5.95,175192,2,25.11,0.006,35,0.289,0.5,0.973,18061379,Medium
4853,Industrial,Rural,18380,2,Hybrid,Strip,0.774,1.496,0.947,5.48,116940,3,17.33,0.298,17,0.202,0.112,0.727,22303270,High
4854,Residential,Rural,5361,3,Steel,Raft,0.887,1.248,1.242,7.66,183125,16,33.65,0.251,1,0.775,0.102,0.731,7022355,Low
4855,Industrial,Urban,5266,12,RCC,Strip,0.698,1.355,1.546,5.42,11861,16,38.2,0.402,32,0.445,0.655,0.939,7526487,Low
4856,Residential,Urban,3858,6,Hybrid,Pile,0.972,1.035,1.812,8.18,143730,1,19.81,0.496,6,0.896,0.393,0.645,10377512,Low
4857,Residential,Semi-Urban,15346,6,RCC,Pile,0.914,1.721,1.357,3.58,29379,19,21.26,0.67,47,0.707,0.122,0.792,24394696,High
4858,Residential,Semi-Urban,1414,7,Steel,Strip,0.992,1.178,1.644,5.2,128038,18,19.0,0.192,44,0.662,0.514,0.667,2595881,Low
4859,Commercial,Semi-Urban,18728,12,Steel,Raft,0.938,1.211,1.138,8.6,85332,24,19.69,0.556,58,0.59,0.942,0.557,35792648,High
4860,Residential,Rural,2495,9,Hybrid,Strip,0.808,1.103,1.776,3.07,28551,10,22.79,0.729,49,0.407,0.329,0.679,3086714,Low
4861,Residential,Rural,594,4,Steel,Strip,0.799,1.321,1.493,5.34,111739,23,22.03,0.241,38,0.252,0.326,0.587,921597,Low
4862,Residential,Rural,9184,5,RCC,Strip,0.565,1.356,2.244,4.56,174675,17,24.63,0.351,17,0.555,0.521,0.76,7787671,Low
4863,Industrial,Rural,15600,11,RCC,Pile,0.861,1.436,1.507,6.19,59607,1,28.12,0.205,6,0.279,0.234,0.765,27055256,High
4864,Residential,Semi-Urban,19953,2,RCC,Strip,0.8,1.961,1.554,4.67,67656,5,33.19,0.111,3,0.925,0.674,0.719,29138819,High
4865,Industrial,Rural,649,6,Hybrid,Pile,0.753,1.886,1.807,8.22,77847,4,37.11,0.756,56,0.863,0.855,0.587,2369725,Low
4866,Residential,Rural,17930,4,RCC,Raft,0.847,1.531,1.009,8.62,106253,24,26.48,0.24,16,0.696,0.275,0.559,19113928,Medium
4867,Residential,Rural,3303,5,Steel,Pile,0.722,0.847,1.067,8.09,144554,24,37.72,0.368,18,0.562,0.693,0.552,3611952,Low
4868,Commercial,Rural,14966,7,Hybrid,Raft,0.762,1.535,2.143,5.39,67962,19,31.99,0.248,4,0.563,0.899,0.556,33577211,High
4869,Industrial,Urban,7776,6,RCC,Raft,0.699,0.908,1.265,8.94,177162,21,33.22,0.044,38,0.572,0.913,0.647,11668164,Medium
4870,Residential,Semi-Urban,1051,8,RCC,Raft,0.859,1.652,1.964,7.41,92316,7,28.06,0.729,54,0.796,0.598,0.501,2344594,Low
4871,Industrial,Semi-Urban,15980,6,Steel,Pile,0.938,1.268,0.966,5.13,88334,8,28.08,0.643,37,0.301,0.237,0.531,28259355,High
4872,Industrial,Rural,8986,10,Steel,Strip,0.92,1.805,2.197,3.56,196821,19,28.3,0.476,36,0.625,0.693,0.735,23344639,High
4873,Commercial,Urban,18027,14,Hybrid,Pile,0.893,1.931,2.48,7.0,127781,8,27.3,0.674,12,0.85,0.761,0.591,86764328,High
4874,Commercial,Semi-Urban,17339,8,RCC,Raft,0.507,1.301,1.435,7.37,148637,26,26.47,0.846,11,0.608,0.779,0.632,15997108,Medium
4875,Commercial,Semi-Urban,10245,13,RCC,Strip,0.956,1.353,1.659,3.73,162837,9,34.36,0.618,36,0.211,0.941,0.677,16699114,Medium
4876,Commercial,Rural,8860,14,Steel,Pile,0.637,1.508,1.553,6.3,174910,19,24.69,0.907,3,0.396,0.654,0.52,12552348,Medium
4877,Commercial,Rural,13497,14,Hybrid,Raft,0.944,1.037,2.32,8.92,60362,28,20.17,0.201,24,0.735,0.52,0.61,33053813,High
4878,Commercial,Semi-Urban,18830,4,Steel,Raft,0.598,1.913,0.817,4.96,98892,18,18.39,0.883,30,0.947,0.552,0.888,24292974,High
4879,Commercial,Semi-Urban,7810,12,Steel,Strip,0.72,1.32,1.911,4.81,118722,14,36.99,0.542,39,0.915,0.389,0.67,13475512,Medium
4880,Commercial,Urban,6317,7,Hybrid,Pile,0.875,1.0,1.909,8.42,174705,18,36.57,0.842,14,0.858,0.152,0.593,17415011,Medium
4881,Residential,Semi-Urban,11068,3,RCC,Strip,0.82,1.715,1.45,3.7,144656,5,21.09,0.744,27,0.96,0.746,0.599,16859832,Medium
4882,Industrial,Semi-Urban,8570,1,RCC,Strip,0.708,1.063,1.173,8.6,97668,28,17.96,0.058,56,0.424,0.118,0.992,8519867,Low
4883,Commercial,Rural,1820,13,RCC,Strip,0.839,0.972,1.207,7.68,199735,26,39.01,0.838,54,0.21,0.158,0.574,2048302,Low
4884,Commercial,Semi-Urban,6653,9,Hybrid,Strip,0.774,1.475,2.161,5.35,20683,28,27.05,0.337,10,0.483,0.401,0.953,12646502,Medium
4885,Industrial,Rural,7089,9,Hybrid,Pile,0.638,1.606,0.912,3.5,48441,1,17.33,0.423,28,0.662,0.938,0.54,12165509,Medium
4886,Residential,Semi-Urban,16089,6,Hybrid,Strip,0.823,1.483,1.759,3.12,15735,6,20.38,0.011,58,0.453,0.535,0.937,25135471,High
4887,Industrial,Semi-Urban,4107,2,Hybrid,Raft,0.602,1.588,1.322,5.25,190211,7,32.59,0.759,4,0.235,0.294,0.753,6076193,Low
4888,Industrial,Semi-Urban,10817,8,Hybrid,Raft,0.847,0.939,1.251,7.23,37454,28,17.03,0.467,42,0.606,0.907,0.804,20916942,Medium
4889,Commercial,Urban,10932,10,Steel,Raft,0.502,1.371,1.66,5.93,180085,29,25.83,0.94,41,0.36,0.615,0.623,13640848,Medium
4890,Industrial,Rural,900,6,RCC,Strip,0.774,1.228,2.326,7.43,106501,5,25.69,0.281,1,0.782,0.433,0.949,1580248,Low
4891,Industrial,Urban,17246,7,Hybrid,Raft,0.701,1.968,1.851,7.02,168830,27,32.14,0.496,19,0.271,0.744,0.794,45534212,High
4892,Commercial,Semi-Urban,4351,13,RCC,Pile,0.652,0.86,2.141,6.44,66695,8,19.99,0.411,21,0.967,0.497,0.838,6345480,Low
4893,Commercial,Urban,10998,1,Hybrid,Strip,0.758,1.158,1.821,8.8,132562,6,39.59,0.792,39,0.901,0.757,0.778,24773712,High
4894,Commercial,Rural,584,3,RCC,Strip,0.823,1.93,1.986,7.37,160120,1,18.88,0.536,26,0.899,0.297,0.563,1420101,Low
4895,Commercial,Semi-Urban,2324,1,Steel,Strip,0.983,1.98,1.535,8.49,48629,25,29.96,0.46,20,0.832,0.235,0.918,5448053,Low
4896,Industrial,Urban,12577,10,RCC,Pile,0.917,1.79,2.374,4.45,192848,12,23.2,0.947,56,0.707,0.515,0.592,45021949,High
4897,Industrial,Urban,16430,1,RCC,Strip,0.859,0.891,1.653,7.28,153485,5,18.32,0.378,19,0.243,0.388,0.646,25773400,High
4898,Residential,Rural,13049,12,Hybrid,Strip,0.739,1.474,1.738,6.59,149935,29,28.47,0.49,31,0.73,0.645,0.835,18143978,Medium
4899,Residential,Urban,10613,12,RCC,Raft,0.696,1.28,1.692,8.55,71384,5,19.24,0.554,53,0.798,0.81,0.547,16354773,Medium
4900,Industrial,Rural,15632,11,Steel,Raft,0.516,1.768,1.338,6.06,57149,15,32.0,0.054,35,0.305,0.911,0.967,19662734,Medium
4901,Residential,Semi-Urban,9322,13,Steel,Strip,0.68,0.866,1.193,4.68,168532,17,15.81,0.527,53,0.693,0.784,0.562,8882828,Low
4902,Industrial,Semi-Urban,7918,1,Steel,Pile,0.924,1.037,0.926,5.31,159256,5,27.76,0.336,57,0.583,0.408,0.834,14250130,Medium
4903,Residential,Urban,2871,4,Hybrid,Raft,0.692,1.387,2.021,4.31,49189,19,20.47,0.65,47,0.578,0.755,0.818,5765946,Low
4904,Commercial,Semi-Urban,7568,13,Hybrid,Strip,0.731,0.989,1.292,4.32,85799,10,38.75,0.644,45,0.36,0.577,0.849,8997466,Low
4905,Residential,Semi-Urban,12359,7,Hybrid,Raft,0.636,1.631,1.462,5.82,194233,29,32.76,0.711,2,0.792,0.915,0.717,20448971,Medium
4906,Commercial,Urban,7964,7,Hybrid,Raft,0.637,1.785,2.364,8.36,104526,3,33.88,0.399,58,0.94,0.736,0.691,23916348,High
4907,Commercial,Semi-Urban,17610,12,Hybrid,Pile,0.531,1.645,1.763,4.15,144003,11,32.63,0.105,7,0.83,0.235,0.989,29434944,High
4908,Commercial,Urban,14048,13,Steel,Strip,0.807,1.328,0.965,4.73,114518,26,31.65,0.439,29,0.495,0.17,0.909,18091041,Medium
4909,Commercial,Rural,7621,5,RCC,Raft,0.724,1.854,2.159,8.12,155966,8,18.45,0.552,3,0.987,0.589,0.743,14730185,Medium
4910,Residential,Rural,10340,12,Steel,Strip,0.803,0.965,1.235,5.04,36160,25,39.94,0.025,6,0.491,0.429,0.591,9406355,Low
4911,Industrial,Rural,4812,6,Hybrid,Pile,0.773,1.112,1.74,8.77,24917,13,31.43,0.547,57,0.388,0.251,0.945,10271545,Low
4912,Commercial,Urban,8500,2,Steel,Pile,0.899,1.387,1.667,4.61,188340,6,37.43,0.399,23,0.974,0.818,0.824,26792275,High
4913,Residential,Urban,9961,5,RCC,Raft,0.876,0.874,1.205,5.65,115766,3,27.6,0.478,8,0.832,0.438,0.568,12276113,Medium
4914,Commercial,Semi-Urban,818,7,Hybrid,Pile,0.886,0.915,0.997,3.57,132359,24,22.15,0.303,33,0.809,0.177,0.592,1533619,Low
4915,Residential,Semi-Urban,15829,14,Steel,Raft,0.75,1.277,1.159,8.95,197353,19,25.93,0.492,34,0.262,0.336,0.77,17008205,Medium
4916,Residential,Semi-Urban,16291,9,Steel,Strip,0.677,1.933,0.965,8.34,135594,7,24.98,0.882,8,0.354,0.709,0.752,17793591,Medium
4917,Residential,Semi-Urban,14872,6,RCC,Raft,0.967,1.89,1.269,7.91,19527,2,15.4,0.788,54,0.215,0.683,0.705,23068001,High
4918,Industrial,Semi-Urban,16435,12,Hybrid,Raft,0.527,1.359,2.495,3.94,38876,22,31.87,0.616,38,0.821,0.336,0.713,31570936,High
4919,Residential,Urban,16201,14,Hybrid,Pile,0.576,0.971,1.484,8.82,40671,24,33.44,0.627,51,0.423,0.407,0.586,20190591,Medium
4920,Residential,Urban,11750,10,RCC,Strip,0.71,1.014,2.269,8.57,131564,19,16.02,0.895,14,0.306,0.145,0.628,13055523,Medium
4921,Industrial,Rural,2102,4,RCC,Strip,0.807,1.253,1.734,5.61,86211,13,21.15,0.48,48,0.346,0.958,0.746,3280017,Low
4922,Industrial,Rural,19140,3,RCC,Raft,0.504,1.052,1.933,7.09,125860,25,31.61,0.539,11,0.713,0.394,0.532,18226992,Medium
4923,Residential,Rural,9547,9,RCC,Strip,0.86,0.9,1.066,8.95,131225,11,23.05,0.86,55,0.546,0.936,0.676,8759458,Low
4924,Industrial,Rural,15734,7,Hybrid,Strip,0.779,1.609,1.267,5.46,71607,9,38.35,0.755,57,0.953,0.832,0.605,31917879,High
4925,Commercial,Urban,8032,11,Hybrid,Raft,0.742,1.498,1.668,3.68,66706,19,17.81,0.433,56,0.493,0.402,0.587,17694688,Medium
4926,Commercial,Urban,7866,14,Steel,Raft,0.712,1.15,2.298,8.21,134410,19,38.2,0.305,58,0.867,0.725,0.573,19642076,Medium
4927,Industrial,Urban,3148,13,Steel,Strip,0.76,1.735,0.873,5.86,167473,21,37.85,0.518,3,0.637,0.526,0.57,5408986,Low
4928,Industrial,Semi-Urban,7403,6,Steel,Raft,0.581,1.731,1.662,8.92,57369,25,38.89,0.121,16,0.764,0.979,0.58,13961388,Medium
4929,Residential,Semi-Urban,18742,7,Hybrid,Pile,0.554,1.389,0.887,6.31,128919,14,16.93,0.68,8,0.335,0.675,0.687,17890602,Medium
4930,Industrial,Rural,17986,8,Hybrid,Strip,0.645,0.916,1.577,3.18,32944,12,21.81,0.464,30,0.799,0.567,0.551,22591599,High
4931,Residential,Semi-Urban,14288,5,Hybrid,Raft,0.855,1.902,1.869,5.95,195912,29,21.28,0.595,29,0.269,0.674,0.949,30546283,High
4932,Commercial,Urban,2981,3,Steel,Strip,0.794,1.602,2.066,7.31,98610,1,37.13,0.846,52,0.753,0.298,0.749,7588267,Low
4933,Industrial,Rural,2320,3,RCC,Strip,0.74,1.096,1.036,3.16,193762,1,35.18,0.356,37,0.572,0.376,0.752,2662094,Low
4934,Residential,Rural,10771,13,RCC,Pile,0.786,1.533,1.083,5.48,109734,17,18.97,0.497,17,0.383,0.741,0.606,12035530,Medium
4935,Residential,Semi-Urban,4184,2,RCC,Pile,0.78,1.286,1.599,3.93,86388,4,18.54,0.556,20,0.584,0.175,0.934,5550564,Low
4936,Commercial,Rural,4151,8,RCC,Strip,0.654,1.562,2.497,6.86,73891,13,26.85,0.28,16,0.885,0.372,0.914,6516074,Low
4937,Industrial,Semi-Urban,10931,1,RCC,Pile,0.549,1.369,1.405,8.74,159599,23,19.33,0.275,34,0.324,0.658,0.517,13583211,Medium
4938,Commercial,Semi-Urban,10631,12,Hybrid,Raft,0.948,1.383,1.527,6.75,92578,28,26.9,0.526,16,0.336,0.996,0.866,24660563,High
4939,Residential,Rural,5330,8,Steel,Strip,0.8,1.683,1.535,7.17,70032,11,36.12,0.257,16,0.627,0.933,0.592,8280838,Low
4940,Residential,Semi-Urban,7834,3,RCC,Pile,0.849,1.536,0.937,5.38,169216,18,27.5,0.861,24,0.7,0.849,0.778,11109304,Medium
4941,Industrial,Semi-Urban,15119,9,RCC,Strip,0.732,0.896,2.116,6.38,32045,12,33.11,0.995,53,0.536,0.551,0.935,20987979,Medium
4942,Residential,Semi-Urban,9804,12,RCC,Strip,0.878,0.878,1.23,6.26,30507,19,21.25,0.211,12,0.413,0.824,0.967,8914039,Low
4943,Industrial,Semi-Urban,15379,14,Hybrid,Raft,0.792,1.166,1.996,7.56,194179,20,21.64,0.575,23,0.254,0.603,0.592,34059557,High
4944,Commercial,Rural,17532,12,RCC,Raft,0.527,1.316,1.608,8.14,15458,1,29.84,0.145,14,0.24,0.513,0.97,15491499,Medium
4945,Industrial,Urban,15085,11,Steel,Raft,0.945,1.13,1.84,6.98,172992,18,36.31,0.186,20,0.233,0.301,0.535,35937579,High
4946,Industrial,Urban,516,2,Hybrid,Pile,0.653,1.582,0.892,8.88,26166,2,28.28,0.766,59,0.921,0.956,0.955,1680474,Low
4947,Residential,Semi-Urban,8808,10,Hybrid,Pile,0.569,1.034,2.313,7.97,41977,11,19.96,0.2,11,0.305,0.638,0.886,11566509,Medium
4948,Residential,Semi-Urban,6976,9,Hybrid,Pile,0.544,1.645,1.215,3.75,76385,15,20.45,0.749,13,0.436,0.708,0.957,8366665,Low
4949,Industrial,Semi-Urban,6442,6,RCC,Raft,0.86,1.728,1.939,6.04,65661,15,30.43,0.404,46,0.989,0.227,0.683,15993349,Medium
4950,Residential,Urban,18429,1,RCC,Strip,0.852,0.949,2.157,8.42,52578,6,17.58,0.479,45,0.942,0.488,0.97,29313417,High
4951,Residential,Semi-Urban,3193,5,RCC,Raft,0.85,1.581,1.718,8.66,176075,4,16.64,0.259,27,0.234,0.968,0.909,5612996,Low
4952,Residential,Rural,16062,10,RCC,Pile,0.958,1.954,1.373,5.28,23735,12,17.57,0.549,24,0.641,0.782,0.664,29307467,High
4953,Industrial,Rural,6759,9,Steel,Pile,0.674,1.031,2.462,7.35,155501,23,24.81,0.332,27,0.707,0.895,0.669,14617935,Medium
4954,Residential,Rural,16079,13,Hybrid,Pile,0.781,1.891,1.273,5.46,49346,28,23.86,0.175,30,0.243,0.456,0.679,24168206,High
4955,Industrial,Urban,9968,6,RCC,Raft,0.81,1.527,2.413,3.74,145363,11,15.05,0.139,35,0.783,0.16,0.794,24594249,High
4956,Residential,Semi-Urban,5442,7,Steel,Pile,0.99,1.509,1.066,8.31,48310,28,19.04,1.0,15,0.99,0.416,0.591,10694010,Low
4957,Commercial,Semi-Urban,15151,4,Hybrid,Raft,0.656,0.862,1.462,8.59,32534,8,23.69,0.346,57,0.544,0.438,0.717,20860554,Medium
4958,Residential,Semi-Urban,4288,1,Hybrid,Strip,0.978,1.698,1.035,6.03,27126,2,25.75,0.805,39,0.56,0.371,0.534,7148353,Low
4959,Residential,Urban,871,5,Hybrid,Raft,0.574,1.374,0.804,3.11,39415,16,25.06,0.341,53,0.727,0.574,0.679,1215431,Low
4960,Industrial,Urban,7620,2,RCC,Pile,0.882,1.665,1.242,7.9,122469,2,22.99,0.623,59,0.789,0.273,0.833,20418548,Medium
4961,Industrial,Urban,6202,8,Hybrid,Strip,0.816,1.771,0.948,5.86,167509,21,35.3,0.841,28,0.832,0.944,0.795,15976272,Medium
4962,Residential,Urban,8847,4,RCC,Pile,0.908,1.429,2.477,3.45,111360,4,25.4,0.696,10,0.262,0.917,0.658,21230587,Medium
4963,Commercial,Rural,3161,1,Steel,Strip,0.514,1.116,2.095,4.14,194915,28,31.11,0.069,25,0.841,0.335,0.629,3409110,Low
4964,Residential,Urban,7151,10,Hybrid,Pile,0.539,0.97,0.806,3.91,183168,26,35.81,0.193,26,0.891,0.686,0.664,7510937,Low
4965,Residential,Urban,5378,7,Steel,Raft,0.535,0.993,1.18,7.12,37769,2,36.34,0.874,29,0.236,0.551,0.535,4537447,Low
4966,Commercial,Urban,13591,12,RCC,Pile,0.796,1.84,1.939,4.8,94934,25,36.43,0.471,52,0.231,0.325,0.629,28194294,High
4967,Industrial,Semi-Urban,4815,11,RCC,Raft,0.801,0.948,1.478,3.77,21060,9,27.37,0.598,36,0.641,0.907,0.854,7383089,Low
4968,Residential,Semi-Urban,10465,2,RCC,Raft,0.953,1.262,2.214,8.51,124847,29,31.53,0.024,2,0.597,0.308,0.589,17429644,Medium
4969,Industrial,Semi-Urban,8808,3,Hybrid,Strip,0.734,1.201,1.658,8.74,62002,26,22.87,0.487,51,0.984,0.662,0.569,17684264,Medium
4970,Industrial,Rural,6974,14,Hybrid,Raft,0.534,1.839,1.911,3.83,198583,13,36.55,0.431,9,0.436,0.402,0.923,10780531,Low
4971,Commercial,Rural,1874,9,Steel,Raft,0.605,1.373,1.815,4.38,52815,28,20.33,0.686,31,0.672,0.843,0.618,2817406,Low
4972,Commercial,Urban,11895,13,RCC,Raft,0.504,1.996,1.885,6.55,19276,20,34.69,0.274,4,0.605,0.658,0.626,18168755,Medium
4973,Industrial,Semi-Urban,7893,9,Steel,Strip,0.888,1.684,1.191,3.9,89024,2,26.74,0.744,8,0.629,0.849,0.732,17564332,Medium
4974,Residential,Rural,4903,2,RCC,Pile,0.908,1.821,1.435,3.95,20871,19,22.47,0.671,25,0.728,0.413,0.736,7763685,Low
4975,Industrial,Semi-Urban,4046,3,RCC,Pile,0.999,0.918,0.886,5.02,79185,8,24.49,0.51,34,0.63,0.11,0.593,6361803,Low
4976,Residential,Rural,4477,11,Steel,Raft,0.706,1.104,1.799,8.7,140858,29,29.71,0.376,4,0.206,0.299,0.778,4647797,Low
4977,Residential,Rural,9888,12,RCC,Raft,0.51,0.963,1.581,8.77,13732,11,38.25,0.302,15,0.875,0.833,0.848,7449341,Low
4978,Commercial,Urban,9488,9,Steel,Pile,0.617,1.356,2.093,8.05,16355,8,17.44,0.535,12,0.361,0.385,0.742,18959187,Medium
4979,Residential,Urban,4392,1,Hybrid,Raft,0.794,1.662,1.151,7.17,154276,16,37.99,0.577,29,0.385,0.388,0.948,7808184,Low
4980,Residential,Rural,14508,2,Steel,Pile,0.981,1.003,1.543,7.32,122074,28,35.39,0.448,10,0.718,0.505,0.996,24169312,High
4981,Industrial,Urban,3749,11,Steel,Strip,0.552,0.956,1.107,5.82,41210,23,29.68,0.321,56,0.582,0.347,0.764,4072973,Low
4982,Commercial,Rural,611,2,RCC,Raft,0.561,1.538,1.844,6.18,65150,29,18.26,0.88,29,0.66,0.826,0.986,919963,Low
4983,Residential,Rural,17566,10,Steel,Raft,0.851,1.076,2.242,6.81,132231,20,35.31,0.31,48,0.598,0.39,0.823,26160817,High
4984,Residential,Semi-Urban,18045,14,Hybrid,Pile,0.834,1.375,2.101,7.39,66324,17,32.27,0.672,20,0.534,0.644,0.764,40335810,High
4985,Commercial,Urban,7900,3,Hybrid,Pile,0.625,0.861,2.405,3.58,70012,26,27.43,0.905,3,0.587,0.506,0.935,15501035,Medium
4986,Industrial,Urban,2879,10,Hybrid,Strip,0.907,1.617,2.452,4.35,111424,25,37.15,0.647,16,0.313,0.359,0.983,8809656,Low
4987,Commercial,Urban,13680,3,Hybrid,Raft,0.564,1.45,2.112,8.78,61417,15,31.61,0.366,32,0.975,0.339,1.0,29876913,High
4988,Commercial,Semi-Urban,8852,10,Steel,Pile,0.963,1.577,1.288,5.01,18357,7,22.22,0.297,54,0.66,0.552,0.88,22583320,High
4989,Residential,Semi-Urban,18309,13,Hybrid,Strip,0.601,1.13,1.173,4.61,165787,29,16.09,0.853,59,0.429,0.29,0.743,14427921,Medium
4990,Residential,Semi-Urban,8969,2,Steel,Pile,0.541,1.134,1.561,5.53,54105,1,33.98,0.49,30,0.77,0.411,0.648,10157731,Low
4991,Industrial,Urban,10248,8,Steel,Pile,0.67,1.762,2.49,4.75,96194,14,21.39,0.593,5,0.904,0.135,0.779,31872728,High
4992,Residential,Urban,10607,8,RCC,Strip,0.594,1.662,1.502,3.55,199799,16,22.01,0.596,32,0.437,0.811,0.889,11138029,Medium
4993,Residential,Urban,13442,8,Steel,Strip,0.763,1.496,1.138,4.25,87295,21,26.24,0.534,51,0.46,0.139,0.513,15518255,Medium
4994,Commercial,Semi-Urban,19991,2,Steel,Strip,0.843,1.554,2.405,6.84,108459,3,33.75,0.931,38,0.551,0.885,0.634,50516147,High
4995,Residential,Semi-Urban,17186,13,RCC,Strip,0.745,0.913,1.456,4.34,159457,18,38.11,0.931,42,0.374,0.143,0.677,12792097,Medium
4996,Industrial,Rural,5033,9,Hybrid,Strip,0.83,1.827,1.975,6.89,161034,19,20.41,0.04,53,0.848,0.863,0.89,14795198,Medium
4997,Commercial,Semi-Urban,19657,11,Hybrid,Strip,0.682,1.724,2.14,3.6,194227,6,37.05,0.506,41,0.667,0.68,0.807,41112255,High
4998,Industrial,Rural,4781,7,Steel,Raft,0.514,1.509,2.233,3.25,54334,28,30.11,0.566,49,0.246,0.555,0.713,6307766,Low
4999,Commercial,Urban,5268,12,RCC,Strip,0.987,1.902,2.196,8.17,130243,23,36.39,0.926,26,0.997,0.23,0.96,14966381,Medium
5000,Residential,Semi-Urban,17884,5,Steel,Raft,0.91,1.002,2.222,7.56,198922,26,36.21,0.07,24,0.66,0.331,0.769,32096577,High
5001,Commercial,Urban,12698,7,Steel,Pile,0.537,1.624,1.935,7.0,68572,9,24.81,0.789,41,0.912,0.721,0.862,28696458,High
5002,Commercial,Urban,18602,8,Hybrid,Pile,0.725,1.956,1.487,3.19,63814,13,31.95,0.642,18,0.601,0.561,0.828,49981674,High
5003,Residential,Urban,7669,9,RCC,Strip,0.818,1.172,1.934,4.44,111065,26,38.67,0.732,1,0.666,0.563,0.929,11417923,Medium
5004,Residential,Urban,7861,2,Steel,Pile,0.595,0.818,2.222,7.87,195199,12,31.81,0.292,0,0.564,0.22,0.906,11305576,Medium
5005,Industrial,Semi-Urban,4330,6,Hybrid,Strip,0.789,1.682,1.396,3.87,155755,15,26.45,0.747,13,0.538,0.528,0.995,8737134,Low
5006,Industrial,Urban,3382,9,Steel,Strip,0.767,0.808,1.304,7.88,44984,27,24.3,0.283,43,0.375,0.631,0.69,4987681,Low
5007,Residential,Rural,1498,13,Hybrid,Raft,0.604,1.847,1.384,6.51,122547,7,18.58,0.676,14,0.97,0.21,0.582,2206910,Low
5008,Residential,Semi-Urban,16442,6,RCC,Pile,0.571,0.868,1.737,7.44,10043,12,39.97,0.787,50,0.345,0.977,0.88,14860398,Medium
5009,Residential,Urban,17168,2,Steel,Strip,0.879,1.583,0.889,6.87,118479,17,31.45,0.783,21,0.621,0.847,0.937,27376486,High
5010,Commercial,Semi-Urban,16746,1,RCC,Pile,0.661,1.253,2.124,5.5,52960,13,21.91,0.544,57,0.27,0.386,0.527,24148451,High
5011,Commercial,Rural,19044,12,Hybrid,Raft,0.622,1.044,1.036,4.75,74933,23,16.86,0.414,16,0.995,0.607,0.666,21976367,High
5012,Commercial,Urban,3565,3,RCC,Pile,0.869,1.878,1.026,7.04,34621,29,33.85,0.244,49,0.645,0.603,0.904,7901002,Low
5013,Residential,Rural,10967,11,RCC,Raft,0.868,1.695,1.136,7.84,149083,17,36.38,0.033,40,0.852,0.196,0.842,14448887,Medium
5014,Industrial,Urban,18378,5,RCC,Raft,0.638,1.209,1.781,3.27,97810,29,25.69,0.049,31,0.65,0.494,0.878,28472613,High
5015,Residential,Rural,12576,7,Steel,Raft,0.936,1.141,1.285,5.28,60911,8,38.9,0.419,32,0.844,0.287,0.772,17416321,Medium
5016,Commercial,Urban,3043,10,Hybrid,Strip,0.844,1.683,1.426,5.1,71624,18,23.21,0.095,0,0.628,0.4,0.691,7103470,Low
5017,Commercial,Semi-Urban,10533,10,RCC,Strip,0.673,1.804,2.384,6.36,39260,2,33.9,0.112,40,0.556,0.949,0.906,19902301,Medium
5018,Residential,Urban,1901,3,Steel,Pile,0.714,1.659,2.24,3.68,179451,17,21.57,0.195,18,0.565,0.596,0.777,4502511,Low
5019,Residential,Semi-Urban,17329,9,Hybrid,Strip,0.863,1.568,2.249,8.6,118179,25,23.4,0.481,37,0.202,0.16,0.758,30084144,High
5020,Commercial,Urban,5022,10,Hybrid,Strip,0.606,1.074,1.782,6.29,88273,12,30.13,0.592,59,0.497,0.705,0.867,8016040,Low
5021,Commercial,Urban,3051,12,Hybrid,Pile,0.734,1.823,2.273,8.54,23440,13,15.92,0.694,50,0.962,0.999,0.595,12847349,Medium
5022,Commercial,Rural,5316,4,RCC,Raft,0.827,1.7,2.124,7.9,85033,15,20.27,0.486,49,0.74,0.251,0.793,9876759,Low
5023,Residential,Rural,19615,10,RCC,Raft,0.77,1.421,2.421,4.15,71178,11,19.41,0.665,58,0.935,0.715,0.652,30327216,High
5024,Commercial,Rural,8199,2,RCC,Pile,0.804,1.414,0.909,3.79,151048,24,23.2,0.862,34,0.36,0.842,0.511,9708760,Low
5025,Commercial,Urban,3129,3,Hybrid,Strip,0.773,1.483,0.849,8.17,157379,9,34.44,0.374,57,0.593,0.86,0.874,5719248,Low
5026,Industrial,Urban,8187,5,Hybrid,Pile,0.6,1.794,1.098,6.22,42728,8,37.69,0.688,3,0.228,0.737,0.737,15924033,Medium
5027,Residential,Urban,10656,3,RCC,Pile,0.705,1.691,2.379,3.12,192697,20,15.32,0.659,10,0.742,0.919,0.952,23700298,High
5028,Industrial,Semi-Urban,17941,5,RCC,Strip,0.766,1.827,1.829,8.61,161295,25,21.43,0.636,48,0.827,0.129,0.75,33046752,High
5029,Industrial,Semi-Urban,7334,4,Hybrid,Pile,0.89,1.409,1.524,5.84,153369,15,15.63,0.583,2,0.798,0.158,0.505,20334307,Medium
5030,Commercial,Urban,18679,13,Hybrid,Strip,0.827,1.55,1.672,4.81,8869,24,36.53,0.726,54,0.269,0.221,0.704,34826846,High
5031,Residential,Rural,5349,11,Steel,Strip,0.713,1.825,2.21,6.1,109544,17,19.97,0.819,1,0.398,0.139,0.586,7007583,Low
5032,Commercial,Rural,16282,10,Steel,Pile,0.987,1.079,2.379,7.94,101149,26,34.27,0.392,54,0.725,0.208,0.961,41237203,High
5033,Residential,Rural,16327,13,RCC,Raft,0.554,1.333,2.04,3.66,86744,14,15.83,0.655,35,0.807,0.835,0.723,16761881,Medium
5034,Industrial,Urban,9931,3,Hybrid,Strip,0.603,1.545,2.092,5.15,118129,5,24.96,0.249,22,0.419,0.907,0.755,21539590,Medium
5035,Residential,Rural,4650,12,Hybrid,Raft,0.671,1.898,1.345,4.91,187549,16,23.97,0.756,10,0.525,0.402,0.683,6308822,Low
5036,Commercial,Urban,11789,6,Steel,Strip,0.614,0.819,1.594,8.04,14097,25,23.23,0.88,34,0.481,0.961,0.761,15529744,Medium
5037,Commercial,Semi-Urban,9996,8,Hybrid,Raft,0.813,1.055,2.305,7.67,38760,29,29.25,0.761,54,0.204,0.477,0.541,19632135,Medium
5038,Commercial,Rural,6970,13,RCC,Pile,0.52,1.081,2.136,5.4,9591,28,24.78,0.491,57,0.661,0.255,0.729,7139057,Low
5039,Residential,Semi-Urban,13757,12,Steel,Strip,0.589,1.192,1.963,6.99,123246,8,25.08,0.133,28,0.735,0.713,0.832,16037591,Medium
5040,Industrial,Rural,4212,4,Hybrid,Pile,0.647,1.138,0.911,5.37,179402,17,19.73,0.873,6,0.421,0.478,0.686,5453486,Low
5041,Industrial,Urban,13221,9,Hybrid,Pile,0.842,1.508,0.867,6.43,79960,22,25.36,0.815,18,0.75,0.117,0.696,31198076,High
5042,Residential,Urban,12995,6,RCC,Pile,0.938,1.863,1.022,8.95,60304,11,33.53,0.698,5,0.394,0.97,0.919,25350961,High
5043,Commercial,Urban,12920,5,Hybrid,Strip,0.899,1.564,1.788,6.21,104630,22,23.08,0.851,24,0.772,0.638,0.768,34422204,High
5044,Industrial,Urban,5815,3,Steel,Pile,0.591,1.09,1.712,8.93,51887,18,36.43,0.533,15,0.566,0.652,0.794,10811564,Low
5045,Commercial,Rural,5881,5,Steel,Pile,0.783,1.837,2.403,7.48,32939,27,19.15,0.991,58,0.898,0.984,0.648,18050620,Medium
5046,Residential,Semi-Urban,9997,5,Hybrid,Strip,0.515,1.558,1.981,3.72,193050,2,36.17,0.837,22,0.636,0.85,0.741,12585585,Medium
5047,Commercial,Urban,13994,14,Hybrid,Pile,0.655,1.063,1.3,7.78,35049,1,30.39,0.164,52,0.348,0.426,0.527,22763151,High
5048,Industrial,Rural,17450,12,Hybrid,Strip,0.903,1.234,1.075,3.97,165769,22,25.59,0.402,10,0.858,0.138,0.715,27652017,High
5049,Industrial,Semi-Urban,16252,12,Hybrid,Pile,0.728,1.748,2.244,6.19,172852,9,15.88,0.17,32,0.822,0.3,0.901,52715622,High
5050,Commercial,Urban,5122,4,Steel,Raft,0.575,1.687,1.581,6.68,190818,8,18.16,0.224,7,0.267,0.416,0.581,8145680,Low
5051,Residential,Semi-Urban,4632,12,RCC,Pile,0.719,1.492,1.911,8.35,106024,21,25.36,0.501,35,0.238,0.964,0.882,6955180,Low
5052,Commercial,Urban,9330,6,Steel,Raft,0.599,0.974,1.761,4.26,97223,24,36.95,0.361,58,0.309,0.9,0.687,13199929,Medium
5053,Residential,Semi-Urban,7495,3,Hybrid,Strip,0.697,1.764,0.983,8.26,88710,2,38.92,0.91,49,0.876,0.119,0.514,9554412,Low
5054,Commercial,Semi-Urban,3170,10,Hybrid,Raft,0.744,1.169,0.897,8.61,54561,12,38.24,0.0,24,0.456,0.989,0.977,4882938,Low
5055,Industrial,Urban,9864,1,Steel,Strip,0.675,1.726,1.441,3.54,88574,27,21.85,0.01,34,0.604,0.331,0.591,17693116,Medium
5056,Residential,Rural,18566,7,Steel,Pile,0.968,1.577,1.415,8.31,126966,6,21.41,0.92,12,0.682,0.798,0.667,39723677,High
5057,Residential,Semi-Urban,10541,7,Hybrid,Raft,0.781,1.117,1.945,4.56,158499,28,33.49,0.239,5,0.795,0.205,0.74,17273938,Medium
5058,Residential,Urban,9554,12,Steel,Pile,0.921,1.055,1.875,3.49,102487,2,38.51,0.002,34,0.864,0.298,0.975,22151330,High
5059,Industrial,Semi-Urban,12137,4,Hybrid,Raft,0.88,0.957,2.447,8.75,191069,24,18.33,0.438,45,0.613,0.555,0.791,33749258,High
5060,Commercial,Semi-Urban,11257,9,Steel,Strip,0.831,1.09,2.259,5.35,10197,12,24.44,0.196,38,0.533,0.733,0.953,21506588,Medium
5061,Industrial,Rural,8990,12,Hybrid,Strip,0.748,0.989,1.644,6.74,188813,18,35.91,0.053,49,0.357,0.411,0.782,13170117,Medium
5062,Residential,Semi-Urban,12829,2,Steel,Strip,0.501,1.54,1.65,6.32,169909,5,27.3,0.53,3,0.686,0.886,0.603,13048065,Medium
5063,Commercial,Semi-Urban,1270,13,Hybrid,Strip,0.807,1.519,1.946,4.28,117403,13,36.06,0.14,44,0.64,0.946,0.782,3174875,Low
5064,Industrial,Urban,4354,1,RCC,Pile,0.678,1.503,0.994,7.02,43819,28,17.92,0.837,42,0.433,0.21,0.55,6470321,Low
5065,Residential,Urban,3618,3,RCC,Pile,0.559,1.57,2.5,3.28,155128,23,34.43,0.302,41,0.557,0.747,0.559,6103255,Low
5066,Residential,Rural,19016,7,Steel,Pile,0.722,1.778,1.682,4.22,142466,23,24.74,0.222,15,0.792,0.219,0.558,29014032,High
5067,Industrial,Semi-Urban,10401,9,RCC,Pile,0.868,1.896,2.347,8.67,100685,4,32.33,0.74,56,0.702,0.407,0.506,33821979,High
5068,Industrial,Semi-Urban,17874,2,Hybrid,Pile,0.981,1.076,2.445,8.72,173391,8,22.33,0.849,10,0.585,0.838,0.576,68770345,High
5069,Industrial,Semi-Urban,17594,6,Steel,Strip,0.687,1.505,1.789,5.9,70276,23,32.3,0.093,23,0.418,0.403,0.676,26282083,High
5070,Residential,Rural,14022,3,Steel,Pile,0.771,0.894,0.976,4.01,87860,10,32.55,0.152,13,0.734,0.917,0.536,15424023,Medium
5071,Industrial,Semi-Urban,538,5,Hybrid,Pile,0.926,0.944,1.775,5.53,76651,21,25.48,0.475,39,0.702,0.47,0.503,1701330,Low
5072,Residential,Urban,18159,12,Hybrid,Pile,0.667,1.585,1.816,8.26,45495,14,39.23,0.59,7,0.567,0.379,0.556,36692071,High
5073,Industrial,Rural,16502,9,Hybrid,Strip,0.571,1.384,2.142,3.42,61944,20,15.01,0.083,54,0.391,0.99,0.968,26223454,High
5074,Residential,Urban,5357,3,Steel,Strip,0.641,1.71,0.882,3.77,118411,2,31.86,0.375,29,0.34,0.497,0.763,5431688,Low
5075,Residential,Urban,16812,1,Hybrid,Strip,0.95,1.311,1.593,8.37,69687,2,37.72,0.898,30,0.472,0.767,0.718,34639212,High
5076,Commercial,Rural,1936,5,RCC,Strip,0.58,0.953,2.369,5.49,162651,4,36.44,0.876,5,0.927,0.64,0.744,2136913,Low
5077,Industrial,Urban,18983,1,Steel,Pile,0.665,1.846,2.485,3.5,77663,24,29.12,0.311,23,0.803,0.282,0.777,59193359,High
5078,Industrial,Semi-Urban,8193,8,Hybrid,Pile,0.732,0.899,1.125,3.84,98595,11,37.39,0.227,54,0.913,0.55,0.554,14871658,Medium
5079,Residential,Rural,13718,7,Steel,Raft,0.924,1.027,2.28,8.29,49445,22,17.7,0.583,0,0.874,0.17,0.792,23322823,High
5080,Residential,Urban,4751,11,RCC,Pile,0.969,1.132,1.049,5.94,177692,9,28.59,0.096,37,0.567,0.738,0.917,8173168,Low
5081,Residential,Semi-Urban,9805,2,RCC,Strip,0.713,1.994,2.23,3.98,109233,18,39.53,0.233,55,0.624,0.567,0.78,15201035,Medium
5082,Commercial,Semi-Urban,11090,14,Hybrid,Strip,0.966,1.3,1.271,8.36,159074,29,39.79,0.167,45,0.336,0.21,0.942,18660863,Medium
5083,Commercial,Urban,8162,11,Steel,Pile,0.581,1.402,2.431,8.07,73479,23,31.98,0.208,20,0.777,0.79,0.569,19549680,Medium
5084,Residential,Semi-Urban,3623,9,Hybrid,Raft,0.578,1.724,1.982,3.14,135047,17,19.19,0.215,5,0.538,0.824,0.913,5867849,Low
5085,Industrial,Rural,17537,5,Steel,Strip,0.975,1.564,1.478,6.49,128736,2,17.82,0.627,14,0.329,0.76,0.831,35836030,High
5086,Industrial,Urban,4658,7,Hybrid,Raft,0.755,1.81,1.278,4.47,73477,27,38.06,0.488,31,0.276,0.396,0.802,10047957,Low
5087,Commercial,Semi-Urban,9200,4,Hybrid,Strip,0.593,1.384,1.2,6.2,150922,25,37.02,0.862,17,0.757,0.751,0.794,11169807,Medium
5088,Commercial,Semi-Urban,11031,12,Steel,Strip,0.744,1.967,1.957,4.68,87368,29,22.89,0.736,46,0.586,0.62,0.559,21766910,High
5089,Residential,Urban,10379,13,Steel,Pile,0.892,1.756,2.323,4.9,85662,24,38.29,0.499,31,0.207,0.589,0.821,28122496,High
5090,Industrial,Urban,6043,1,RCC,Strip,0.913,1.282,2.083,6.61,130802,25,18.26,0.307,11,0.86,0.684,0.699,16224664,Medium
5091,Residential,Urban,14480,14,RCC,Raft,0.932,1.258,2.219,6.23,34444,7,22.36,0.832,10,0.696,0.667,0.532,30872074,High
5092,Commercial,Urban,15656,8,Steel,Raft,0.785,1.915,2.128,5.37,199782,12,31.1,0.08,33,0.231,0.819,0.603,41188535,High
5093,Industrial,Rural,10080,13,RCC,Pile,0.933,1.621,2.465,3.65,196266,16,19.27,0.681,1,0.444,0.987,0.721,27716997,High
5094,Industrial,Urban,19081,1,RCC,Strip,0.755,1.546,2.088,8.82,171634,10,39.73,0.113,43,0.778,0.754,0.996,45693677,High
5095,Commercial,Rural,4411,3,Steel,Raft,0.804,1.709,1.157,4.05,88150,28,20.56,0.533,21,0.247,0.498,0.715,5848694,Low
5096,Residential,Rural,14082,6,Steel,Pile,0.879,1.473,2.146,6.8,32351,11,21.13,0.902,20,0.789,0.516,0.575,31194008,High
5097,Residential,Urban,11620,8,Steel,Raft,0.713,0.991,1.348,3.5,44185,9,26.86,0.238,5,0.604,0.126,0.951,13750313,Medium
5098,Industrial,Rural,5735,8,Hybrid,Pile,0.537,1.183,2.493,7.13,139140,4,34.46,0.079,5,0.826,0.244,0.518,11282477,Medium
5099,Commercial,Urban,5299,2,Steel,Raft,0.675,1.47,1.44,3.57,155883,16,18.01,0.339,11,0.884,0.305,0.563,9500691,Low
5100,Industrial,Urban,14725,9,Steel,Strip,0.812,0.822,1.298,4.38,119048,19,31.69,0.478,3,0.814,0.991,0.737,26741805,High
5101,Commercial,Semi-Urban,17209,4,Steel,Raft,0.596,1.325,1.207,6.88,141125,20,17.48,0.725,6,0.262,0.787,0.546,19383447,Medium
5102,Residential,Urban,4266,4,RCC,Raft,0.574,1.707,1.919,4.7,71728,5,17.37,0.03,11,0.568,0.227,0.786,5259564,Low
5103,Commercial,Semi-Urban,4611,14,Steel,Pile,0.647,0.997,0.986,6.2,29414,12,16.03,0.131,29,0.455,0.549,0.579,5692781,Low
5104,Residential,Rural,7515,2,RCC,Pile,0.516,0.877,2.421,3.75,94365,10,28.62,0.411,8,0.607,0.292,0.825,6329393,Low
5105,Commercial,Semi-Urban,7356,1,Hybrid,Pile,0.872,1.803,1.3,4.21,42093,14,25.9,0.095,6,0.973,0.368,0.559,20312401,Medium
5106,Industrial,Rural,16990,10,Steel,Raft,0.629,1.541,1.302,7.4,39285,20,22.68,0.956,47,0.3,0.644,0.905,20843510,Medium
5107,Residential,Urban,2926,7,Steel,Pile,0.562,1.012,0.878,3.21,39792,20,28.18,0.511,46,0.892,0.639,0.867,3331258,Low
5108,Industrial,Rural,14997,11,RCC,Strip,0.85,1.768,1.218,3.67,193904,12,27.55,0.377,21,0.993,0.885,0.963,27393471,High
5109,Industrial,Rural,19415,10,Hybrid,Pile,0.921,1.59,1.512,4.29,117563,23,26.85,0.98,26,0.992,0.248,0.534,54565146,High
5110,Residential,Urban,11836,3,Steel,Pile,0.51,1.201,1.428,3.12,88219,4,19.31,0.646,59,0.837,0.548,0.778,14701537,Medium
5111,Residential,Rural,5816,4,Hybrid,Strip,0.617,1.251,1.264,3.57,25476,20,37.42,0.516,34,0.572,0.639,0.854,5384789,Low
5112,Industrial,Urban,5862,11,Hybrid,Pile,0.973,0.987,0.869,4.69,159488,25,30.5,0.241,37,0.342,0.937,0.951,13470867,Medium
5113,Industrial,Semi-Urban,5193,9,Steel,Pile,0.693,1.802,1.311,3.56,133214,9,18.18,0.253,23,0.687,0.565,0.741,11408765,Medium
5114,Industrial,Urban,9490,6,Hybrid,Raft,0.969,1.411,2.123,8.2,139795,14,21.39,0.362,13,0.688,0.407,0.976,35447210,High
5115,Industrial,Urban,15633,14,Hybrid,Raft,0.637,1.468,1.546,3.4,19537,5,34.11,0.751,39,0.453,0.363,0.561,30062110,High
5116,Residential,Rural,14678,1,Steel,Pile,0.609,1.86,1.294,8.17,34563,9,34.41,0.816,35,0.693,0.294,0.717,19130605,Medium
5117,Residential,Semi-Urban,11129,9,RCC,Strip,0.607,0.819,1.318,7.94,101831,27,33.14,0.192,12,0.293,0.966,0.627,7457054,Low
5118,Industrial,Urban,18895,9,Steel,Pile,0.543,0.88,1.743,3.6,15911,2,34.76,0.817,36,0.707,0.643,0.578,30692328,High
5119,Commercial,Semi-Urban,15251,5,Hybrid,Pile,0.948,0.994,1.314,3.15,120773,12,29.96,0.331,51,0.917,0.373,0.643,33093644,High
5120,Commercial,Semi-Urban,925,8,Steel,Pile,0.99,0.836,1.872,3.3,24588,28,22.22,0.2,49,0.578,0.771,0.832,2278965,Low
5121,Residential,Rural,3544,7,RCC,Raft,0.977,1.59,2.482,6.54,40627,12,23.94,0.195,10,0.812,0.36,0.742,7397672,Low
5122,Industrial,Urban,11980,11,Hybrid,Strip,0.926,1.561,0.87,7.02,112676,13,27.74,0.463,31,0.709,0.553,0.591,27185706,High
5123,Industrial,Rural,11606,8,Hybrid,Strip,0.923,1.053,1.087,6.72,141480,21,21.15,0.767,4,0.202,0.123,0.516,15211942,Medium
5124,Residential,Urban,6729,9,RCC,Strip,0.831,0.979,1.104,6.25,62174,11,36.33,0.571,16,0.298,0.862,0.962,6932646,Low
5125,Commercial,Semi-Urban,1739,14,RCC,Raft,0.913,0.975,1.56,4.05,165780,23,33.67,0.465,1,0.82,0.961,0.657,3081963,Low
5126,Commercial,Urban,7066,2,Hybrid,Raft,0.604,1.944,0.87,8.05,51977,8,39.5,0.018,31,0.232,0.879,0.564,11736815,Medium
5127,Commercial,Urban,4713,10,RCC,Pile,0.694,1.632,1.612,4.97,163107,28,25.38,0.564,22,0.965,0.254,0.573,9204651,Low
5128,Residential,Semi-Urban,3506,5,Steel,Raft,0.82,1.503,2.379,8.92,123266,21,36.77,0.675,4,0.915,0.843,0.627,8410398,Low
5129,Commercial,Semi-Urban,7525,8,RCC,Pile,0.937,1.187,0.82,5.31,197742,12,34.48,0.098,57,0.49,0.412,0.615,10412099,Low
5130,Residential,Urban,19923,3,Steel,Raft,0.83,1.32,1.42,4.58,132944,9,35.8,0.956,39,0.448,0.943,0.64,35779851,High
5131,Residential,Rural,7058,11,Hybrid,Pile,0.92,0.907,2.094,8.37,14793,12,32.2,0.092,37,0.69,0.369,0.613,13513182,Medium
5132,Industrial,Urban,1684,11,Hybrid,Raft,0.737,1.998,1.063,6.4,121963,11,23.73,0.691,7,0.689,0.18,0.715,4166833,Low
5133,Commercial,Semi-Urban,19468,6,Hybrid,Strip,0.859,1.706,0.932,7.33,37912,19,21.1,0.525,26,0.271,0.868,0.883,31978210,High
5134,Residential,Rural,14930,6,Hybrid,Pile,0.99,1.546,1.872,5.45,138280,29,21.81,0.884,1,0.372,0.205,0.514,29573706,High
5135,Commercial,Semi-Urban,8602,7,Hybrid,Raft,0.577,1.505,0.817,8.32,144552,28,29.17,0.414,39,0.709,0.587,0.595,10420303,Low
5136,Commercial,Semi-Urban,14369,13,RCC,Raft,0.963,1.405,2.163,8.51,25563,8,36.99,0.509,56,0.841,0.438,0.856,36455822,High
5137,Industrial,Rural,7616,11,RCC,Pile,0.761,1.109,0.914,5.62,102181,27,26.23,0.553,55,0.354,0.781,0.574,9031161,Low
5138,Commercial,Semi-Urban,13437,3,Hybrid,Raft,0.822,1.072,1.691,4.44,5533,25,29.97,0.875,6,0.762,0.774,0.871,26346562,High
5139,Industrial,Semi-Urban,4883,8,RCC,Strip,0.939,1.459,2.058,6.89,11268,7,33.35,0.8,39,0.896,0.799,0.757,12536666,Medium
5140,Residential,Semi-Urban,18583,8,RCC,Pile,0.705,0.884,1.211,8.73,139104,21,36.38,0.28,49,0.294,0.157,0.941,15269499,Medium
5141,Commercial,Semi-Urban,5007,9,Hybrid,Pile,0.709,0.889,0.976,6.73,164212,25,31.21,0.955,21,0.551,0.873,0.505,7986036,Low
5142,Residential,Semi-Urban,15235,8,RCC,Pile,0.764,1.473,1.099,8.73,114386,27,30.73,0.753,6,0.88,0.52,0.892,20084280,Medium
5143,Commercial,Semi-Urban,17019,3,Hybrid,Pile,0.51,1.904,2.253,5.06,38697,14,39.69,0.012,46,0.497,0.297,0.786,31950997,High
5144,Residential,Semi-Urban,2525,6,Hybrid,Pile,0.748,1.897,2.0,8.49,12963,29,36.56,0.184,8,0.416,0.369,0.734,5644752,Low
5145,Commercial,Semi-Urban,5354,9,Hybrid,Strip,0.646,0.813,1.137,3.68,140586,24,33.34,0.856,45,0.796,0.912,0.573,5906512,Low
5146,Commercial,Semi-Urban,5867,1,Hybrid,Pile,0.964,0.929,2.017,5.15,175760,28,35.8,0.646,58,0.521,0.105,0.617,13837119,Medium
5147,Commercial,Urban,3390,3,RCC,Strip,0.544,1.5,2.005,5.97,35058,24,40.0,0.258,44,0.765,0.822,0.893,5245320,Low
5148,Commercial,Urban,19641,2,RCC,Strip,0.73,1.818,2.496,6.92,188573,22,27.64,0.171,34,0.301,0.932,0.575,41149388,High
5149,Commercial,Semi-Urban,4273,12,Steel,Strip,0.974,1.945,1.466,4.76,33092,2,32.64,0.147,37,0.643,0.325,0.764,9283238,Low
5150,Commercial,Urban,16319,8,Steel,Pile,0.951,1.833,2.27,8.55,110688,20,35.34,0.318,23,0.504,0.84,0.604,65525255,High
5151,Commercial,Rural,2028,6,Hybrid,Strip,0.851,1.613,1.559,8.42,106460,12,26.1,0.899,35,0.998,0.245,0.745,4539257,Low
5152,Commercial,Urban,12320,10,Steel,Pile,0.795,1.041,2.326,7.8,171680,1,38.87,0.352,52,0.673,0.115,0.627,31657928,High
5153,Commercial,Semi-Urban,5549,11,RCC,Strip,0.64,0.887,0.956,3.69,102768,28,24.56,0.661,17,0.746,0.644,0.676,4254932,Low
5154,Residential,Semi-Urban,1348,11,RCC,Pile,0.683,0.857,1.098,3.47,78040,26,21.08,0.112,42,0.305,0.682,0.901,1312744,Low
5155,Industrial,Urban,10619,8,Steel,Raft,0.545,1.534,2.245,5.99,102192,21,31.93,0.531,25,0.994,0.235,0.519,22502615,High
5156,Commercial,Semi-Urban,10857,2,Steel,Raft,0.893,0.843,2.193,7.59,158094,29,17.02,0.343,38,0.241,0.561,0.962,19764344,Medium
5157,Industrial,Rural,16667,11,RCC,Strip,0.662,1.687,1.319,3.74,74434,10,18.17,0.161,14,0.257,0.447,0.66,17930651,Medium
5158,Commercial,Rural,12978,6,Steel,Raft,0.834,1.655,1.815,6.85,104783,1,39.26,0.798,55,0.261,0.169,0.798,23798901,High
5159,Commercial,Semi-Urban,2621,7,RCC,Strip,0.679,0.896,1.451,6.17,52392,22,22.04,0.816,21,0.896,0.557,0.611,2861746,Low
5160,Residential,Rural,13410,8,RCC,Strip,0.732,1.888,0.818,7.36,12651,10,15.83,0.306,24,0.783,0.627,0.679,12000356,Medium
5161,Residential,Rural,5181,9,Steel,Strip,0.778,1.426,0.844,5.61,22360,8,26.87,0.654,42,0.978,0.295,0.73,5174009,Low
5162,Industrial,Urban,15255,5,Steel,Raft,0.901,1.885,0.892,7.16,96072,13,36.68,0.394,50,0.253,0.766,0.844,36187845,High
5163,Residential,Rural,972,11,Hybrid,Strip,0.606,1.882,1.81,3.96,100079,14,23.33,0.044,24,0.753,0.165,0.937,1367615,Low
5164,Residential,Urban,18671,3,Hybrid,Raft,0.699,1.036,1.275,4.29,99011,10,25.48,0.428,40,0.627,0.596,0.933,25552634,High
5165,Industrial,Semi-Urban,613,2,Hybrid,Raft,0.565,1.257,1.045,8.42,75201,1,18.92,0.576,24,0.711,0.373,0.669,1045446,Low
5166,Residential,Urban,14190,8,Hybrid,Pile,0.538,0.962,2.4,4.98,178688,6,23.65,0.299,37,0.61,0.492,0.544,21885596,High
5167,Commercial,Semi-Urban,6973,1,Hybrid,Raft,0.802,1.73,1.006,8.91,38839,12,39.14,0.949,24,0.74,0.904,0.963,14438695,Medium
5168,Industrial,Semi-Urban,9030,10,RCC,Pile,0.595,1.405,1.946,3.28,64004,20,36.93,0.558,6,0.926,0.703,0.515,16016001,Medium
5169,Industrial,Semi-Urban,19169,6,Steel,Strip,0.53,1.915,2.32,5.98,151340,15,33.5,0.371,39,0.67,0.234,0.941,33561178,High
5170,Commercial,Semi-Urban,1696,2,RCC,Strip,0.949,1.05,1.079,4.95,145088,13,34.66,0.735,55,0.917,0.898,0.513,2940026,Low
5171,Residential,Semi-Urban,16962,3,Hybrid,Pile,0.767,1.626,1.165,8.98,73620,15,31.73,0.341,43,0.826,0.436,0.988,31605453,High
5172,Industrial,Urban,6517,8,Hybrid,Strip,0.567,1.987,1.775,8.94,56020,25,17.95,0.025,23,0.892,0.407,0.506,14862546,Medium
5173,Industrial,Semi-Urban,3152,1,Steel,Pile,0.527,1.598,1.664,4.41,139923,28,17.94,0.008,18,0.727,0.551,0.508,5360982,Low
5174,Commercial,Rural,11332,6,RCC,Pile,0.56,0.883,1.686,4.6,109671,16,28.43,0.302,21,0.615,0.285,0.754,9928275,Low
5175,Commercial,Rural,5885,3,Hybrid,Strip,0.736,1.506,1.743,7.5,25706,24,29.89,0.156,45,0.256,0.923,0.833,9312557,Low
5176,Residential,Semi-Urban,15208,6,Hybrid,Pile,0.834,1.016,2.415,8.34,10483,12,39.3,0.352,22,0.868,0.521,0.676,36783567,High
5177,Industrial,Rural,17711,3,Hybrid,Pile,0.821,0.837,0.892,6.98,111686,20,26.28,0.77,19,0.394,0.454,0.803,24927448,High
5178,Residential,Urban,15071,11,Hybrid,Pile,0.572,1.202,2.093,8.19,29567,11,37.94,0.309,19,0.229,0.254,0.923,20794880,Medium
5179,Residential,Urban,11502,11,RCC,Strip,0.817,1.119,1.195,3.38,44613,12,39.76,0.56,6,0.615,0.822,0.898,12659539,Medium
5180,Commercial,Semi-Urban,3885,8,RCC,Strip,0.702,1.747,1.435,6.84,160507,27,36.11,0.92,33,0.706,0.958,0.942,6060944,Low
5181,Industrial,Semi-Urban,2465,5,Hybrid,Strip,0.732,1.248,0.952,7.2,137095,2,24.97,0.698,10,0.729,0.883,0.58,4198599,Low
5182,Industrial,Semi-Urban,2927,4,RCC,Strip,0.901,1.68,1.558,4.14,17755,29,33.84,0.562,42,0.736,0.245,0.612,5262349,Low
5183,Industrial,Rural,3341,9,Hybrid,Strip,0.666,0.819,2.167,7.67,148387,29,28.64,0.867,7,0.723,0.776,0.794,5763512,Low
5184,Commercial,Rural,7063,5,Steel,Raft,0.573,0.818,0.968,8.67,143678,22,19.97,0.331,37,0.847,0.284,0.862,5979131,Low
5185,Commercial,Urban,14887,12,Steel,Raft,0.937,0.835,1.269,8.39,41062,3,18.24,0.198,10,0.815,0.135,0.554,28122913,High
5186,Commercial,Rural,6340,14,Steel,Pile,0.606,1.063,1.434,4.47,176891,17,16.75,0.747,42,0.85,0.536,0.588,8416071,Low
5187,Commercial,Urban,15654,4,RCC,Raft,0.647,1.249,0.977,4.94,84562,14,23.16,0.059,24,0.568,0.703,0.961,17674370,Medium
5188,Commercial,Rural,14593,8,Hybrid,Strip,0.853,1.529,2.096,6.0,90033,27,32.22,0.424,30,0.25,0.212,0.513,25006676,High
5189,Industrial,Urban,4852,8,Steel,Strip,0.842,1.983,2.138,3.95,168004,7,37.85,0.287,36,0.712,0.645,0.701,17318194,Medium
5190,Residential,Semi-Urban,684,8,Steel,Strip,0.9,1.225,2.221,8.72,113581,20,23.01,0.971,25,0.368,0.859,0.605,1486950,Low
5191,Industrial,Rural,10884,4,RCC,Pile,0.592,0.867,1.793,3.97,100340,14,28.28,0.377,9,0.888,0.288,0.887,13118930,Medium
5192,Residential,Urban,14819,13,RCC,Pile,0.676,1.034,1.662,7.57,174585,9,26.72,0.663,32,0.777,0.485,0.932,20771666,Medium
5193,Commercial,Rural,8937,1,Steel,Pile,0.563,1.877,1.246,5.05,45299,29,17.72,0.268,6,0.813,0.549,0.623,12077776,Medium
5194,Residential,Semi-Urban,10926,2,Hybrid,Pile,0.771,1.639,1.914,6.44,55308,10,34.01,0.983,35,0.429,0.848,0.795,25203589,High
5195,Industrial,Urban,8004,4,Hybrid,Pile,0.646,1.748,1.556,3.28,116955,26,27.98,0.18,44,0.706,0.794,0.922,21326931,Medium
5196,Industrial,Rural,18971,10,Hybrid,Pile,0.844,0.949,2.45,4.23,113207,11,37.93,0.907,57,0.622,0.792,0.799,52415439,High
5197,Residential,Rural,1100,2,Steel,Raft,0.5,0.962,2.446,5.67,148869,11,35.89,0.445,19,0.415,0.711,0.8,1211695,Low
5198,Commercial,Semi-Urban,8304,11,RCC,Strip,0.53,0.935,2.339,7.06,13354,27,21.96,0.427,14,0.85,0.656,0.706,8222126,Low
5199,Commercial,Semi-Urban,13749,10,Hybrid,Raft,0.716,1.829,1.412,7.67,42167,19,22.82,0.701,15,0.64,0.558,0.827,27962312,High
5200,Industrial,Urban,6037,14,Steel,Pile,0.979,1.052,1.426,3.18,24178,29,28.42,0.093,34,0.353,0.433,0.98,14046356,Medium
5201,Residential,Rural,19917,14,Steel,Strip,0.945,1.572,2.25,3.91,62397,28,18.13,0.547,20,0.444,0.562,0.65,32029582,High
5202,Commercial,Rural,18940,3,RCC,Strip,0.997,1.419,2.04,7.38,133153,13,21.28,0.22,53,0.382,0.868,0.6,35223780,High
5203,Commercial,Semi-Urban,15185,9,Hybrid,Strip,0.708,1.453,1.997,7.88,14068,10,35.53,0.157,34,0.45,0.614,0.979,29807711,High
5204,Industrial,Semi-Urban,9224,9,Steel,Raft,0.523,1.035,1.275,4.42,108850,16,18.83,0.877,39,0.351,0.987,0.53,10527484,Low
5205,Commercial,Urban,5584,14,Hybrid,Strip,0.653,1.562,2.217,4.38,44661,10,28.66,0.997,47,0.497,0.228,0.92,11123263,Medium
5206,Residential,Rural,2542,11,Hybrid,Pile,0.838,0.852,1.785,3.53,141233,10,24.85,0.971,33,0.755,0.497,0.955,4336657,Low
5207,Industrial,Rural,17241,9,Hybrid,Pile,0.568,1.992,1.56,3.9,130655,28,20.02,0.821,38,0.967,0.28,0.61,34875761,High
5208,Industrial,Urban,17261,7,Steel,Raft,0.65,0.832,2.271,3.05,134630,12,39.24,0.92,0,0.368,0.429,0.713,30547070,High
5209,Residential,Urban,13836,4,Hybrid,Raft,0.528,0.86,1.47,6.54,115225,1,35.63,0.924,8,0.44,0.811,0.562,14518972,Medium
5210,Industrial,Semi-Urban,13914,1,RCC,Pile,0.737,1.19,1.912,8.42,176622,28,21.67,0.176,40,0.202,0.842,0.683,24367180,High
5211,Commercial,Semi-Urban,5297,3,Steel,Raft,0.604,1.798,1.592,3.9,160574,18,34.63,0.086,29,0.38,0.129,0.729,7456509,Low
5212,Commercial,Urban,3807,14,Steel,Strip,0.546,1.109,1.808,7.51,188089,20,15.16,0.127,20,0.535,0.958,0.755,5432707,Low
5213,Residential,Urban,14221,8,Hybrid,Raft,0.706,1.366,0.869,6.44,32260,28,21.94,0.163,17,0.569,0.885,0.561,19310546,Medium
5214,Commercial,Rural,3096,4,Hybrid,Strip,0.676,0.822,1.584,8.64,93405,28,17.7,0.822,21,0.413,0.914,0.702,3666744,Low
5215,Residential,Urban,17667,10,Hybrid,Strip,0.769,0.895,1.746,7.79,187932,11,25.6,0.941,43,0.32,0.439,0.813,25201179,High
5216,Residential,Urban,19263,10,Steel,Strip,0.875,1.53,1.638,8.12,101417,7,30.95,0.352,25,0.65,0.547,0.75,38523352,High
5217,Commercial,Rural,12295,2,RCC,Strip,0.556,1.033,2.241,6.83,57440,14,19.28,0.034,11,0.527,0.252,0.921,10911998,Low
5218,Residential,Urban,15484,14,RCC,Strip,0.896,1.633,1.329,7.87,95151,8,20.98,0.307,30,0.541,0.457,0.976,24300770,High
5219,Commercial,Semi-Urban,12634,8,Steel,Pile,0.513,1.742,2.303,5.11,72190,4,24.82,0.706,36,0.916,0.214,0.908,23667264,High
5220,Industrial,Semi-Urban,11282,7,RCC,Pile,0.722,1.82,1.486,4.25,68086,3,30.77,0.943,42,0.649,0.877,0.524,25286638,High
5221,Industrial,Rural,9734,11,Hybrid,Pile,0.794,0.961,1.981,8.48,169637,10,22.77,0.45,35,0.511,0.623,0.607,22400442,High
5222,Residential,Urban,19422,10,Steel,Strip,0.978,1.347,0.947,7.41,34300,9,30.04,0.336,47,0.403,0.222,0.544,29616396,High
5223,Commercial,Semi-Urban,15118,9,RCC,Raft,0.787,1.936,1.14,3.54,92532,15,23.73,0.653,43,0.543,0.891,0.717,23452641,High
5224,Commercial,Semi-Urban,17745,2,Steel,Raft,0.579,1.727,2.094,8.2,103328,8,21.45,0.211,1,0.889,0.172,0.862,31295986,High
5225,Industrial,Semi-Urban,18760,5,RCC,Strip,0.759,0.94,0.821,5.09,192676,13,36.38,0.766,36,0.972,0.934,0.516,21832937,High
5226,Industrial,Semi-Urban,10527,6,Steel,Raft,0.698,1.403,2.446,4.79,164701,22,24.57,0.414,39,0.502,0.195,0.634,22126093,High
5227,Commercial,Urban,14486,13,RCC,Strip,0.74,1.907,1.124,6.74,162762,25,37.96,0.977,15,0.367,0.746,0.547,21949916,High
5228,Residential,Urban,12900,2,Steel,Raft,0.599,1.328,2.332,6.41,179776,24,22.64,0.934,49,0.932,0.681,0.705,22768943,High
5229,Industrial,Urban,4026,2,Steel,Strip,0.75,1.805,1.677,6.23,31926,7,28.57,0.665,22,0.316,0.804,0.963,9562204,Low
5230,Residential,Urban,12093,13,Steel,Raft,0.575,1.395,1.76,4.53,75650,13,16.34,0.648,59,0.438,0.608,0.706,16387663,Medium
5231,Residential,Semi-Urban,2122,14,Steel,Raft,0.872,0.928,0.943,8.76,34149,6,32.01,0.123,34,0.363,0.415,0.817,2536924,Low
5232,Industrial,Rural,6018,14,Steel,Pile,0.797,0.977,1.421,8.7,115696,10,34.89,0.281,5,0.653,0.347,0.694,10140149,Low
5233,Residential,Rural,3157,10,Hybrid,Raft,0.539,0.856,1.066,3.02,97816,19,39.29,0.862,35,0.527,0.951,0.866,2649392,Low
5234,Residential,Semi-Urban,18816,14,Steel,Raft,0.945,1.034,1.694,5.03,178488,28,35.92,0.363,21,0.43,0.497,0.872,29505610,High
5235,Commercial,Semi-Urban,9199,4,Steel,Strip,0.808,1.872,1.736,3.27,199156,11,22.81,0.424,10,0.814,0.858,0.569,21004225,Medium
5236,Residential,Rural,14455,8,Steel,Raft,0.658,1.58,2.006,8.1,47195,29,28.92,0.84,33,0.731,0.751,0.827,21424851,Medium
5237,Commercial,Rural,3156,14,RCC,Raft,0.523,1.687,2.293,8.32,91617,16,29.8,0.427,57,0.996,0.691,0.693,4974852,Low
5238,Industrial,Semi-Urban,17173,13,Steel,Raft,0.816,1.546,1.596,6.11,140556,22,16.42,0.85,20,0.45,0.974,0.93,38990517,High
5239,Industrial,Semi-Urban,6358,11,Hybrid,Raft,0.687,1.264,1.197,8.04,110740,20,16.82,0.069,12,0.876,0.609,0.579,11927731,Medium
5240,Commercial,Urban,19713,5,Steel,Raft,0.954,1.06,1.367,7.22,172206,21,23.15,0.691,44,0.442,0.76,0.949,41127574,High
5241,Industrial,Urban,10901,9,RCC,Pile,0.517,1.911,2.24,6.0,149323,23,33.61,0.063,17,0.207,0.865,0.756,20450432,Medium
5242,Residential,Rural,9258,4,RCC,Raft,0.52,1.418,1.048,5.18,25908,29,22.14,0.79,55,0.321,0.141,0.628,5014619,Low
5243,Residential,Semi-Urban,1973,3,Steel,Strip,0.975,1.377,1.866,4.6,39832,14,36.85,0.552,44,0.607,0.997,0.667,3989044,Low
5244,Residential,Rural,13781,10,Steel,Strip,0.982,1.995,0.822,4.56,36975,23,31.12,0.556,43,0.848,0.336,0.503,19396011,Medium
5245,Industrial,Urban,16464,8,Steel,Raft,0.514,1.261,1.218,6.37,140610,28,26.7,0.377,29,0.246,0.732,0.975,19651784,Medium
5246,Residential,Urban,18871,1,Steel,Raft,0.858,1.825,1.805,4.0,24810,9,28.51,0.903,40,0.866,0.958,0.612,50532478,High
5247,Industrial,Rural,12557,9,RCC,Raft,0.611,1.835,1.576,4.05,6016,16,23.29,0.509,23,0.773,0.787,0.955,19005011,Medium
5248,Residential,Urban,8173,4,Steel,Pile,0.851,1.079,1.639,3.06,68055,9,39.35,0.26,0,0.228,0.307,0.926,12864131,Medium
5249,Commercial,Semi-Urban,14781,11,RCC,Strip,0.934,0.914,1.923,6.68,141762,6,19.4,0.824,36,0.285,0.426,0.675,21496673,Medium
5250,Industrial,Rural,3751,9,RCC,Pile,0.55,1.971,1.199,8.97,16615,6,36.51,0.948,27,0.261,0.473,0.605,4563525,Low
5251,Industrial,Semi-Urban,5554,8,Hybrid,Pile,0.619,1.311,1.277,8.34,94568,29,31.95,0.242,3,0.743,0.628,0.713,10083386,Low
5252,Residential,Semi-Urban,2216,3,RCC,Raft,0.512,0.803,1.964,7.23,197903,18,32.79,0.605,3,0.649,0.643,0.967,1975657,Low
5253,Industrial,Urban,9704,3,Steel,Raft,0.522,1.399,1.715,7.71,99237,24,35.9,0.589,13,0.487,0.809,0.928,15215106,Medium
5254,Industrial,Semi-Urban,14606,14,Steel,Strip,0.515,1.543,0.825,5.5,91146,19,18.41,0.61,10,0.271,0.874,0.744,13004453,Medium
5255,Commercial,Rural,1810,9,Steel,Raft,0.9,1.731,1.94,4.79,42264,17,32.38,0.564,22,0.514,0.181,0.773,4006763,Low
5256,Commercial,Semi-Urban,17501,3,Steel,Strip,0.649,1.932,1.854,5.21,41986,4,34.41,0.1,45,0.746,0.346,0.704,29043124,High
5257,Residential,Semi-Urban,16382,4,Hybrid,Pile,0.747,1.898,0.934,3.49,166842,21,39.62,0.412,11,0.275,0.409,0.972,23835570,High
5258,Commercial,Semi-Urban,4757,9,Hybrid,Strip,0.894,1.928,2.071,6.8,128799,19,33.69,0.986,47,0.885,0.112,0.994,13993074,Medium
5259,Residential,Semi-Urban,16346,12,Hybrid,Strip,0.747,0.839,1.688,4.05,100823,23,38.79,0.088,57,0.25,0.476,0.645,16801898,Medium
5260,Residential,Semi-Urban,10920,4,Hybrid,Strip,0.715,1.654,1.148,7.58,41602,27,36.24,0.67,46,0.687,0.423,0.975,14115891,Medium
5261,Residential,Urban,13512,11,RCC,Pile,0.506,1.071,1.751,4.14,159815,21,36.89,0.894,41,0.351,0.573,0.975,12947346,Medium
5262,Industrial,Rural,968,3,Hybrid,Pile,0.784,1.025,1.812,4.37,197467,11,37.92,0.201,3,0.273,0.19,0.737,1913786,Low
5263,Commercial,Urban,6405,14,RCC,Raft,0.562,1.76,2.364,8.74,176386,26,28.28,0.802,0,0.484,0.473,0.707,11277923,Medium
5264,Residential,Rural,12808,7,Steel,Raft,0.882,1.301,2.062,3.63,172383,21,32.78,0.242,50,0.734,0.638,0.935,22090686,High
5265,Commercial,Rural,16134,6,RCC,Strip,0.629,1.9,1.313,5.99,46070,22,18.1,0.03,39,0.297,0.823,0.972,16080400,Medium
5266,Residential,Rural,15301,1,RCC,Strip,0.837,0.851,1.001,3.38,16974,11,23.91,0.521,9,0.581,0.79,0.701,11164471,Medium
5267,Commercial,Rural,18023,14,Hybrid,Pile,0.823,1.763,2.25,3.54,119031,11,36.99,0.711,6,0.525,0.464,0.746,49164750,High
5268,Commercial,Rural,10128,10,Steel,Pile,0.808,0.964,2.238,6.8,23608,22,39.44,0.197,1,0.542,0.451,0.667,19386320,Medium
5269,Residential,Semi-Urban,9228,8,Steel,Pile,0.633,1.012,1.098,6.78,155547,25,17.79,0.07,22,0.955,0.134,0.604,9540152,Low
5270,Industrial,Urban,17835,1,Hybrid,Strip,0.634,1.373,0.906,4.16,105556,19,29.65,0.553,33,0.479,0.174,0.998,22105939,High
5271,Commercial,Urban,11505,4,RCC,Strip,0.932,1.275,2.01,8.23,131473,8,33.36,0.148,53,0.993,0.885,0.594,27951805,High
5272,Industrial,Semi-Urban,19890,6,Hybrid,Pile,0.506,1.383,2.028,7.21,49040,27,27.9,0.184,55,0.631,0.825,0.907,38938455,High
5273,Industrial,Rural,8390,6,RCC,Strip,0.591,1.928,1.101,4.8,115443,23,20.82,0.703,50,0.874,0.119,0.71,9347567,Low
5274,Residential,Urban,7577,7,Hybrid,Pile,0.805,1.589,1.936,4.49,131526,16,16.04,0.612,11,0.479,0.894,0.542,20114337,Medium
5275,Residential,Semi-Urban,2471,14,Hybrid,Raft,0.909,1.148,1.274,7.53,129447,25,38.79,0.947,50,0.268,0.652,0.662,3943576,Low
5276,Residential,Semi-Urban,14068,11,Steel,Pile,0.679,1.007,1.243,7.4,33163,21,20.92,0.323,55,0.268,0.822,0.542,15764234,Medium
5277,Commercial,Urban,1691,12,Steel,Strip,0.827,1.304,1.352,3.89,21061,23,22.48,0.214,11,0.659,0.552,0.991,2970025,Low
5278,Residential,Urban,13320,14,Steel,Strip,0.779,1.342,1.685,5.1,89093,8,31.07,0.656,44,0.944,0.236,0.633,21622844,Medium
5279,Residential,Rural,8265,5,Hybrid,Strip,0.532,1.522,2.168,4.3,173443,9,25.72,0.972,15,0.257,0.421,0.873,8102384,Low
5280,Commercial,Rural,10754,5,Steel,Strip,0.811,1.119,1.648,4.76,159588,24,25.59,0.553,7,0.751,0.505,0.713,15839277,Medium
5281,Commercial,Urban,3546,4,Steel,Pile,0.907,1.721,1.307,4.73,173469,12,17.07,0.294,41,0.651,0.779,0.84,9676978,Low
5282,Residential,Rural,12250,6,Hybrid,Pile,0.996,0.918,2.303,8.86,99358,12,39.8,0.91,5,0.722,0.831,0.628,30726338,High
5283,Residential,Semi-Urban,13203,7,Steel,Raft,0.515,1.473,0.894,7.5,42145,2,22.11,0.61,14,0.372,0.767,0.547,10558875,Low
5284,Residential,Rural,17188,10,RCC,Pile,0.83,1.548,2.155,7.68,42168,27,17.75,0.213,48,0.256,0.529,0.904,25634865,High
5285,Residential,Rural,8543,10,Steel,Raft,0.707,1.048,2.133,4.66,197171,6,32.04,0.95,10,0.26,0.697,0.858,10821611,Low
5286,Industrial,Semi-Urban,5408,1,RCC,Pile,0.505,1.791,1.231,3.0,35446,4,33.81,0.273,50,0.397,0.366,0.555,6262557,Low
5287,Industrial,Rural,11127,9,Steel,Pile,0.807,1.539,1.137,3.35,168435,29,15.63,0.898,29,0.371,0.989,0.865,19995714,Medium
5288,Residential,Semi-Urban,3304,14,Hybrid,Strip,0.561,1.575,2.287,6.32,104522,13,21.73,0.615,9,0.301,0.251,0.799,4085578,Low
5289,Industrial,Rural,10676,8,Hybrid,Raft,0.689,1.397,1.75,4.71,25368,4,19.86,0.503,22,0.412,0.751,0.586,20013570,Medium
5290,Commercial,Urban,4436,7,Steel,Strip,0.631,1.892,0.878,4.16,15412,9,34.72,0.333,17,0.627,0.239,0.913,5704459,Low
5291,Industrial,Rural,17596,9,RCC,Strip,0.681,1.633,2.314,3.3,93767,7,19.59,0.119,8,0.96,0.353,0.849,28250043,High
5292,Industrial,Urban,10373,3,Steel,Pile,0.746,1.258,1.393,8.26,45605,6,20.88,0.245,8,0.938,0.774,0.753,26695826,High
5293,Residential,Urban,11890,10,Hybrid,Pile,0.68,1.086,1.382,6.6,38164,18,39.67,0.331,49,0.417,0.756,0.589,19081009,Medium
5294,Industrial,Urban,8866,4,Steel,Raft,0.776,0.885,1.894,3.64,16929,15,32.55,0.289,5,0.253,0.212,0.77,15457385,Medium
5295,Industrial,Urban,15114,7,Hybrid,Raft,0.619,0.998,1.924,7.6,153199,16,24.69,0.073,15,0.997,0.711,0.581,34953687,High
5296,Industrial,Urban,7006,6,RCC,Pile,0.818,1.991,1.401,7.53,92199,1,33.85,0.58,11,0.581,0.283,0.592,17952832,Medium
5297,Industrial,Semi-Urban,18656,14,RCC,Raft,0.927,1.288,1.044,4.74,178485,10,26.66,0.475,1,0.983,0.976,0.621,35614571,High
5298,Commercial,Semi-Urban,17958,13,Hybrid,Pile,0.612,1.878,1.739,4.13,65630,4,20.32,0.106,16,0.63,0.643,0.827,41069611,High
5299,Residential,Semi-Urban,9283,2,RCC,Pile,0.754,1.005,1.863,7.88,129705,25,27.2,0.464,25,0.909,0.103,0.84,12193311,Medium
5300,Residential,Urban,11670,2,Hybrid,Pile,0.824,1.31,2.262,4.98,81395,4,34.3,0.079,8,0.558,0.288,0.536,28912749,High
5301,Commercial,Rural,15109,10,Hybrid,Raft,0.782,1.953,1.624,8.08,100091,18,19.46,0.932,4,0.698,0.307,0.825,33418645,High
5302,Industrial,Semi-Urban,7822,7,Hybrid,Strip,0.683,0.909,1.898,3.26,51795,13,27.14,0.259,27,0.629,0.322,0.517,11768821,Medium
5303,Commercial,Rural,12674,9,Steel,Raft,0.821,1.513,0.892,6.0,35422,24,17.98,0.725,29,0.376,0.601,0.952,16129175,Medium
5304,Industrial,Rural,16708,11,RCC,Strip,0.514,1.903,2.321,4.08,23706,22,36.07,0.251,16,0.811,0.285,0.889,21506842,Medium
5305,Commercial,Urban,2910,12,Steel,Raft,0.685,1.94,1.356,7.03,50743,1,35.47,0.475,46,0.244,0.472,0.862,5608442,Low
5306,Residential,Urban,14136,9,Steel,Strip,0.766,1.815,1.875,8.98,113449,20,31.84,0.933,38,0.49,0.256,0.62,25253109,High
5307,Residential,Urban,9539,7,RCC,Strip,0.51,1.827,2.357,5.48,54513,10,38.0,0.872,58,0.896,0.7,0.994,14160685,Medium
5308,Residential,Semi-Urban,15490,11,Steel,Raft,0.754,1.583,2.178,3.6,169239,21,25.0,0.779,18,0.602,0.612,0.962,28127566,High
5309,Industrial,Urban,6941,8,Hybrid,Raft,0.827,1.065,1.884,4.91,74190,1,18.3,0.79,5,0.262,0.666,0.745,15991141,Medium
5310,Industrial,Semi-Urban,9185,10,Steel,Strip,0.88,1.677,1.996,8.35,112290,2,39.39,0.823,3,0.366,0.971,0.517,24560379,High
5311,Commercial,Semi-Urban,14278,3,Hybrid,Pile,0.557,1.974,2.366,7.59,87482,9,27.83,0.743,43,0.288,0.459,0.756,31113695,High
5312,Commercial,Semi-Urban,13691,1,RCC,Strip,0.995,1.431,2.181,4.39,111106,1,26.89,0.897,50,0.422,0.294,0.577,26407872,High
5313,Residential,Semi-Urban,10232,7,Steel,Strip,0.803,1.113,1.837,8.72,170904,15,16.59,0.35,37,0.332,0.999,0.796,14527022,Medium
5314,Industrial,Urban,4456,8,RCC,Pile,0.682,1.488,1.92,6.73,146763,27,29.26,0.526,55,0.77,0.152,0.993,9776179,Low
5315,Commercial,Semi-Urban,7053,2,Hybrid,Strip,0.625,1.629,1.05,4.01,38393,15,31.12,0.646,53,0.728,0.829,0.878,9877175,Low
5316,Industrial,Urban,19978,9,Steel,Pile,0.786,1.05,1.599,6.43,167261,24,26.83,0.198,13,0.308,0.246,0.661,40526701,High
5317,Industrial,Urban,2865,4,Hybrid,Pile,0.941,1.663,1.312,5.71,14856,28,37.76,0.503,15,0.556,0.698,0.697,9604247,Low
5318,Residential,Semi-Urban,7168,10,Hybrid,Raft,0.76,1.505,1.534,7.92,128782,27,33.56,0.124,53,0.437,0.526,0.972,11157173,Medium
5319,Residential,Urban,5500,11,Hybrid,Strip,0.831,1.535,1.926,5.06,21447,25,15.97,0.612,36,0.47,0.855,0.555,12581290,Medium
5320,Industrial,Rural,4175,9,RCC,Strip,0.679,1.167,1.054,8.25,113487,2,28.56,0.098,31,0.661,0.758,0.945,4443985,Low
5321,Industrial,Urban,13407,13,RCC,Pile,0.694,0.986,0.83,7.87,121615,12,39.84,0.503,30,0.919,0.255,0.537,18603642,Medium
5322,Industrial,Urban,17836,3,RCC,Strip,0.643,1.548,1.475,7.05,96061,18,19.99,0.462,4,0.918,0.699,0.707,28315555,High
5323,Industrial,Semi-Urban,15636,8,Steel,Pile,0.853,1.503,1.348,4.55,53279,23,30.43,0.112,16,0.53,0.295,0.873,33748859,High
5324,Residential,Semi-Urban,11655,11,Hybrid,Strip,0.68,1.206,1.515,8.82,87816,10,21.84,0.439,3,0.515,0.252,0.698,12837338,Medium
5325,Commercial,Urban,12719,2,RCC,Strip,0.595,1.155,2.383,6.29,92778,13,24.29,0.678,42,0.614,0.176,0.786,16543088,Medium
5326,Residential,Semi-Urban,3747,14,Hybrid,Pile,0.685,1.217,2.002,8.45,53616,9,15.84,0.595,23,0.579,0.202,0.745,6584108,Low
5327,Commercial,Rural,4915,3,RCC,Pile,0.927,1.388,1.357,4.29,23463,26,32.2,0.458,5,0.249,0.733,0.802,7529949,Low
5328,Industrial,Rural,6972,1,Hybrid,Strip,0.869,1.97,1.105,8.9,152456,25,34.14,0.365,29,0.663,0.993,0.585,16130068,Medium
5329,Commercial,Semi-Urban,5348,5,RCC,Strip,0.667,1.716,1.851,7.9,42569,3,34.32,0.057,54,0.668,0.708,0.789,8021827,Low
5330,Residential,Urban,1537,4,RCC,Pile,0.953,1.822,1.918,8.7,25393,23,39.26,0.956,43,0.56,0.738,0.994,4455257,Low
5331,Residential,Rural,16134,13,RCC,Raft,0.537,1.407,1.622,4.27,98165,22,35.95,0.403,10,0.531,0.804,0.597,12519969,Medium
5332,Industrial,Rural,8762,1,RCC,Raft,0.525,1.431,1.162,5.58,86641,8,20.19,0.416,26,0.951,0.9,0.533,10115665,Low
5333,Residential,Urban,11566,10,Hybrid,Strip,0.564,1.045,0.849,3.59,109328,14,20.76,0.128,8,0.681,0.341,0.696,9726537,Low
5334,Industrial,Semi-Urban,16054,9,RCC,Strip,0.558,1.665,1.252,3.82,56915,24,34.2,0.533,23,0.853,0.644,0.687,18521975,Medium
5335,Residential,Rural,7508,6,RCC,Strip,0.544,1.306,1.577,4.7,164895,24,34.42,0.979,19,0.963,0.295,0.563,5423996,Low
5336,Residential,Urban,15763,6,RCC,Pile,0.831,1.691,2.139,8.71,123120,24,18.08,0.253,12,0.848,0.573,0.786,38538444,High
5337,Industrial,Urban,16738,14,Hybrid,Strip,0.8,1.291,2.251,7.0,72218,27,15.17,0.313,54,0.954,0.288,0.719,47041593,High
5338,Commercial,Rural,6142,11,RCC,Strip,0.824,0.93,1.502,4.89,103866,26,25.03,0.236,27,0.807,0.158,0.918,6473579,Low
5339,Residential,Semi-Urban,16989,2,Hybrid,Strip,0.844,1.008,2.153,8.73,44760,16,32.37,0.867,46,0.336,0.179,0.711,24548375,High
5340,Commercial,Rural,17653,14,Steel,Raft,0.878,1.774,2.489,7.44,185481,6,36.67,0.475,30,0.382,0.979,0.993,45582150,High
5341,Residential,Urban,19824,7,Hybrid,Strip,0.604,1.11,2.018,8.44,77201,9,19.13,0.824,31,0.355,0.105,0.89,24671464,High
5342,Residential,Rural,15031,12,Steel,Strip,0.811,1.117,2.039,8.56,194380,21,35.38,0.85,34,0.458,0.721,0.744,19792306,Medium
5343,Residential,Semi-Urban,10884,12,RCC,Pile,0.79,1.915,2.346,7.5,102382,4,32.11,0.749,36,0.484,0.899,0.776,24024521,High
5344,Residential,Urban,16836,9,RCC,Raft,0.972,1.589,1.375,4.46,148549,23,19.15,0.261,18,0.849,0.454,0.933,30742750,High
5345,Commercial,Semi-Urban,14161,6,Hybrid,Pile,0.616,0.937,0.819,8.98,34959,19,36.83,0.035,46,0.489,0.737,0.887,16676871,Medium
5346,Commercial,Rural,12187,11,RCC,Strip,0.529,0.972,2.478,4.95,190155,24,38.32,0.143,59,0.782,0.414,0.829,11322917,Medium
5347,Residential,Rural,13904,8,RCC,Strip,0.827,1.127,1.634,7.03,31417,15,21.65,0.697,6,0.923,0.576,0.633,14391418,Medium
5348,Residential,Semi-Urban,4855,12,Hybrid,Strip,0.87,1.513,2.136,8.07,90795,24,18.72,0.741,2,0.292,0.942,0.705,9698107,Low
5349,Commercial,Rural,1433,5,RCC,Strip,0.642,1.703,2.181,4.05,183823,11,39.19,0.766,39,0.2,0.138,0.894,1966679,Low
5350,Industrial,Semi-Urban,9266,2,Steel,Strip,0.785,1.129,1.476,6.65,41861,21,15.57,0.244,29,0.911,0.34,0.814,15516908,Medium
5351,Industrial,Rural,6406,13,Steel,Pile,0.53,1.845,1.72,5.25,155110,10,38.71,0.153,57,0.391,0.195,0.978,9484370,Low
5352,Commercial,Semi-Urban,13072,4,RCC,Strip,0.98,0.931,1.718,4.47,156440,8,20.41,0.923,30,0.323,0.546,0.936,18351239,Medium
5353,Residential,Semi-Urban,12779,12,RCC,Strip,0.555,1.049,1.174,3.07,123503,3,25.95,0.664,44,0.436,0.793,0.714,7861468,Low
5354,Residential,Urban,11223,1,Steel,Raft,0.534,1.965,1.0,8.23,199439,19,22.71,0.742,47,0.349,0.979,0.647,13071201,Medium
5355,Industrial,Urban,11111,1,RCC,Raft,0.522,0.962,1.724,3.82,21761,4,18.84,0.094,39,0.835,0.24,0.562,13127676,Medium
5356,Industrial,Semi-Urban,8761,6,Steel,Strip,0.714,1.866,1.004,8.27,23776,29,23.81,0.412,53,0.708,0.14,0.704,13622602,Medium
5357,Commercial,Rural,4974,2,Hybrid,Strip,0.549,1.645,1.388,6.6,18517,13,28.48,0.063,8,0.334,0.225,0.613,4975655,Low
5358,Industrial,Rural,17138,6,Steel,Strip,0.872,0.888,1.116,6.73,69470,9,17.35,0.658,33,0.667,0.972,0.508,24461624,High
5359,Commercial,Rural,5287,1,RCC,Strip,0.949,1.38,2.002,7.97,36976,21,35.23,0.489,21,0.366,0.388,0.569,8673771,Low
5360,Industrial,Semi-Urban,14075,11,RCC,Strip,0.63,1.423,2.282,6.06,133368,22,35.01,0.451,26,0.358,0.34,0.727,19365863,Medium
5361,Industrial,Semi-Urban,8362,10,Steel,Strip,0.814,1.919,1.782,5.14,38547,20,34.94,0.903,51,0.676,0.762,0.946,20950686,Medium
5362,Industrial,Semi-Urban,11456,3,Steel,Pile,0.521,1.305,1.497,3.83,106715,13,32.16,0.74,54,0.732,0.209,0.66,15840276,Medium
5363,Residential,Semi-Urban,11163,14,RCC,Pile,0.693,1.336,2.494,6.42,106943,9,26.38,0.964,26,0.477,0.414,0.721,16826330,Medium
5364,Residential,Urban,16620,9,RCC,Pile,0.646,0.935,0.836,6.32,86456,20,35.84,0.046,32,0.811,0.23,0.692,13702216,Medium
5365,Residential,Semi-Urban,4242,2,RCC,Raft,0.614,1.567,1.317,4.76,143163,19,36.3,0.616,51,0.87,0.977,0.684,5241402,Low
5366,Industrial,Rural,2535,8,Hybrid,Strip,0.822,1.053,1.274,6.6,38306,16,22.14,0.63,44,0.933,0.357,0.861,4381242,Low
5367,Commercial,Urban,2467,6,Hybrid,Raft,0.565,0.893,1.406,5.64,107333,18,27.02,0.027,44,0.701,0.342,0.753,3467518,Low
5368,Commercial,Rural,2352,12,Steel,Raft,0.93,1.996,1.192,7.83,112601,19,20.07,0.787,42,0.376,0.671,0.704,4910559,Low
5369,Commercial,Semi-Urban,11047,6,Steel,Raft,0.832,1.124,1.249,6.36,134571,17,21.39,0.154,41,0.799,0.115,0.972,17472615,Medium
5370,Commercial,Urban,7118,7,Hybrid,Pile,0.855,0.969,1.238,8.6,125749,12,20.97,0.701,51,0.286,0.688,0.638,14213543,Medium
5371,Residential,Semi-Urban,14359,5,Hybrid,Strip,0.968,1.639,1.66,6.11,64099,11,35.67,0.038,5,0.345,0.508,0.916,26448286,High
5372,Residential,Urban,8803,12,Steel,Strip,0.971,1.786,1.465,8.32,52571,24,21.27,0.614,47,0.866,0.266,0.758,18397698,Medium
5373,Industrial,Rural,11850,11,Hybrid,Raft,0.776,0.877,1.887,6.12,192765,17,28.66,0.521,57,0.929,0.538,0.721,25033749,High
5374,Industrial,Semi-Urban,17066,4,Steel,Pile,0.748,0.926,1.674,6.35,62577,6,30.71,0.483,26,0.253,0.999,0.531,32731629,High
5375,Commercial,Semi-Urban,664,6,RCC,Raft,0.668,0.908,1.112,5.2,150347,27,33.62,0.367,31,0.45,0.855,0.929,862091,Low
5376,Residential,Urban,7458,8,Steel,Raft,0.858,0.856,2.177,5.4,11222,15,15.73,0.42,37,0.703,0.977,0.635,14615261,Medium
5377,Commercial,Urban,2637,4,Hybrid,Strip,0.769,1.591,1.603,8.6,92336,2,26.89,0.477,21,0.951,0.933,0.84,7167303,Low
5378,Industrial,Semi-Urban,10715,5,Hybrid,Pile,0.966,1.506,1.06,4.34,16455,14,22.32,0.298,51,0.657,0.838,0.937,29866524,High
5379,Industrial,Urban,17338,7,Hybrid,Strip,0.619,1.595,1.084,3.73,143215,27,35.85,0.935,52,0.857,0.401,0.768,27550214,High
5380,Commercial,Semi-Urban,19169,6,Steel,Raft,0.655,1.407,2.155,7.98,131615,27,15.92,0.965,12,0.938,0.757,0.82,41250714,High
5381,Industrial,Urban,17425,13,Hybrid,Strip,0.658,1.781,1.995,6.46,16876,3,20.17,0.3,31,0.615,0.452,0.67,43933203,High
5382,Commercial,Rural,6533,4,Steel,Raft,0.903,1.456,1.661,4.71,29463,25,22.89,0.779,26,0.792,0.487,0.863,13233673,Medium
5383,Residential,Urban,3165,13,RCC,Pile,0.55,1.902,1.32,5.59,99997,12,16.95,0.752,43,0.73,0.886,0.828,4539498,Low
5384,Commercial,Rural,13629,4,RCC,Strip,0.728,1.383,1.583,6.15,34200,29,24.89,0.876,39,0.737,0.285,0.722,15494422,Medium
5385,Residential,Urban,12625,10,Hybrid,Strip,0.714,1.749,1.882,6.55,55048,25,33.59,0.004,29,0.614,0.367,0.817,22821570,High
5386,Residential,Urban,6689,4,Steel,Strip,0.537,1.289,2.295,7.93,127270,6,20.31,0.338,34,0.699,0.937,0.631,9760929,Low
5387,Industrial,Semi-Urban,14208,1,Steel,Strip,0.705,1.322,1.745,5.37,144666,23,33.86,0.145,12,0.643,0.73,0.829,24927973,High
5388,Industrial,Urban,18572,5,Hybrid,Strip,0.757,1.819,1.27,7.06,171141,5,28.23,0.391,53,0.71,0.158,0.836,40145246,High
5389,Industrial,Urban,5595,8,Steel,Pile,0.533,0.929,0.873,8.01,182166,7,23.62,0.576,0,0.604,0.209,0.722,6834851,Low
5390,Commercial,Rural,14909,7,Hybrid,Pile,0.755,1.478,1.098,8.06,171424,6,24.22,0.909,41,0.378,0.622,0.625,25035211,High
5391,Commercial,Urban,8083,5,Hybrid,Strip,0.98,1.672,1.905,4.53,59379,21,17.91,0.84,26,0.755,0.819,0.902,27625515,High
5392,Industrial,Semi-Urban,2137,3,RCC,Raft,0.989,1.701,1.073,5.1,103102,19,21.24,0.499,21,0.507,0.814,0.877,4365300,Low
5393,Commercial,Rural,15170,11,Hybrid,Raft,0.766,1.51,1.619,6.57,48070,14,33.28,0.024,56,0.302,0.482,0.529,24905612,High
5394,Industrial,Semi-Urban,6466,1,Steel,Strip,0.758,1.338,1.988,8.31,185466,18,36.57,0.301,46,0.881,0.333,0.747,13166338,Medium
5395,Commercial,Semi-Urban,5170,13,Hybrid,Strip,0.643,1.113,1.324,7.74,7350,21,21.64,0.107,42,0.345,0.809,0.546,6374624,Low
5396,Residential,Semi-Urban,5703,7,RCC,Pile,0.999,1.891,1.937,6.5,96074,14,29.72,0.651,47,0.633,0.95,0.66,14912513,Medium
5397,Residential,Semi-Urban,18774,13,RCC,Pile,0.637,1.244,1.788,8.9,145403,8,15.87,0.695,23,0.777,0.5,0.711,23705108,High
5398,Industrial,Rural,9169,11,Steel,Strip,0.726,1.759,1.546,5.63,101209,14,16.94,0.649,52,0.718,0.224,0.588,14816224,Medium
5399,Commercial,Urban,15468,3,Hybrid,Strip,0.501,0.838,2.325,8.05,15559,21,39.11,0.275,22,0.329,0.649,0.734,18578524,Medium
5400,Commercial,Semi-Urban,2866,4,Steel,Raft,0.675,1.079,1.977,7.91,120733,19,37.41,0.92,52,0.355,0.164,0.853,4303000,Low
5401,Residential,Rural,19410,14,Steel,Pile,0.536,1.215,1.413,8.45,14678,26,17.03,0.589,34,0.319,0.65,0.718,16685536,Medium
5402,Residential,Semi-Urban,866,5,Hybrid,Strip,0.872,1.606,2.167,8.93,46924,3,35.56,0.597,8,0.258,0.256,0.617,1673297,Low
5403,Industrial,Urban,16147,13,RCC,Pile,0.781,1.183,2.055,5.97,126321,15,17.56,0.816,26,0.427,0.564,0.707,37955253,High
5404,Residential,Rural,10407,12,Steel,Strip,0.786,0.85,2.146,4.17,73201,21,35.71,0.069,6,0.619,0.663,0.796,12150876,Medium
5405,Industrial,Rural,7106,8,Steel,Strip,0.643,1.009,1.89,5.77,117625,16,37.84,0.21,23,0.338,0.502,0.968,8852947,Low
5406,Residential,Urban,512,13,RCC,Strip,0.907,1.111,1.445,8.12,149201,25,18.83,0.59,15,0.977,0.845,0.75,1001168,Low
5407,Residential,Rural,2817,7,Hybrid,Strip,0.502,1.011,1.393,8.02,28681,15,18.68,0.61,22,0.759,0.437,0.944,2223310,Low
5408,Commercial,Urban,15929,9,Hybrid,Raft,0.667,1.044,1.912,5.02,75781,14,38.16,0.467,6,0.667,0.24,0.992,28862989,High
5409,Residential,Rural,7985,11,Hybrid,Strip,0.83,1.723,1.023,3.28,62713,15,22.54,0.78,39,0.745,0.518,0.78,10091391,Low
5410,Residential,Rural,17259,3,RCC,Raft,0.954,1.294,2.194,6.06,39162,24,26.82,0.346,55,0.549,0.967,0.574,30383527,High
5411,Industrial,Urban,756,14,Steel,Raft,0.617,1.286,1.43,5.84,118048,7,22.61,0.011,21,0.576,0.892,0.938,1596355,Low
5412,Residential,Urban,17333,11,RCC,Strip,0.771,1.96,1.872,3.51,46788,5,33.73,0.34,28,0.911,0.38,0.931,31213975,High
5413,Industrial,Rural,16403,10,Steel,Pile,0.769,1.336,1.648,7.77,191628,9,20.28,0.966,19,0.778,0.318,0.934,33456998,High
5414,Residential,Rural,3712,1,Steel,Pile,0.937,1.913,1.683,4.7,56227,16,27.35,0.779,36,0.671,0.535,0.975,8317083,Low
5415,Residential,Urban,6675,1,Hybrid,Strip,0.525,1.159,2.055,6.87,106200,28,36.26,0.318,5,0.96,0.69,0.638,8866323,Low
5416,Industrial,Urban,14071,12,Hybrid,Strip,0.712,1.281,1.865,3.61,83350,2,38.57,0.222,30,0.73,0.934,0.667,35604366,High
5417,Commercial,Rural,16587,10,Hybrid,Strip,0.591,1.276,1.226,8.16,128062,22,23.82,0.81,26,0.519,0.652,0.844,17488677,Medium
5418,Industrial,Rural,7946,13,RCC,Pile,0.511,1.455,0.926,7.44,162477,23,17.85,0.2,40,0.238,0.853,0.782,7300613,Low
5419,Industrial,Rural,18192,14,Hybrid,Pile,0.574,1.501,2.228,5.33,117604,7,35.24,0.58,36,0.513,0.726,0.934,39676716,High
5420,Industrial,Urban,15377,1,RCC,Strip,0.988,1.098,2.304,6.78,172830,12,17.77,0.508,8,0.94,0.191,0.627,40806563,High
5421,Commercial,Rural,13443,2,Hybrid,Pile,0.607,1.752,1.08,4.12,150933,27,34.48,0.423,24,0.236,0.903,0.829,18591467,Medium
5422,Residential,Semi-Urban,10806,2,Hybrid,Raft,0.968,1.396,1.326,8.91,164775,29,32.22,0.426,55,0.348,0.28,0.97,17547642,Medium
5423,Industrial,Urban,4516,7,Hybrid,Pile,0.603,0.808,1.28,7.78,80819,16,29.44,0.702,41,0.847,0.43,0.608,7852563,Low
5424,Industrial,Rural,6412,9,RCC,Pile,0.966,1.51,2.394,7.73,184653,4,38.49,0.103,37,0.492,0.856,0.653,18616300,Medium
5425,Commercial,Urban,942,8,Steel,Strip,0.827,1.758,1.148,3.92,35043,2,23.06,0.395,32,0.349,0.981,0.704,2041066,Low
5426,Industrial,Semi-Urban,3444,4,RCC,Raft,0.557,1.101,1.083,3.11,112381,17,17.33,0.968,12,0.853,0.38,0.544,3428898,Low
5427,Residential,Urban,4436,2,RCC,Strip,0.791,0.845,1.109,6.51,44027,17,39.54,0.778,36,0.647,0.445,0.588,4100967,Low
5428,Commercial,Rural,898,3,RCC,Pile,0.659,1.769,2.041,3.86,91387,3,26.03,0.021,26,0.639,0.537,0.691,1738646,Low
5429,Residential,Semi-Urban,16196,10,Steel,Raft,0.692,1.972,2.31,7.68,5994,16,25.83,0.447,18,0.435,0.548,0.537,29092261,High
5430,Residential,Semi-Urban,3495,5,RCC,Strip,0.72,0.892,1.469,5.5,40257,23,17.24,0.117,15,0.74,0.775,0.681,3220887,Low
5431,Commercial,Rural,6829,9,Hybrid,Pile,0.711,1.926,1.031,5.03,190714,27,33.59,0.485,46,0.889,0.835,0.622,13018174,Medium
5432,Industrial,Rural,2716,8,Steel,Raft,0.832,1.231,1.796,3.44,151416,5,33.0,0.104,56,0.8,0.992,0.932,6586071,Low
5433,Residential,Rural,18591,13,RCC,Strip,0.884,1.93,1.157,8.98,139587,7,18.63,0.389,13,0.69,0.824,0.804,25046681,High
5434,Residential,Urban,12023,12,RCC,Raft,0.665,1.579,0.909,8.74,90982,28,20.85,0.545,45,0.48,0.37,0.949,12694014,Medium
5435,Residential,Urban,3068,14,Steel,Pile,0.962,1.868,2.307,3.79,27218,13,15.41,0.367,3,0.884,0.422,0.601,11008983,Low
5436,Residential,Urban,660,3,RCC,Strip,0.969,1.743,2.28,5.0,66677,9,37.24,0.579,38,0.653,0.656,0.541,1754860,Low
5437,Commercial,Rural,16148,9,Steel,Pile,0.52,0.834,2.459,5.34,96466,8,21.11,0.985,21,0.912,0.718,0.677,23561831,High
5438,Commercial,Rural,8567,10,Hybrid,Raft,0.507,0.879,1.606,4.78,94744,1,38.18,0.246,46,0.403,0.181,0.528,7421995,Low
5439,Residential,Urban,4404,3,RCC,Pile,0.713,1.431,1.3,8.61,125323,4,29.28,0.565,53,0.723,0.409,0.942,6594345,Low
5440,Industrial,Semi-Urban,4073,10,RCC,Raft,0.795,0.956,2.109,7.33,32395,21,25.64,0.471,36,0.948,0.282,0.594,7693229,Low
5441,Residential,Urban,2325,12,Hybrid,Strip,0.639,1.353,1.107,8.74,167746,7,15.2,0.809,0,0.499,0.557,0.571,2726833,Low
5442,Industrial,Semi-Urban,14286,14,RCC,Pile,0.63,1.946,1.214,8.25,10515,11,17.31,0.315,50,0.961,0.252,0.894,25045796,High
5443,Residential,Rural,10315,8,RCC,Strip,0.839,1.154,1.235,7.53,12920,8,18.97,0.638,20,0.514,0.623,0.856,9205100,Low
5444,Industrial,Rural,14294,1,Steel,Strip,0.801,1.387,2.418,7.18,121614,8,17.64,0.693,49,0.55,0.521,0.528,30535184,High
5445,Residential,Urban,1676,4,RCC,Strip,0.584,1.261,2.041,8.2,68968,20,21.41,0.976,29,0.845,0.464,0.755,2061058,Low
5446,Industrial,Urban,8320,4,Hybrid,Strip,0.942,1.556,1.027,7.1,87148,11,18.86,0.151,26,0.409,0.684,0.724,20080796,Medium
5447,Residential,Rural,17014,6,RCC,Pile,0.84,1.033,0.958,4.13,148174,7,31.6,0.998,45,0.765,0.475,0.693,17356406,Medium
5448,Residential,Urban,1999,12,Steel,Pile,0.681,1.112,2.233,6.89,164797,28,22.43,0.721,33,0.439,0.459,0.563,3867657,Low
5449,Industrial,Rural,8126,12,Hybrid,Strip,0.842,1.831,2.164,6.09,109889,11,32.96,0.456,28,0.675,0.686,0.894,22635740,High
5450,Commercial,Rural,16637,2,Hybrid,Strip,0.556,1.774,1.941,8.89,190911,18,18.39,0.264,3,0.821,0.152,0.62,23507893,High
5451,Industrial,Semi-Urban,19672,7,Hybrid,Raft,0.734,1.747,1.133,6.06,34792,25,20.23,0.629,6,0.221,0.489,0.729,33923661,High
5452,Commercial,Urban,4208,5,Hybrid,Strip,0.584,1.725,1.616,3.23,127725,22,34.69,0.142,32,0.271,0.276,0.941,5985989,Low
5453,Residential,Rural,2269,10,Steel,Raft,0.521,1.351,1.825,4.59,94886,4,30.85,0.947,56,0.947,0.135,0.659,2662144,Low
5454,Industrial,Urban,10010,6,Steel,Raft,0.669,1.675,2.385,8.5,170134,6,17.41,0.184,11,0.853,0.131,0.518,28905932,High
5455,Industrial,Semi-Urban,14726,11,Steel,Strip,0.575,1.265,1.088,8.77,91145,7,38.99,0.774,32,0.902,0.251,0.945,18495666,Medium
5456,Industrial,Semi-Urban,16134,14,Steel,Pile,0.817,0.921,1.676,7.37,121236,10,34.06,0.345,45,0.551,0.491,0.747,32576214,High
5457,Commercial,Urban,7231,6,RCC,Raft,0.837,1.272,1.068,3.34,191103,8,28.82,0.216,23,0.773,0.61,0.749,11644779,Medium
5458,Commercial,Urban,11465,14,Steel,Pile,0.574,0.99,1.555,3.14,182071,4,23.57,0.809,37,0.999,0.816,0.776,19406140,Medium
5459,Residential,Rural,19928,14,RCC,Strip,0.512,1.269,1.14,5.88,183356,9,17.35,0.888,0,0.546,0.647,0.59,11403613,Medium
5460,Commercial,Semi-Urban,875,12,Hybrid,Strip,0.896,1.157,2.222,9.0,114551,6,23.96,0.006,54,0.877,0.568,0.857,2664359,Low
5461,Commercial,Semi-Urban,16017,14,RCC,Strip,0.501,1.519,1.233,8.22,68724,17,23.08,0.974,33,0.263,0.133,0.616,11246383,Medium
5462,Residential,Semi-Urban,19920,11,RCC,Strip,0.672,1.234,1.509,8.6,157063,19,16.96,0.422,16,0.635,0.368,0.651,18658140,Medium
5463,Industrial,Urban,6718,6,RCC,Raft,0.747,1.647,1.493,6.74,8009,14,34.59,0.096,39,0.467,0.723,0.816,13285392,Medium
5464,Industrial,Rural,17624,10,Steel,Raft,0.909,1.415,2.273,8.15,108861,1,25.38,0.453,49,0.618,0.343,0.875,47945372,High
5465,Residential,Urban,8995,12,Steel,Pile,0.919,1.903,2.088,4.92,13416,6,37.24,0.119,56,0.291,0.635,0.865,26313048,High
5466,Industrial,Urban,1585,8,Hybrid,Pile,0.862,0.909,0.898,3.16,40018,22,18.95,0.259,21,0.494,0.644,0.542,3256473,Low
5467,Commercial,Urban,13573,10,Steel,Raft,0.624,1.625,0.914,8.51,65246,7,22.94,0.558,48,0.261,0.375,0.877,17458807,Medium
5468,Residential,Rural,11871,4,RCC,Strip,0.86,1.607,1.737,4.31,29295,1,21.98,0.359,47,0.562,0.614,0.831,16486530,Medium
5469,Residential,Urban,18094,10,Steel,Pile,0.623,1.941,1.527,7.37,144399,17,36.63,0.228,26,0.553,0.203,0.803,29610772,High
5470,Residential,Semi-Urban,11726,8,Steel,Raft,0.607,1.246,1.268,6.95,131755,21,27.69,0.196,14,0.464,0.754,0.983,11930061,Medium
5471,Industrial,Semi-Urban,10546,9,RCC,Pile,0.774,1.167,2.147,3.95,108456,21,18.55,0.637,14,0.959,0.12,0.673,21121984,Medium
5472,Residential,Semi-Urban,17151,13,Hybrid,Raft,0.839,1.007,1.019,4.17,178084,17,23.94,0.91,55,0.266,0.132,0.842,19221283,Medium
5473,Residential,Rural,19658,13,Steel,Strip,0.527,1.118,2.456,4.97,194790,7,38.58,0.056,22,0.86,0.883,0.787,22077619,High
5474,Residential,Urban,11541,4,Hybrid,Raft,0.53,1.402,0.841,7.54,122725,14,28.79,0.244,11,0.484,0.622,0.694,11335757,Medium
5475,Industrial,Rural,4849,1,RCC,Pile,0.892,1.805,1.001,3.24,30927,7,15.92,0.665,26,0.359,0.247,0.894,7971132,Low
5476,Commercial,Urban,5465,3,Steel,Raft,0.93,1.141,1.329,5.44,44356,22,16.45,0.987,48,0.418,0.641,0.702,11057362,Low
5477,Residential,Semi-Urban,13992,1,Hybrid,Pile,0.802,0.989,1.666,6.99,55545,13,20.89,0.681,55,0.922,0.433,0.779,25340512,High
5478,Commercial,Urban,13836,7,Hybrid,Pile,0.714,1.127,1.167,4.03,21310,23,30.53,0.053,49,0.86,0.343,0.78,26288421,High
5479,Industrial,Urban,17873,12,RCC,Pile,0.923,0.921,2.052,3.72,127547,28,21.13,0.179,39,0.213,0.83,0.756,40632481,High
5480,Industrial,Urban,13184,1,Steel,Strip,0.864,1.912,1.408,5.34,70906,22,36.25,0.348,8,0.318,0.53,0.729,30343173,High
5481,Industrial,Rural,17821,11,Hybrid,Strip,0.79,1.847,0.866,4.72,154115,26,30.74,0.157,46,0.74,0.364,0.584,28300534,High
5482,Industrial,Urban,7154,4,Hybrid,Raft,0.66,1.17,2.292,6.89,57595,18,22.52,0.182,44,0.454,0.949,0.62,18546236,Medium
5483,Commercial,Urban,7842,13,Hybrid,Raft,0.599,1.096,2.405,8.82,55428,21,24.85,0.274,28,0.935,0.249,0.562,16655433,Medium
5484,Residential,Urban,2858,14,Hybrid,Pile,0.709,1.886,1.852,3.03,142701,7,24.38,0.373,36,0.829,0.228,0.862,7225736,Low
5485,Industrial,Rural,6860,1,Hybrid,Strip,0.643,0.802,2.171,8.41,197358,2,22.85,0.392,20,0.9,0.188,0.872,10339418,Low
5486,Industrial,Rural,4243,13,Hybrid,Raft,0.67,1.521,1.006,5.6,199817,21,30.75,0.499,54,0.354,0.212,0.819,6138131,Low
5487,Commercial,Rural,7659,13,Hybrid,Raft,0.758,1.899,1.257,6.98,113982,19,20.04,0.928,0,0.321,0.328,0.959,11987050,Medium
5488,Commercial,Urban,1018,2,Hybrid,Strip,0.585,1.41,1.353,8.11,146329,14,22.3,0.993,52,0.946,0.729,0.632,2140247,Low
5489,Industrial,Semi-Urban,17152,11,Hybrid,Pile,0.903,0.804,2.433,6.44,128098,25,17.13,0.02,11,0.523,0.705,0.911,49218120,High
5490,Residential,Semi-Urban,13425,14,Hybrid,Raft,0.573,1.063,1.671,3.58,99719,26,24.4,0.494,0,0.533,0.787,0.593,15415772,Medium
5491,Residential,Semi-Urban,15310,1,Steel,Pile,0.74,1.907,0.813,3.84,96313,1,16.61,0.752,26,0.748,0.618,0.534,22424282,High
5492,Industrial,Urban,16739,13,RCC,Strip,0.873,0.82,1.446,7.74,185432,16,15.45,0.073,23,0.518,0.543,0.5,24866936,High
5493,Commercial,Semi-Urban,5975,5,RCC,Strip,0.743,1.274,0.813,4.37,96948,7,31.15,0.941,23,0.9,0.489,0.79,6077495,Low
5494,Industrial,Semi-Urban,4685,7,RCC,Raft,0.681,1.748,1.204,6.41,150934,26,19.06,0.938,48,0.967,0.887,0.889,8434142,Low
5495,Industrial,Semi-Urban,5661,3,Hybrid,Raft,0.737,1.806,1.573,5.57,52338,16,15.88,0.208,33,0.466,0.409,0.911,12247272,Medium
5496,Commercial,Urban,10080,14,RCC,Strip,0.924,1.373,1.35,4.82,172046,20,16.71,0.786,38,0.366,0.902,0.735,16750724,Medium
5497,Industrial,Semi-Urban,10386,8,Hybrid,Pile,0.995,1.079,0.856,7.72,34904,12,19.98,0.581,54,0.26,0.348,0.529,19094805,Medium
5498,Industrial,Semi-Urban,11965,14,Steel,Pile,0.816,1.52,0.998,7.39,131618,5,33.02,0.034,59,0.371,0.242,0.518,22404683,High
5499,Industrial,Urban,11721,5,RCC,Strip,0.897,1.117,1.737,6.88,115119,17,15.3,0.297,56,0.312,0.33,0.959,19976521,Medium
5500,Commercial,Rural,2835,5,Steel,Raft,0.507,1.106,1.983,5.24,87192,21,33.16,0.263,34,0.223,0.549,0.546,2793596,Low
5501,Residential,Semi-Urban,4174,13,Steel,Strip,0.94,1.769,1.488,4.36,28711,27,29.93,0.88,49,0.237,0.933,0.892,7243186,Low
5502,Residential,Rural,5076,5,Hybrid,Raft,0.977,0.985,2.044,6.1,44055,24,27.85,0.898,45,0.607,0.26,0.535,8608501,Low
5503,Commercial,Semi-Urban,15472,8,RCC,Pile,0.788,0.807,1.078,7.9,41347,13,37.73,0.034,9,0.766,0.622,0.592,19978692,Medium
5504,Residential,Urban,1000,2,Steel,Raft,0.877,1.204,1.007,6.45,114277,14,35.74,0.741,23,0.987,0.296,0.581,1786045,Low
5505,Industrial,Rural,8583,2,RCC,Pile,0.756,1.389,2.227,8.82,12501,22,25.47,0.12,26,0.325,0.71,0.639,17378532,Medium
5506,Residential,Rural,8794,14,Steel,Strip,0.643,1.646,1.377,3.09,46461,29,15.17,0.791,6,0.759,0.519,0.703,8972791,Low
5507,Industrial,Rural,16220,12,Steel,Raft,0.926,1.737,1.535,8.99,159043,16,32.76,0.846,13,0.643,0.76,0.562,40262696,High
5508,Residential,Rural,6043,8,Hybrid,Pile,0.798,1.596,2.411,7.15,74361,13,16.19,0.059,34,0.583,0.87,0.987,14513010,Medium
5509,Commercial,Semi-Urban,19630,9,RCC,Raft,0.79,1.552,1.521,8.0,80601,18,21.95,0.326,42,0.777,0.401,0.501,33174497,High
5510,Residential,Semi-Urban,3776,11,Hybrid,Pile,0.83,1.599,0.806,5.01,106368,18,27.33,0.38,14,0.391,0.944,0.886,6038902,Low
5511,Residential,Rural,19969,12,Hybrid,Pile,0.928,1.126,2.395,6.05,139223,27,17.48,0.955,50,0.449,0.522,0.763,41863851,High
5512,Residential,Semi-Urban,7113,10,Hybrid,Strip,0.866,1.259,0.824,7.78,13143,9,31.98,0.371,54,0.508,0.943,0.543,9689642,Low
5513,Commercial,Rural,12229,10,Hybrid,Strip,0.606,1.54,1.926,7.56,18465,28,23.03,0.256,43,0.346,0.308,0.56,15274249,Medium
5514,Residential,Rural,1827,2,Hybrid,Raft,0.733,0.879,1.349,5.0,199738,1,24.04,0.62,31,0.583,0.907,0.795,2494992,Low
5515,Commercial,Urban,8272,4,Steel,Pile,0.99,1.154,1.6,4.95,22733,28,31.21,0.159,58,0.305,0.4,0.658,20038074,Medium
5516,Industrial,Rural,11166,8,RCC,Strip,0.777,1.288,1.73,6.98,135886,2,24.96,0.625,36,0.455,0.776,0.725,16611191,Medium
5517,Residential,Semi-Urban,16789,2,RCC,Raft,0.969,1.44,1.494,8.6,13200,8,20.61,0.459,8,0.291,0.971,0.775,26363260,High
5518,Commercial,Rural,19446,4,Hybrid,Strip,0.907,1.384,2.116,5.63,58439,13,19.42,0.731,57,0.229,0.921,0.787,39710389,High
5519,Commercial,Urban,19320,10,RCC,Raft,0.833,1.662,2.382,5.12,178145,6,33.1,0.579,38,0.484,0.517,0.791,45419793,High
5520,Residential,Semi-Urban,6269,13,Steel,Strip,0.675,1.368,0.947,8.37,36745,19,33.76,0.177,46,0.694,0.41,0.535,5920874,Low
5521,Industrial,Urban,14163,13,Hybrid,Strip,0.652,1.885,2.16,7.1,180523,19,19.89,0.937,32,0.322,0.651,0.87,35574928,High
5522,Commercial,Urban,6418,1,Steel,Pile,0.822,1.256,1.019,5.33,20285,27,22.98,0.449,32,0.995,0.735,0.647,13771380,Medium
5523,Residential,Rural,17973,2,Steel,Pile,0.716,1.43,0.936,3.34,65820,25,38.92,0.745,37,0.419,0.586,0.557,18509069,Medium
5524,Industrial,Urban,5055,7,Hybrid,Strip,0.899,0.804,2.425,7.33,173427,2,39.61,0.532,31,0.218,0.864,0.551,13907148,Medium
5525,Commercial,Urban,2894,1,Steel,Pile,0.88,1.173,1.632,5.12,12874,10,29.63,0.865,20,0.222,0.152,0.619,5744900,Low
5526,Commercial,Semi-Urban,1166,12,Hybrid,Strip,0.656,1.84,1.059,3.42,28307,5,33.92,0.337,4,0.733,0.64,0.814,1781036,Low
5527,Industrial,Urban,12855,1,Steel,Raft,0.851,1.2,1.769,6.67,126799,23,33.71,0.639,42,0.736,0.573,0.736,33795721,High
5528,Industrial,Rural,2734,2,RCC,Strip,0.747,1.104,1.248,4.94,12161,22,24.89,0.079,10,0.922,0.135,0.554,2872658,Low
5529,Residential,Rural,6835,4,RCC,Strip,0.662,1.452,1.589,5.03,87596,1,16.21,0.078,28,0.273,0.111,0.516,5590146,Low
5530,Residential,Rural,18120,7,RCC,Raft,0.706,0.894,1.862,5.88,73308,13,33.52,0.844,59,0.501,0.646,0.512,17629865,Medium
5531,Commercial,Urban,18507,4,Hybrid,Raft,0.948,1.438,2.278,7.3,84780,12,18.39,0.818,45,0.911,0.206,0.711,66475366,High
5532,Industrial,Semi-Urban,18258,5,Steel,Pile,0.68,1.164,0.805,4.66,39151,10,22.26,0.359,7,0.838,0.792,0.894,29355664,High
5533,Industrial,Rural,12003,4,Steel,Raft,0.644,1.26,1.164,3.49,47600,3,22.89,0.676,26,0.387,0.954,0.787,14509504,Medium
5534,Industrial,Urban,6859,4,RCC,Pile,0.676,1.75,0.964,5.55,127068,15,23.73,0.829,55,0.912,0.26,0.905,12518530,Medium
5535,Commercial,Rural,17060,9,RCC,Strip,0.607,1.594,0.965,3.33,197665,5,26.64,0.144,45,0.745,0.819,0.66,15759480,Medium
5536,Industrial,Rural,14376,6,Hybrid,Raft,0.772,1.335,2.408,7.18,119391,28,27.54,0.985,40,0.411,0.632,0.57,32614592,High
5537,Industrial,Semi-Urban,3428,12,Hybrid,Strip,0.574,1.493,2.391,8.76,38837,19,27.09,0.886,42,0.236,0.503,0.902,6183648,Low
5538,Commercial,Rural,8117,3,Steel,Pile,0.909,1.72,2.074,6.95,156732,19,19.07,0.691,42,0.598,0.685,0.864,21937666,High
5539,Residential,Semi-Urban,8114,6,Hybrid,Raft,0.613,1.695,1.893,4.65,178627,21,31.22,0.543,51,0.77,0.822,0.795,14378352,Medium
5540,Residential,Urban,4774,13,Hybrid,Pile,0.799,1.022,2.242,4.09,180859,29,34.76,0.895,52,0.415,0.974,0.944,11435083,Medium
5541,Commercial,Rural,5471,7,Hybrid,Pile,0.563,1.161,0.899,4.4,13538,13,26.54,0.739,47,0.335,0.694,0.815,5632273,Low
5542,Industrial,Urban,8889,7,RCC,Raft,0.989,1.218,1.003,4.33,109893,8,35.96,0.585,11,0.26,0.772,0.763,15185175,Medium
5543,Commercial,Urban,17852,8,RCC,Raft,0.727,1.025,1.339,4.88,22212,26,26.11,0.892,6,0.874,0.647,0.751,24353778,High
5544,Residential,Urban,3004,13,Steel,Pile,0.911,0.815,2.215,3.58,195045,8,29.21,0.211,34,0.244,0.609,0.809,6324868,Low
5545,Residential,Rural,6506,4,Hybrid,Raft,0.884,1.009,1.603,8.37,196617,24,16.74,0.244,43,0.688,0.158,0.758,9594895,Low
5546,Commercial,Semi-Urban,8443,1,RCC,Pile,0.857,1.77,1.656,8.31,23070,6,18.67,0.93,5,0.811,0.24,0.636,17342181,Medium
5547,Commercial,Rural,18153,6,Hybrid,Strip,0.914,1.455,1.19,6.69,150206,9,34.18,0.067,18,0.824,0.441,0.977,33470701,High
5548,Residential,Urban,18248,8,Steel,Strip,0.55,1.21,1.902,3.37,124035,14,21.23,0.046,35,0.723,0.685,0.979,21567787,Medium
5549,Commercial,Semi-Urban,1423,5,Hybrid,Raft,0.839,1.53,2.309,7.82,112971,5,17.34,0.792,41,0.722,0.168,0.583,4113285,Low
5550,Residential,Urban,17354,13,Steel,Raft,0.633,1.688,1.36,3.37,7698,16,29.21,0.414,39,0.579,0.59,0.765,25029992,High
5551,Commercial,Semi-Urban,10746,3,Steel,Strip,0.893,1.225,1.853,3.64,60203,14,17.36,0.916,41,0.533,0.112,0.895,17713273,Medium
5552,Commercial,Rural,12975,4,RCC,Pile,0.978,1.359,1.364,4.95,28011,10,32.1,0.301,15,0.31,0.789,0.527,21420266,Medium
5553,Commercial,Semi-Urban,19838,8,Hybrid,Pile,0.951,0.877,2.148,5.59,35478,23,32.23,0.287,10,0.628,0.7,0.562,53290171,High
5554,Residential,Rural,18032,6,RCC,Pile,0.557,1.517,1.607,5.12,107210,17,26.33,0.957,35,0.257,0.569,0.772,16501261,Medium
5555,Commercial,Urban,3586,13,Hybrid,Raft,0.685,1.228,1.377,3.99,185847,16,32.14,0.554,58,0.575,0.614,0.514,7047680,Low
5556,Residential,Semi-Urban,15360,13,Hybrid,Pile,0.682,1.32,1.514,3.67,119845,20,34.98,0.614,27,0.785,0.939,0.916,26255366,High
5557,Residential,Urban,17513,5,Steel,Raft,0.561,1.307,0.955,8.16,128448,17,19.94,0.898,44,0.554,0.916,0.937,18687300,Medium
5558,Commercial,Semi-Urban,7907,13,Steel,Raft,0.549,1.559,2.272,5.18,43589,16,31.24,0.381,59,0.607,0.813,0.868,14020701,Medium
5559,Commercial,Rural,1274,9,Hybrid,Raft,0.692,1.487,2.429,4.31,181086,10,32.31,0.248,51,0.874,0.403,0.911,3085500,Low
5560,Residential,Semi-Urban,9209,10,RCC,Strip,0.996,1.307,1.612,5.92,115400,18,19.86,0.571,22,0.717,0.197,0.836,12979432,Medium
5561,Residential,Semi-Urban,16811,3,Steel,Pile,0.784,0.82,1.176,3.22,135048,6,33.17,0.41,34,0.302,0.389,0.571,17367170,Medium
5562,Industrial,Rural,1843,7,Steel,Raft,0.811,1.545,1.93,6.6,82832,17,32.99,0.164,59,0.634,0.777,0.515,4708218,Low
5563,Residential,Rural,10661,9,Hybrid,Pile,0.736,1.855,1.569,4.49,58756,9,18.93,0.119,34,0.492,0.65,0.924,18886059,Medium
5564,Industrial,Rural,11919,11,Hybrid,Strip,0.831,1.723,1.229,6.59,58791,22,22.94,0.725,58,0.365,0.735,0.854,22035480,High
5565,Industrial,Semi-Urban,8297,13,Steel,Pile,0.978,1.978,0.865,6.68,48820,8,38.53,0.034,16,0.718,0.195,0.699,21547517,Medium
5566,Industrial,Urban,19783,11,RCC,Strip,0.794,0.967,2.312,7.86,41958,26,16.78,0.528,38,0.509,0.243,0.898,31170562,High
5567,Commercial,Semi-Urban,1434,12,Steel,Raft,0.533,1.067,2.154,4.38,167488,26,20.72,0.33,42,0.814,0.698,0.527,2352692,Low
5568,Commercial,Semi-Urban,2486,4,Hybrid,Raft,0.746,1.447,2.209,5.78,47260,8,29.47,0.151,3,0.669,0.435,0.66,5949648,Low
5569,Residential,Urban,14516,10,Steel,Strip,0.996,1.083,1.548,8.77,158110,12,39.22,0.891,47,0.283,0.432,0.671,23789700,High
5570,Industrial,Rural,5965,10,Hybrid,Raft,0.694,0.841,2.081,7.36,42836,18,21.43,0.741,6,0.48,0.453,0.552,9602872,Low
5571,Commercial,Semi-Urban,10466,3,Steel,Pile,0.797,1.283,1.788,8.85,122657,2,35.42,0.773,47,0.416,0.816,0.871,24392114,High
5572,Commercial,Urban,16221,1,Hybrid,Pile,0.553,1.145,1.437,8.56,57184,3,24.18,0.436,17,0.32,0.729,0.889,25768652,High
5573,Commercial,Rural,2005,9,Hybrid,Strip,0.571,1.117,2.233,6.66,173052,27,23.81,0.648,52,0.84,0.195,0.792,3001851,Low
5574,Commercial,Rural,5863,13,RCC,Pile,0.937,1.944,2.498,4.58,88399,24,39.9,0.091,43,0.503,0.41,0.709,15816579,Medium
5575,Commercial,Semi-Urban,16440,1,Hybrid,Raft,0.65,1.086,2.329,7.54,124143,11,35.43,0.139,22,0.691,0.706,0.804,32928641,High
5576,Industrial,Rural,11346,2,Steel,Raft,0.653,0.955,2.12,7.19,190373,24,21.21,0.323,59,0.906,0.979,0.949,20007304,Medium
5577,Industrial,Rural,1510,9,Hybrid,Raft,0.694,0.95,2.071,6.53,131834,21,19.64,0.458,27,0.634,0.921,0.679,2879386,Low
5578,Industrial,Urban,15424,5,Steel,Pile,0.983,1.768,1.905,7.19,95185,13,17.1,0.094,40,0.406,0.323,0.667,56612041,High
5579,Industrial,Urban,13982,4,RCC,Raft,0.542,1.658,2.251,6.68,157530,18,27.07,0.565,41,0.833,0.159,0.811,25976924,High
5580,Residential,Rural,9869,9,Steel,Pile,0.909,0.955,1.638,6.12,58055,11,23.36,0.24,35,0.549,0.616,0.842,15121612,Medium
5581,Industrial,Urban,4357,9,RCC,Strip,0.671,1.064,1.109,5.5,71978,14,24.52,0.775,37,0.651,0.466,0.729,5364962,Low
5582,Commercial,Rural,10364,2,RCC,Raft,0.925,1.697,2.106,3.27,42670,20,25.79,0.0,18,0.922,0.265,0.93,21752228,High
5583,Industrial,Semi-Urban,10620,3,Hybrid,Strip,0.996,1.13,2.363,8.19,82622,4,39.78,0.866,49,0.591,0.686,0.676,34043236,High
5584,Residential,Urban,11870,12,RCC,Pile,0.674,1.978,1.38,8.19,98925,23,15.07,0.733,57,0.468,0.244,0.82,17286445,Medium
5585,Commercial,Rural,3053,3,Steel,Pile,0.565,1.449,2.131,6.56,129166,4,25.65,0.546,43,0.782,0.416,0.834,5468564,Low
5586,Industrial,Rural,15989,5,RCC,Strip,0.572,1.03,1.265,4.61,184645,10,16.62,0.738,58,0.307,0.815,0.647,12884120,Medium
5587,Industrial,Urban,4889,13,RCC,Raft,0.879,1.831,2.402,3.17,169390,22,31.83,0.365,49,0.931,0.716,0.509,18097285,Medium
5588,Industrial,Urban,17435,3,Hybrid,Raft,0.572,1.183,1.962,3.01,146715,27,16.26,0.163,20,0.932,0.646,0.913,34444139,High
5589,Commercial,Semi-Urban,11589,10,Steel,Raft,0.63,1.147,1.768,3.44,131391,2,34.17,0.009,34,0.664,0.938,0.741,17834472,Medium
5590,Commercial,Rural,9731,6,RCC,Strip,0.602,1.193,2.126,5.16,96999,18,36.69,0.549,49,0.323,0.213,0.548,9132212,Low
5591,Residential,Semi-Urban,3551,2,Hybrid,Pile,0.678,1.722,2.182,4.13,134729,28,39.27,0.292,1,0.562,0.722,0.979,7795607,Low
5592,Commercial,Semi-Urban,5822,6,Hybrid,Strip,0.537,1.008,2.317,4.59,146454,11,18.02,0.213,50,0.539,0.206,0.648,7434535,Low
5593,Commercial,Semi-Urban,12289,6,Steel,Pile,0.928,1.258,2.332,7.2,149276,5,39.47,0.867,16,0.439,0.223,0.737,31780031,High
5594,Industrial,Urban,3055,2,Hybrid,Raft,0.93,0.837,0.89,8.75,33878,17,25.31,0.725,10,0.34,0.556,0.742,5813166,Low
5595,Commercial,Semi-Urban,17973,6,RCC,Raft,0.706,1.792,1.009,4.24,81321,2,30.81,0.99,12,0.411,0.122,0.685,20843689,Medium
5596,Industrial,Urban,13267,6,Hybrid,Pile,0.806,1.209,2.204,5.79,160426,3,15.0,0.662,55,0.644,0.551,0.576,45225334,High
5597,Industrial,Urban,958,6,Steel,Raft,0.821,1.098,2.408,8.95,117498,25,24.26,0.895,40,0.749,0.109,0.852,2928168,Low
5598,Commercial,Semi-Urban,16201,12,Steel,Strip,0.875,1.496,1.323,8.59,92300,25,23.82,0.118,27,0.984,0.642,0.598,32659601,High
5599,Residential,Semi-Urban,16566,13,Hybrid,Pile,0.76,1.646,0.815,5.11,71642,7,27.6,0.723,16,0.373,0.381,0.841,23646697,High
5600,Residential,Rural,5221,14,RCC,Raft,0.755,1.775,1.349,4.92,134286,29,18.31,0.086,44,0.363,0.175,0.901,5519100,Low
5601,Commercial,Semi-Urban,12946,5,Hybrid,Raft,0.816,1.217,1.451,4.45,185020,21,32.25,0.095,52,0.294,0.803,0.512,22867272,High
5602,Residential,Rural,6804,7,Steel,Raft,0.852,1.775,2.094,3.93,21109,2,29.89,0.858,23,0.951,0.451,0.866,14303898,Medium
5603,Industrial,Semi-Urban,14065,13,Hybrid,Raft,0.673,1.358,0.881,5.76,154675,2,20.31,0.36,44,0.505,0.5,0.819,21209282,Medium
5604,Industrial,Semi-Urban,10699,12,Hybrid,Pile,0.665,0.921,1.161,5.05,152817,8,39.59,0.316,33,0.939,0.437,0.598,18124273,Medium
5605,Commercial,Semi-Urban,2420,5,RCC,Pile,0.635,1.816,2.32,7.47,99249,16,15.14,0.184,48,0.912,0.175,0.81,5222584,Low
5606,Residential,Semi-Urban,13727,11,Hybrid,Raft,0.774,1.457,1.063,4.42,47723,3,23.4,0.485,36,0.235,0.514,0.71,16818183,Medium
5607,Residential,Rural,8194,1,RCC,Strip,0.68,1.523,2.091,7.42,68237,23,21.54,0.204,13,0.424,0.699,0.542,9028874,Low
5608,Industrial,Rural,6798,12,Hybrid,Strip,0.77,1.925,1.414,4.73,148491,29,29.0,0.538,48,0.442,0.913,0.762,12997093,Medium
5609,Commercial,Semi-Urban,7129,9,Hybrid,Strip,0.703,1.471,1.927,6.56,94540,22,37.21,0.66,5,0.422,0.787,0.987,12591279,Medium
5610,Residential,Semi-Urban,13219,3,RCC,Strip,0.918,0.807,0.926,6.83,73493,29,31.44,0.655,40,0.54,0.171,0.824,10374237,Low
5611,Commercial,Rural,5646,2,RCC,Pile,0.537,1.845,1.287,7.03,195888,6,16.19,0.365,55,0.599,0.249,0.665,6923885,Low
5612,Residential,Urban,17887,10,Steel,Pile,0.786,1.142,1.522,4.05,85480,19,36.58,0.704,43,0.807,0.14,0.782,29590420,High
5613,Industrial,Urban,19967,6,RCC,Strip,0.788,1.402,2.257,4.7,194492,22,21.63,0.266,21,0.414,0.207,0.869,36738986,High
5614,Industrial,Urban,10806,8,Hybrid,Pile,0.692,1.046,1.758,4.48,118428,13,17.76,0.808,19,0.439,0.532,0.578,23787951,High
5615,Commercial,Rural,3089,2,Steel,Strip,0.711,1.156,0.877,6.46,80148,4,25.81,0.0,22,0.679,0.298,0.764,3269070,Low
5616,Industrial,Rural,4810,4,RCC,Raft,0.9,1.624,2.163,3.45,102678,17,37.47,0.967,43,0.343,0.683,0.753,9461135,Low
5617,Residential,Urban,2741,2,RCC,Raft,0.64,1.315,0.893,6.11,34678,28,15.86,0.434,31,0.579,0.129,0.688,2365510,Low
5618,Industrial,Urban,14101,12,Steel,Strip,0.936,1.553,2.388,3.52,18484,24,30.64,0.334,21,0.401,0.872,0.874,47917744,High
5619,Commercial,Semi-Urban,8211,12,Hybrid,Pile,0.948,1.788,1.16,5.02,176347,9,23.31,0.624,38,0.358,0.71,0.783,21408725,Medium
5620,Commercial,Rural,1438,9,Hybrid,Strip,0.825,1.209,1.629,7.12,81162,3,30.56,0.879,49,0.837,0.972,0.849,2979583,Low
5621,Commercial,Rural,4801,10,Steel,Pile,0.886,1.482,0.923,5.48,165400,27,21.66,0.353,22,0.766,0.958,0.798,9027884,Low
5622,Residential,Urban,4470,13,Hybrid,Raft,0.806,1.733,1.755,4.68,29208,1,39.18,0.07,57,0.4,0.724,0.89,10452798,Low
5623,Residential,Urban,4499,2,RCC,Pile,0.763,1.658,1.645,6.7,110939,1,17.85,0.354,19,0.532,0.242,0.817,8003958,Low
5624,Residential,Rural,3908,10,Hybrid,Strip,0.983,1.448,1.497,7.44,19099,17,18.95,0.005,36,0.323,0.3,0.839,6246846,Low
5625,Residential,Semi-Urban,14307,2,RCC,Raft,0.641,1.26,0.86,4.53,105099,25,16.14,0.185,42,0.243,0.35,0.613,9637339,Low
5626,Residential,Urban,9462,14,Hybrid,Raft,0.577,1.289,2.294,4.8,133330,26,34.87,0.052,45,0.668,0.484,0.923,15399573,Medium
5627,Industrial,Rural,17132,13,RCC,Pile,0.644,1.32,2.164,6.84,86422,13,17.35,0.388,38,0.491,0.614,0.578,28724046,High
5628,Residential,Rural,13885,5,Steel,Raft,0.807,1.219,1.876,8.79,148160,5,21.92,0.06,57,0.366,0.714,0.67,19946822,Medium
5629,Residential,Semi-Urban,6450,12,RCC,Raft,0.593,1.639,1.773,4.28,119092,19,20.14,0.984,42,0.292,0.168,0.945,6056170,Low
5630,Industrial,Semi-Urban,3426,5,Hybrid,Pile,0.954,0.95,1.981,6.93,120482,26,23.84,0.782,33,0.744,0.649,0.554,10137968,Low
5631,Residential,Urban,8475,12,RCC,Raft,0.706,1.961,1.045,8.44,139139,25,34.14,0.42,16,0.417,0.153,0.933,9501382,Low
5632,Commercial,Urban,7466,7,Hybrid,Strip,0.925,1.735,2.385,5.77,49247,10,38.75,0.79,14,0.926,0.844,0.738,28336407,High
5633,Residential,Urban,9633,1,Hybrid,Pile,0.625,1.158,1.284,4.9,63643,9,36.97,0.417,20,0.354,0.136,0.592,11469373,Medium
5634,Residential,Rural,7087,12,RCC,Pile,0.657,0.851,1.916,7.0,18390,6,36.03,0.647,57,0.395,0.451,0.869,6904973,Low
5635,Commercial,Urban,5591,2,Hybrid,Pile,0.53,1.654,1.831,3.19,179469,21,25.44,0.822,0,0.881,0.478,0.642,11379598,Medium
5636,Commercial,Rural,9485,11,Steel,Pile,0.629,1.681,1.882,5.16,135389,17,35.05,0.684,44,0.658,0.613,0.839,15549164,Medium
5637,Commercial,Urban,17561,11,Hybrid,Strip,0.745,1.956,2.294,4.55,120412,22,34.43,0.085,37,0.287,0.186,0.895,39880927,High
5638,Commercial,Semi-Urban,2061,6,Steel,Pile,0.973,1.104,1.303,4.35,117535,21,21.19,0.043,33,0.64,0.94,0.785,4685150,Low
5639,Residential,Semi-Urban,9144,2,Steel,Strip,0.694,0.899,2.073,4.08,22616,25,21.56,0.57,28,0.447,0.445,0.893,9436228,Low
5640,Commercial,Rural,15285,4,Hybrid,Pile,0.82,1.898,1.817,7.42,196633,7,27.47,0.196,1,0.79,0.457,0.968,44760549,High
5641,Commercial,Semi-Urban,4156,10,Steel,Pile,0.714,1.11,0.929,8.73,96702,16,39.09,0.984,19,0.262,0.319,0.775,4955221,Low
5642,Industrial,Rural,16639,6,Steel,Raft,0.523,1.666,1.504,5.31,94438,19,17.7,0.016,41,0.934,0.803,0.576,25382337,High
5643,Commercial,Rural,709,13,RCC,Raft,0.752,0.873,2.225,3.29,136611,5,39.71,0.749,49,0.583,0.107,0.855,1257639,Low
5644,Commercial,Semi-Urban,5483,12,Steel,Strip,0.533,1.713,1.336,7.31,175839,22,18.97,0.042,56,0.787,0.196,0.705,6520796,Low
5645,Industrial,Rural,7641,7,Steel,Raft,0.942,0.952,1.62,6.23,47656,27,27.14,0.611,43,0.764,0.524,0.766,14614698,Medium
5646,Industrial,Semi-Urban,10618,10,Steel,Pile,0.877,1.635,1.631,7.34,25978,18,22.6,0.42,50,0.343,0.971,0.813,29737892,High
5647,Residential,Urban,16761,5,Steel,Strip,0.689,1.439,1.851,6.89,48997,7,25.49,0.633,12,0.904,0.132,0.859,25250981,High
5648,Industrial,Urban,4466,8,Steel,Raft,0.82,1.947,2.303,8.43,72955,25,38.95,0.762,7,0.386,0.156,0.82,14001204,Medium
5649,Residential,Semi-Urban,10569,6,Hybrid,Pile,0.556,0.844,1.095,3.84,6188,26,30.8,0.033,22,0.352,0.743,0.616,8887640,Low
5650,Industrial,Semi-Urban,9318,5,Steel,Raft,0.851,1.15,1.658,4.01,44308,25,22.44,0.521,58,0.617,0.762,0.874,19122530,Medium
5651,Industrial,Semi-Urban,11418,4,Hybrid,Raft,0.911,0.883,1.521,5.05,199831,5,30.71,0.942,47,0.988,0.907,0.904,30073942,High
5652,Residential,Semi-Urban,10150,6,Hybrid,Raft,0.911,1.855,1.303,5.95,176434,8,26.3,0.218,10,0.451,0.619,0.519,20605608,Medium
5653,Industrial,Urban,19708,6,Hybrid,Raft,0.642,1.513,2.363,8.55,62393,9,38.58,0.077,22,0.972,0.463,0.654,59964796,High
5654,Residential,Rural,1750,6,RCC,Pile,0.632,1.442,0.814,8.44,180628,22,23.82,0.771,51,0.548,0.506,0.989,1839414,Low
5655,Industrial,Rural,5258,1,RCC,Raft,0.761,0.958,1.008,8.23,21454,28,29.61,0.741,35,0.868,0.488,0.589,6047255,Low
5656,Commercial,Urban,4863,6,Hybrid,Strip,0.984,1.387,2.047,4.34,46451,20,36.24,0.39,27,0.624,0.976,0.591,14792509,Medium
5657,Industrial,Rural,2663,1,RCC,Strip,0.96,1.278,1.248,7.38,185697,4,38.97,0.83,16,0.364,0.442,0.796,3946036,Low
5658,Residential,Urban,10315,5,Steel,Raft,0.68,1.179,2.029,5.3,125008,3,34.98,0.544,7,0.904,0.186,0.669,16735175,Medium
5659,Industrial,Rural,2353,7,Hybrid,Strip,0.89,1.727,2.215,8.59,86698,12,38.39,0.475,0,0.258,0.361,0.829,5641388,Low
5660,Residential,Semi-Urban,17637,1,Hybrid,Raft,0.961,0.874,1.233,4.29,17311,9,26.59,0.822,28,0.746,0.964,0.631,27972290,High
5661,Residential,Semi-Urban,2368,13,Hybrid,Pile,0.63,1.576,1.126,3.85,167784,10,34.11,0.098,51,0.865,0.485,0.713,3775461,Low
5662,Commercial,Semi-Urban,17065,1,RCC,Pile,0.915,1.788,1.047,8.05,46428,11,17.37,0.224,2,0.866,0.384,0.999,34836394,High
5663,Commercial,Urban,18397,13,RCC,Strip,0.634,1.889,1.14,7.3,88380,16,29.85,0.444,12,0.724,0.38,0.687,23410245,High
5664,Residential,Urban,16068,13,RCC,Strip,0.672,1.695,1.254,7.93,65844,29,15.34,0.085,32,0.401,0.108,0.543,16679340,Medium
5665,Industrial,Rural,9594,6,Steel,Raft,0.599,1.139,2.277,3.95,38796,11,21.5,0.996,22,0.625,0.67,0.871,15731309,Medium
5666,Residential,Rural,5738,7,RCC,Raft,0.754,1.521,2.109,8.31,63187,22,31.64,0.314,22,0.704,0.752,0.794,8769800,Low
5667,Residential,Rural,7589,6,Hybrid,Raft,0.922,0.97,0.803,7.07,19725,8,19.29,0.948,33,0.912,0.418,0.722,9785043,Low
5668,Industrial,Urban,19440,5,RCC,Pile,0.764,0.94,2.286,6.91,122585,14,20.0,0.474,25,0.328,0.886,0.954,45320695,High
5669,Industrial,Rural,5780,6,RCC,Raft,0.562,1.566,0.934,6.5,157582,2,16.54,0.925,4,0.572,0.769,0.573,5785689,Low
5670,Industrial,Semi-Urban,4744,13,RCC,Pile,0.626,1.821,1.914,7.59,5722,4,33.68,0.44,7,0.467,0.641,0.745,8607560,Low
5671,Industrial,Rural,2664,14,RCC,Strip,0.781,0.881,1.058,5.49,184689,15,26.2,0.815,16,0.542,0.733,0.596,2804358,Low
5672,Residential,Semi-Urban,15649,3,Hybrid,Pile,0.792,0.927,0.906,3.8,188624,18,37.2,0.751,24,0.346,0.793,0.542,18879948,Medium
5673,Residential,Urban,14588,9,RCC,Strip,0.788,1.479,2.092,6.24,188535,11,24.06,0.947,22,0.374,0.574,0.721,22054053,High
5674,Commercial,Semi-Urban,18905,5,Hybrid,Pile,0.539,1.062,1.594,7.49,155330,27,25.88,0.637,54,0.816,0.458,0.974,27331410,High
5675,Residential,Semi-Urban,3321,2,RCC,Pile,0.877,1.534,1.818,3.92,129883,19,27.37,0.227,27,0.583,0.213,0.861,5888621,Low
5676,Industrial,Semi-Urban,10973,14,Steel,Raft,0.955,1.057,1.523,4.34,47697,18,36.52,0.542,33,0.611,0.464,0.617,23239508,High
5677,Commercial,Urban,14186,14,Steel,Strip,0.755,0.94,0.914,7.18,158705,9,22.3,0.146,7,0.918,0.595,0.731,19715071,Medium
5678,Industrial,Urban,10262,12,Hybrid,Pile,0.859,1.455,2.057,4.62,197551,25,16.29,0.335,42,0.392,0.953,0.899,36198373,High
5679,Residential,Urban,6469,10,Hybrid,Pile,0.957,1.835,2.195,4.02,179656,22,30.68,0.789,59,0.463,0.239,0.598,19909737,Medium
5680,Commercial,Urban,12678,10,Steel,Strip,0.821,1.622,0.87,8.34,11690,28,35.64,0.014,18,0.447,0.781,0.602,21428372,Medium
5681,Industrial,Rural,6668,7,Steel,Pile,0.837,1.782,1.439,3.97,144223,23,28.91,0.621,12,0.727,0.317,0.591,15237401,Medium
5682,Commercial,Urban,17597,3,RCC,Strip,0.861,1.12,1.747,5.06,110003,5,23.01,0.693,25,0.65,0.961,0.804,31441096,High
5683,Commercial,Semi-Urban,14596,1,Steel,Strip,0.63,1.863,1.829,5.57,112782,10,30.76,0.9,38,0.577,0.635,0.514,23725870,High
5684,Residential,Urban,7703,3,Hybrid,Strip,0.791,1.252,1.783,5.86,61598,17,39.78,0.756,50,0.734,0.49,0.794,13705670,Medium
5685,Industrial,Rural,4045,9,Hybrid,Pile,0.921,1.823,1.978,5.17,27871,20,29.35,0.403,5,0.587,0.412,0.913,12828067,Medium
5686,Commercial,Rural,1363,5,Steel,Pile,0.648,1.365,2.444,8.48,161435,13,22.88,0.766,12,0.853,0.282,0.891,2817225,Low
5687,Commercial,Rural,16648,7,Hybrid,Raft,0.949,1.121,1.464,6.95,96679,4,21.09,0.625,48,0.528,0.743,0.833,31656257,High
5688,Industrial,Semi-Urban,18309,3,RCC,Strip,0.81,1.112,1.746,5.16,160102,28,39.96,0.587,51,0.912,0.672,0.61,30009768,High
5689,Commercial,Urban,19188,4,RCC,Pile,0.712,1.481,1.988,5.15,170728,14,36.26,0.074,56,0.296,0.901,0.908,37957243,High
5690,Commercial,Urban,1153,1,Steel,Pile,0.812,0.895,1.807,6.02,160811,8,21.99,0.54,54,0.275,0.638,0.979,2852617,Low
5691,Commercial,Urban,8629,3,Hybrid,Strip,0.701,1.916,1.457,3.2,177433,21,21.56,0.867,22,0.725,0.253,0.592,17192677,Medium
5692,Industrial,Semi-Urban,943,7,Steel,Strip,0.919,1.126,1.861,8.56,154988,15,35.09,0.437,35,0.512,0.715,0.955,2403066,Low
5693,Industrial,Semi-Urban,5606,4,Hybrid,Strip,0.741,1.203,1.905,4.34,120360,3,39.81,0.704,57,0.565,0.891,0.926,11684819,Medium
5694,Industrial,Rural,4936,2,Hybrid,Raft,0.951,1.08,1.794,7.19,179916,17,26.64,0.904,42,0.757,0.991,0.99,13393082,Medium
5695,Industrial,Rural,19741,14,Hybrid,Raft,0.755,0.804,1.149,7.67,188377,15,20.68,0.534,16,0.372,0.717,0.66,26441512,High
5696,Residential,Urban,9972,5,RCC,Raft,0.83,1.631,1.66,7.96,87184,1,20.76,0.088,0,0.235,0.361,0.967,15821827,Medium
5697,Commercial,Semi-Urban,3539,5,Hybrid,Strip,0.999,1.509,2.303,3.99,137137,5,34.93,0.054,42,0.551,0.609,0.59,10454236,Low
5698,Industrial,Semi-Urban,8791,2,RCC,Pile,0.573,1.772,2.277,6.22,159590,8,30.13,0.798,50,0.916,0.563,0.588,19859568,Medium
5699,Commercial,Urban,10778,11,Hybrid,Strip,0.868,0.849,2.076,3.5,16646,9,30.84,0.033,12,0.561,0.561,0.553,22519882,High
5700,Commercial,Urban,16785,6,Steel,Pile,0.569,1.914,1.985,7.83,87126,26,19.86,0.999,27,0.658,0.171,0.714,36277594,High
5701,Residential,Rural,14444,10,RCC,Raft,0.919,1.197,1.061,5.92,99317,26,18.26,0.128,54,0.367,0.275,0.506,13296464,Medium
5702,Industrial,Rural,3237,4,RCC,Raft,0.798,1.896,1.581,3.95,59915,2,15.27,0.775,13,0.571,0.572,0.691,5743095,Low
5703,Industrial,Rural,2107,14,RCC,Raft,0.969,0.929,0.989,7.31,24885,5,37.88,0.868,47,0.585,0.818,0.813,3279414,Low
5704,Commercial,Urban,3453,1,Steel,Pile,0.933,1.693,2.189,4.99,141934,4,23.87,0.306,13,0.388,0.264,0.539,11645110,Medium
5705,Industrial,Urban,12673,3,RCC,Pile,0.537,1.495,1.295,3.69,142287,12,33.95,0.542,6,0.331,0.248,0.909,15921909,Medium
5706,Commercial,Rural,6433,14,Steel,Strip,0.569,1.23,2.104,5.77,198351,19,37.11,0.952,36,0.48,0.784,0.646,7919634,Low
5707,Commercial,Rural,11886,9,Hybrid,Strip,0.801,0.895,2.185,4.41,145923,27,29.96,0.955,40,0.231,0.721,0.523,17176437,Medium
5708,Residential,Semi-Urban,15721,10,Hybrid,Strip,0.759,1.526,2.317,8.7,171596,24,25.61,0.93,42,0.333,0.537,0.687,26525251,High
5709,Residential,Semi-Urban,5182,7,Steel,Raft,0.584,0.832,2.082,5.17,79006,2,15.97,0.275,17,0.785,0.145,0.569,5684175,Low
5710,Residential,Rural,15353,13,RCC,Strip,0.565,1.402,1.76,6.43,94194,16,23.43,0.06,40,0.719,0.525,0.898,12853100,Medium
5711,Commercial,Rural,11784,6,RCC,Raft,0.782,1.525,1.817,8.69,119102,2,23.04,0.103,8,0.45,0.851,0.667,18997400,Medium
5712,Industrial,Semi-Urban,11654,14,Steel,Pile,0.524,1.679,1.345,5.36,29206,21,29.16,0.142,37,0.641,0.11,0.559,17166292,Medium
5713,Residential,Rural,9547,1,Hybrid,Raft,0.937,1.99,1.101,5.15,177082,10,34.1,0.672,19,0.864,0.192,0.727,17210584,Medium
5714,Industrial,Semi-Urban,10838,9,Steel,Raft,0.904,1.112,1.022,3.97,92162,26,32.78,0.802,20,0.871,0.828,0.726,20357336,Medium
5715,Residential,Semi-Urban,14823,13,RCC,Raft,0.893,1.187,1.109,8.63,151993,10,36.75,0.05,37,0.724,0.573,0.638,19554216,Medium
5716,Residential,Semi-Urban,5425,9,RCC,Pile,0.508,1.209,2.388,7.8,124214,17,16.17,0.89,35,0.299,0.696,0.663,6058025,Low
5717,Commercial,Urban,6283,1,RCC,Pile,0.524,1.678,1.08,4.33,199386,12,30.13,0.747,24,0.33,0.771,0.884,7477188,Low
5718,Residential,Urban,12843,14,RCC,Strip,0.775,1.918,2.03,5.0,163246,7,19.73,0.53,42,0.433,0.37,0.819,21140792,Medium
5719,Residential,Rural,10417,13,Hybrid,Strip,0.997,1.969,1.114,8.49,46283,9,39.31,0.99,1,0.737,0.368,0.607,18717975,Medium
5720,Commercial,Semi-Urban,10645,13,Hybrid,Strip,0.671,1.935,2.458,6.22,125647,14,25.23,0.265,43,0.406,0.338,0.974,20662995,Medium
5721,Industrial,Urban,7223,6,Hybrid,Pile,0.672,1.855,1.423,6.34,105108,18,30.6,0.218,29,0.572,0.251,0.652,17970525,Medium
5722,Residential,Rural,17068,7,RCC,Pile,0.567,1.989,1.501,6.89,143917,10,23.79,0.335,7,0.86,0.374,0.767,19716811,Medium
5723,Commercial,Rural,17405,2,RCC,Pile,0.837,1.251,1.488,7.57,66987,16,20.5,0.527,24,0.913,0.958,0.786,31033957,High
5724,Residential,Rural,18132,10,RCC,Pile,0.823,1.938,2.188,8.64,88364,1,32.2,0.387,29,0.871,0.177,0.607,36665669,High
5725,Commercial,Rural,13849,8,Steel,Pile,0.551,1.713,1.171,7.81,20273,9,38.48,0.83,29,0.293,0.317,0.646,15964236,Medium
5726,Industrial,Rural,1502,8,RCC,Raft,0.734,1.002,2.213,8.61,83199,13,16.49,0.894,12,0.929,0.386,0.74,2600644,Low
5727,Industrial,Semi-Urban,6766,6,Hybrid,Strip,0.834,0.855,1.917,7.92,146420,29,35.63,0.967,30,0.747,0.238,0.628,12560734,Medium
5728,Commercial,Rural,11830,9,Hybrid,Raft,0.747,1.057,1.174,3.28,137850,16,23.54,0.818,31,0.695,0.17,0.653,14941627,Medium
5729,Commercial,Semi-Urban,15480,3,Hybrid,Strip,0.837,1.735,0.911,3.71,171378,16,18.02,0.608,35,0.398,0.246,0.807,22481137,High
5730,Commercial,Urban,7517,2,Steel,Raft,0.908,1.558,2.117,8.31,176643,2,32.83,0.614,40,0.943,0.575,0.867,25913345,High
5731,Industrial,Rural,9085,2,Hybrid,Pile,0.843,1.069,1.172,3.17,114790,9,17.06,0.186,28,0.214,0.637,0.9,15222555,Medium
5732,Residential,Urban,16511,6,Steel,Strip,0.808,1.69,2.311,7.77,34714,13,33.19,0.263,47,0.266,0.294,0.561,33506518,High
5733,Industrial,Semi-Urban,18501,7,Steel,Raft,0.927,0.97,1.021,8.1,81324,8,25.89,0.997,33,0.323,0.553,0.868,27985146,High
5734,Commercial,Semi-Urban,17544,6,Steel,Strip,0.95,1.786,1.848,5.49,141408,23,19.12,0.261,18,0.755,0.106,0.968,39167410,High
5735,Commercial,Urban,6024,11,RCC,Pile,0.694,1.753,1.977,5.13,184812,11,18.93,0.467,25,0.698,0.642,0.79,14067069,Medium
5736,Industrial,Rural,5750,3,RCC,Pile,0.587,1.967,1.918,4.17,174369,17,33.71,0.385,4,0.956,0.101,0.802,9694285,Low
5737,Commercial,Rural,8012,5,Hybrid,Strip,0.909,0.98,1.337,3.29,27015,20,35.71,0.688,19,0.479,0.678,0.978,11639438,Medium
5738,Industrial,Urban,819,8,Hybrid,Strip,0.607,1.888,2.288,7.47,77893,11,32.14,0.335,13,0.478,0.535,0.935,2242513,Low
5739,Commercial,Urban,10916,6,Steel,Pile,0.964,1.209,2.109,3.44,92860,11,33.02,0.683,42,0.736,0.198,0.779,32673800,High
5740,Residential,Urban,4100,2,RCC,Pile,0.511,1.299,1.667,8.67,112458,16,36.2,0.961,28,0.339,0.18,0.883,4075772,Low
5741,Residential,Rural,5779,7,Hybrid,Pile,0.961,1.362,1.826,4.78,104633,7,25.71,0.252,2,0.571,0.106,0.59,11528353,Medium
5742,Commercial,Rural,18651,8,Hybrid,Raft,0.795,1.552,1.763,7.77,151280,22,19.19,0.371,19,0.212,0.596,0.707,33865055,High
5743,Industrial,Rural,15994,4,RCC,Strip,0.887,1.994,2.409,3.36,180556,1,24.43,0.342,24,0.674,0.826,0.858,40669085,High
5744,Residential,Urban,18682,12,Steel,Pile,0.699,1.52,2.324,6.22,107506,23,39.48,0.3,40,0.827,0.871,0.644,45934839,High
5745,Industrial,Rural,12898,1,Hybrid,Strip,0.996,1.912,1.2,5.09,76324,15,26.21,0.27,4,0.363,0.612,0.727,28573195,High
5746,Commercial,Semi-Urban,782,2,Hybrid,Raft,0.614,1.106,1.247,3.18,96665,18,38.1,0.63,54,0.446,0.898,0.586,1387390,Low
5747,Industrial,Urban,14530,4,RCC,Raft,0.632,1.278,2.468,6.93,185283,28,32.57,0.548,55,0.305,0.876,0.949,26570550,High
5748,Residential,Rural,15802,7,RCC,Pile,0.526,1.405,1.202,8.66,70653,29,33.44,0.509,28,0.693,0.728,0.948,12507794,Medium
5749,Industrial,Urban,5666,2,Steel,Strip,0.97,1.187,2.421,3.06,44591,14,19.76,0.801,49,0.651,0.427,0.739,15967733,Medium
5750,Industrial,Semi-Urban,7621,6,Steel,Raft,0.728,1.972,1.905,4.62,70821,13,24.22,0.147,40,0.861,0.844,0.596,21975997,High
5751,Commercial,Semi-Urban,15177,2,Hybrid,Strip,0.837,1.671,0.885,7.22,100772,24,33.31,0.17,40,0.976,0.453,0.84,27010752,High
5752,Commercial,Urban,16873,12,Steel,Strip,0.844,1.375,1.371,8.23,195108,2,31.39,0.513,1,0.987,0.463,0.607,36379496,High
5753,Commercial,Urban,5396,7,Hybrid,Pile,0.937,1.702,1.609,4.14,142817,20,36.57,0.354,5,0.286,0.71,0.614,16051306,Medium
5754,Residential,Semi-Urban,17014,2,Hybrid,Raft,0.832,1.361,2.216,3.42,76225,22,20.25,0.174,35,0.643,0.935,0.986,39111601,High
5755,Residential,Urban,1793,3,RCC,Raft,0.781,0.821,1.359,3.05,42877,24,33.71,0.691,58,0.832,0.55,0.55,2308846,Low
5756,Commercial,Semi-Urban,7457,9,Hybrid,Raft,0.855,1.452,1.328,4.29,156667,28,15.99,0.496,0,0.727,0.259,0.69,14486007,Medium
5757,Commercial,Semi-Urban,16944,13,RCC,Strip,0.875,1.55,2.364,3.43,44975,11,22.5,0.202,30,0.918,0.228,0.777,35182460,High
5758,Residential,Rural,19095,4,Hybrid,Raft,0.593,1.977,0.934,5.16,180368,19,30.76,0.264,26,0.553,0.372,0.554,18997278,Medium
5759,Residential,Urban,10240,14,Hybrid,Raft,0.555,0.849,1.738,5.64,48629,28,39.5,0.723,44,0.542,0.512,0.519,11342517,Medium
5760,Residential,Urban,13059,5,Hybrid,Strip,0.537,1.415,1.657,5.88,85076,22,39.73,0.327,36,0.221,0.368,0.771,13670202,Medium
5761,Residential,Rural,10473,9,Steel,Raft,0.687,0.918,0.897,3.85,32109,6,25.98,0.205,45,0.213,0.741,0.557,8431586,Low
5762,Commercial,Semi-Urban,6776,7,Steel,Raft,0.749,0.979,0.949,5.78,151253,17,34.12,0.966,59,0.754,0.588,0.626,8961409,Low
5763,Residential,Urban,8652,8,RCC,Strip,0.808,1.533,1.449,3.05,155926,22,30.01,0.088,45,0.577,0.466,0.749,11895063,Medium
5764,Commercial,Rural,8473,11,Hybrid,Raft,0.979,1.078,1.028,4.44,105897,1,32.73,0.147,18,0.728,0.292,0.674,14645966,Medium
5765,Industrial,Rural,15833,3,RCC,Pile,0.665,1.699,1.613,5.21,167545,25,33.3,0.717,0,0.391,0.645,0.855,24434156,High
5766,Industrial,Urban,537,11,RCC,Strip,0.88,1.417,1.835,3.71,109777,20,28.68,0.426,30,0.89,0.707,0.981,1476699,Low
5767,Residential,Rural,6490,11,Hybrid,Raft,0.766,1.062,1.975,7.88,99822,5,35.35,0.753,17,0.922,0.806,0.877,11728148,Medium
5768,Industrial,Semi-Urban,5938,4,Steel,Pile,0.61,1.393,1.729,4.21,99517,1,29.61,0.553,6,0.73,0.992,1.0,11940339,Medium
5769,Industrial,Rural,16235,7,Steel,Strip,0.808,0.801,1.445,7.53,123951,13,17.52,0.04,48,0.422,0.308,0.694,20621588,Medium
5770,Industrial,Semi-Urban,11356,4,RCC,Raft,0.984,1.835,1.021,5.84,119886,1,39.73,0.684,31,0.373,0.114,0.653,20776426,Medium
5771,Residential,Semi-Urban,973,2,Steel,Strip,0.562,0.815,1.221,5.88,103705,12,22.6,0.806,34,0.7,0.55,0.606,908030,Low
5772,Residential,Urban,558,14,Hybrid,Pile,0.754,0.808,1.513,6.87,199731,9,39.1,0.553,31,0.953,0.932,0.942,1444237,Low
5773,Industrial,Rural,3136,10,Hybrid,Strip,0.526,1.534,2.371,3.27,17471,22,22.32,0.308,58,0.662,0.324,0.695,5061779,Low
5774,Commercial,Semi-Urban,15334,6,Steel,Raft,0.661,1.968,1.144,3.47,123489,29,36.33,0.016,0,0.871,0.78,0.855,25497654,High
5775,Industrial,Semi-Urban,16077,9,Steel,Pile,0.81,1.827,1.503,4.96,103320,26,32.24,0.907,32,0.652,0.388,0.837,41155620,High
5776,Residential,Rural,19498,2,RCC,Strip,0.921,1.102,2.045,5.5,89934,13,23.92,0.707,11,0.74,0.452,0.529,24182695,High
5777,Residential,Semi-Urban,7796,1,Steel,Raft,0.865,1.036,1.999,5.58,150563,10,38.45,0.045,44,0.654,0.953,0.94,13888481,Medium
5778,Residential,Rural,13170,8,RCC,Raft,0.731,1.551,2.442,7.06,137116,16,29.58,0.841,23,0.66,0.515,0.743,19368620,Medium
5779,Industrial,Urban,10225,1,Hybrid,Pile,0.955,1.787,1.125,3.0,92460,6,35.74,0.053,53,0.791,0.753,0.612,37699617,High
5780,Commercial,Semi-Urban,3174,1,Hybrid,Pile,0.651,1.234,0.828,8.75,174070,21,34.92,0.711,3,0.517,0.595,0.99,4362901,Low
5781,Residential,Semi-Urban,16296,3,Hybrid,Strip,0.877,1.319,1.348,4.05,95751,22,16.16,0.694,14,0.923,0.788,0.877,27972646,High
5782,Residential,Rural,11565,5,Steel,Raft,0.737,0.939,1.054,4.49,62801,8,21.72,0.916,31,0.891,0.386,0.808,10858760,Low
5783,Industrial,Rural,11526,13,Steel,Pile,0.949,0.983,1.732,8.43,128885,23,26.81,0.165,23,0.78,0.889,0.994,29317346,High
5784,Commercial,Rural,2576,12,Steel,Raft,0.899,1.482,2.328,3.03,79803,7,38.33,0.567,22,0.795,0.594,0.878,6597868,Low
5785,Industrial,Rural,5287,9,RCC,Strip,0.951,0.923,1.97,8.95,143512,25,16.56,0.545,24,0.531,0.378,0.561,7885301,Low
5786,Residential,Semi-Urban,7994,11,RCC,Pile,0.607,1.042,1.031,3.22,87725,25,19.64,0.035,48,0.866,0.134,0.996,6197150,Low
5787,Commercial,Urban,3081,10,RCC,Strip,0.834,1.082,0.997,3.72,99794,13,30.61,0.638,25,0.946,0.112,0.799,3974357,Low
5788,Commercial,Urban,16100,2,Hybrid,Strip,0.869,1.333,2.349,4.44,184104,25,31.32,0.254,20,0.836,0.418,0.65,47450023,High
5789,Residential,Urban,14833,12,RCC,Pile,0.871,0.855,1.629,5.63,46822,17,19.1,0.332,5,0.306,0.294,0.909,19774829,Medium
5790,Commercial,Urban,10904,12,Steel,Strip,0.752,1.4,2.37,6.11,58035,12,38.71,0.241,21,0.829,0.147,0.524,22970577,High
5791,Commercial,Rural,11666,1,Steel,Raft,0.506,1.914,2.052,3.63,16351,27,19.42,0.056,57,0.572,0.598,0.827,14577917,Medium
5792,Industrial,Semi-Urban,1432,1,Hybrid,Pile,0.631,0.829,2.489,3.44,145718,11,19.56,0.167,44,0.687,0.99,0.58,3732858,Low
5793,Residential,Semi-Urban,18547,8,Steel,Raft,0.662,1.557,2.281,3.19,7628,6,30.89,0.207,38,0.993,0.48,0.544,33030057,High
5794,Residential,Semi-Urban,9248,10,Steel,Strip,0.926,1.803,1.504,4.54,112689,15,25.54,0.577,36,0.487,0.597,0.677,16437121,Medium
5795,Residential,Rural,16077,10,Steel,Pile,0.92,1.175,2.089,8.53,198177,5,15.65,0.135,10,0.479,0.298,0.678,28790015,High
5796,Residential,Semi-Urban,15515,10,RCC,Raft,0.552,0.958,1.601,5.34,130744,16,38.01,0.921,36,0.411,0.284,0.8,11128428,Medium
5797,Residential,Rural,16608,2,RCC,Raft,0.975,0.852,1.196,7.58,146417,24,16.88,0.232,29,0.302,0.396,0.783,15742596,Medium
5798,Commercial,Semi-Urban,1604,13,Steel,Raft,0.591,1.573,1.21,4.14,62670,11,18.91,0.652,30,0.335,0.852,0.844,2166172,Low
5799,Industrial,Urban,18154,9,Steel,Raft,0.707,1.463,1.475,3.39,192153,10,37.43,0.158,32,0.611,0.965,0.587,39882148,High
5800,Residential,Rural,13436,9,Steel,Raft,0.608,1.075,0.989,6.33,56045,29,21.88,0.795,44,0.928,0.766,0.935,11676316,Medium
5801,Industrial,Semi-Urban,10101,2,Steel,Strip,0.93,1.798,1.102,7.93,100838,8,35.44,0.072,11,0.848,0.119,0.929,21772324,High
5802,Industrial,Urban,4146,3,RCC,Strip,0.875,1.683,1.651,8.39,152777,24,19.27,0.738,26,0.346,0.495,0.608,8707449,Low
5803,Commercial,Urban,15460,2,Hybrid,Strip,0.677,1.132,2.422,6.28,135805,5,16.2,0.393,57,0.649,0.479,0.737,33489494,High
5804,Residential,Urban,15378,6,Steel,Strip,0.841,1.704,1.782,4.76,154819,10,20.87,0.466,13,0.878,0.942,0.744,34109215,High
5805,Commercial,Rural,18938,7,RCC,Strip,0.592,1.094,1.494,3.66,74739,27,33.55,0.366,52,0.632,0.771,0.961,15135384,Medium
5806,Residential,Rural,9645,12,Steel,Strip,0.691,1.61,1.213,7.01,199478,10,31.56,0.402,57,0.929,0.743,0.953,12439215,Medium
5807,Commercial,Semi-Urban,18726,6,Hybrid,Strip,0.689,0.942,1.133,4.68,155044,1,22.77,0.005,0,0.926,0.608,0.534,23555621,High
5808,Industrial,Urban,3302,3,RCC,Raft,0.619,1.631,1.919,8.06,180073,13,30.84,0.026,57,0.479,0.681,0.979,6599770,Low
5809,Residential,Semi-Urban,16865,12,RCC,Strip,0.938,1.087,2.242,6.63,110022,20,31.62,0.794,44,0.899,0.729,0.534,27984172,High
5810,Industrial,Semi-Urban,6605,3,Hybrid,Raft,0.839,1.487,1.478,8.15,154006,23,29.12,0.213,49,0.668,0.597,0.775,16692175,Medium
5811,Industrial,Urban,19444,12,Hybrid,Pile,0.64,1.007,1.736,6.4,112528,18,38.39,0.607,48,0.584,0.86,0.656,43435357,High
5812,Commercial,Semi-Urban,19921,2,RCC,Strip,0.621,1.671,2.001,7.63,15575,23,34.84,0.653,7,0.819,0.133,0.695,26210960,High
5813,Residential,Rural,3249,2,Hybrid,Raft,0.509,0.873,0.899,4.77,98505,5,35.4,0.698,7,0.832,0.947,0.813,2493238,Low
5814,Industrial,Semi-Urban,17474,11,Steel,Pile,0.673,0.999,1.397,6.02,162696,16,25.65,0.597,39,0.74,0.796,0.792,30628539,High
5815,Commercial,Urban,18252,12,Hybrid,Pile,0.763,1.021,2.041,3.12,70656,6,32.1,0.629,28,0.849,0.576,0.584,45035916,High
5816,Residential,Rural,10681,5,Hybrid,Raft,0.639,0.85,1.964,6.65,124096,22,19.58,0.582,25,0.961,0.874,0.985,14844658,Medium
5817,Residential,Rural,1861,11,RCC,Raft,0.85,1.694,0.891,6.2,87103,21,22.4,0.928,25,0.898,0.845,0.514,2464113,Low
5818,Industrial,Semi-Urban,4273,11,Hybrid,Raft,0.706,1.977,1.204,7.53,147995,10,27.56,0.665,48,0.259,0.477,0.672,8803174,Low
5819,Residential,Semi-Urban,13995,8,RCC,Strip,0.658,1.734,1.956,7.37,125045,7,35.41,0.353,19,0.88,0.856,0.901,18894070,Medium
5820,Industrial,Rural,2564,6,Steel,Pile,0.97,1.833,1.261,6.77,50944,20,23.42,0.357,43,0.825,0.27,0.925,6884079,Low
5821,Residential,Semi-Urban,19299,9,Hybrid,Strip,0.631,0.807,2.184,3.34,118659,29,26.0,0.08,42,0.941,0.522,0.899,22641970,High
5822,Commercial,Urban,19835,11,Hybrid,Strip,0.699,0.941,0.85,8.42,9917,16,38.93,0.992,48,0.792,0.309,0.686,25612272,High
5823,Industrial,Semi-Urban,6116,5,RCC,Strip,0.691,1.471,1.124,3.11,120991,1,22.1,0.891,51,0.902,0.212,0.837,7671211,Low
5824,Industrial,Semi-Urban,8475,10,RCC,Pile,0.621,1.973,1.278,7.82,132102,25,30.45,0.043,6,0.208,0.905,0.882,13556220,Medium
5825,Residential,Rural,11460,4,Hybrid,Pile,0.609,1.593,2.373,5.88,127163,7,17.51,0.862,31,0.982,0.43,0.789,21582440,Medium
5826,Residential,Semi-Urban,15824,9,RCC,Pile,0.651,1.249,2.154,7.91,77917,25,25.29,0.138,41,0.353,0.716,0.84,20033058,Medium
5827,Industrial,Semi-Urban,6743,12,Hybrid,Raft,0.932,0.975,2.303,5.79,184475,12,23.25,0.239,54,0.891,0.438,0.777,20417624,Medium
5828,Residential,Semi-Urban,10060,10,Steel,Strip,0.884,0.983,1.549,6.88,51076,27,15.33,0.681,48,0.944,0.59,0.527,15000396,Medium
5829,Commercial,Urban,15184,11,Hybrid,Raft,0.84,1.235,2.198,5.18,106051,25,29.63,0.73,57,0.202,0.413,0.637,33593754,High
5830,Residential,Semi-Urban,8830,14,Steel,Raft,0.729,1.657,2.251,7.46,97812,23,23.29,0.506,17,0.931,0.768,0.851,17896765,Medium
5831,Commercial,Urban,5423,5,Steel,Strip,0.754,0.838,1.48,4.53,109884,15,21.29,0.968,58,0.863,0.808,0.621,8345183,Low
5832,Commercial,Urban,6967,1,RCC,Pile,0.634,1.823,2.491,7.32,152461,2,37.31,0.49,21,0.938,0.487,0.728,17946853,Medium
5833,Commercial,Urban,6576,5,RCC,Strip,0.537,1.93,2.247,4.16,126112,27,20.74,0.258,58,0.342,0.874,0.767,9680380,Low
5834,Commercial,Urban,8501,5,RCC,Raft,0.666,1.867,2.456,7.33,57910,18,25.14,0.009,28,0.822,0.42,0.835,18833322,Medium
5835,Commercial,Rural,15803,5,RCC,Pile,0.748,1.896,2.273,4.76,97174,4,38.74,0.867,31,0.59,0.786,0.63,33930121,High
5836,Residential,Urban,18199,13,Hybrid,Pile,0.529,0.818,2.12,4.67,37053,25,17.01,0.395,53,0.406,0.685,0.798,22006295,High
5837,Commercial,Semi-Urban,16957,2,Steel,Raft,0.544,1.973,2.405,7.87,158002,13,38.46,0.783,48,0.805,0.51,0.798,33629270,High
5838,Residential,Urban,9175,13,Hybrid,Pile,0.632,1.24,1.514,7.88,6663,23,24.76,0.774,19,0.579,0.9,0.923,16110840,Medium
5839,Commercial,Semi-Urban,12803,6,Steel,Pile,0.684,1.843,2.132,7.15,53653,9,34.77,0.044,30,0.92,0.615,0.776,34850867,High
5840,Industrial,Urban,18433,5,Steel,Strip,0.697,1.024,1.162,8.54,38153,4,23.9,0.822,42,0.769,0.856,0.648,30430687,High
5841,Commercial,Rural,18243,2,Steel,Strip,0.559,1.336,2.046,3.94,91777,9,25.39,0.289,40,0.311,0.76,0.761,19687656,Medium
5842,Industrial,Urban,15628,12,Hybrid,Raft,0.613,0.853,2.135,4.62,179953,23,25.94,0.841,7,0.401,0.579,0.554,26743178,High
5843,Commercial,Urban,18780,10,RCC,Raft,0.631,0.848,2.018,4.76,77975,24,38.67,0.492,42,0.412,0.394,0.804,21578735,Medium
5844,Commercial,Rural,7159,14,Hybrid,Raft,0.534,1.932,2.245,4.83,31861,1,28.76,0.592,35,0.475,0.956,0.958,13268317,Medium
5845,Commercial,Urban,5746,8,Steel,Pile,0.663,1.773,1.503,4.97,73509,25,20.42,0.101,50,0.733,0.151,0.765,12209766,Medium
5846,Industrial,Semi-Urban,7467,6,Hybrid,Raft,0.536,1.436,1.726,7.18,142686,28,30.29,0.379,7,0.915,0.905,0.646,14429029,Medium
5847,Industrial,Urban,7161,11,Steel,Strip,0.852,1.431,0.818,4.62,85998,8,37.24,0.971,8,0.675,0.556,0.703,13096299,Medium
5848,Commercial,Urban,12916,10,RCC,Pile,0.693,1.699,1.048,4.72,66234,1,20.36,0.926,13,0.801,0.774,0.951,22517997,High
5849,Residential,Urban,1010,12,RCC,Raft,0.663,1.21,1.895,6.42,30842,29,23.44,0.994,45,0.453,0.401,0.907,1441122,Low
5850,Commercial,Rural,9114,11,Hybrid,Pile,0.563,1.714,1.756,4.16,110464,16,29.29,0.51,32,0.618,0.446,0.902,14900513,Medium
5851,Industrial,Urban,2932,3,RCC,Pile,0.613,1.382,1.135,5.19,185438,24,39.68,0.818,57,0.603,0.272,0.782,4483200,Low
5852,Commercial,Urban,2406,9,Steel,Pile,0.616,1.566,1.214,3.35,167690,15,26.63,0.455,14,0.761,0.959,0.698,5024649,Low
5853,Industrial,Semi-Urban,16054,13,Steel,Raft,0.993,1.958,1.385,8.72,130874,15,29.61,0.941,29,0.614,0.139,0.566,41653943,High
5854,Industrial,Urban,16948,11,RCC,Pile,0.918,1.366,2.018,4.9,68608,5,18.38,0.986,29,0.467,0.448,0.988,46676992,High
5855,Industrial,Urban,5428,11,RCC,Pile,0.508,1.302,1.837,8.1,197039,19,33.95,0.878,39,0.395,0.401,0.59,8245609,Low
5856,Commercial,Urban,5210,14,RCC,Pile,0.808,1.887,0.918,6.18,68004,24,20.5,0.621,30,0.404,0.832,0.626,9255109,Low
5857,Industrial,Urban,12040,4,Hybrid,Strip,0.628,1.883,2.092,4.37,97903,11,23.2,0.989,4,0.985,0.551,0.882,32409914,High
5858,Industrial,Semi-Urban,6624,3,Hybrid,Raft,0.552,1.991,1.247,4.16,160792,27,32.74,0.984,18,0.486,0.252,0.675,9941033,Low
5859,Commercial,Semi-Urban,8337,7,Steel,Strip,0.853,1.461,1.942,7.17,97644,19,32.82,0.475,47,0.845,0.558,0.792,18065734,Medium
5860,Industrial,Rural,16083,12,Hybrid,Pile,0.566,1.213,1.01,8.79,5836,24,22.97,0.304,41,0.257,0.312,0.881,16856503,Medium
5861,Commercial,Urban,17684,13,Hybrid,Pile,0.722,1.088,2.496,4.1,107904,21,36.26,0.187,10,0.272,0.115,0.778,39669986,High
5862,Industrial,Rural,6609,14,Steel,Strip,0.816,0.841,0.937,3.69,164316,24,34.87,0.677,36,0.749,0.59,0.745,7862450,Low
5863,Residential,Rural,10409,8,Steel,Pile,0.777,1.672,2.061,5.32,30921,3,30.39,0.035,9,0.566,0.424,0.525,19580588,Medium
5864,Residential,Urban,7159,7,RCC,Strip,0.989,1.08,1.72,5.36,121469,26,19.47,0.764,47,0.904,0.315,0.744,11216952,Medium
5865,Industrial,Semi-Urban,1738,1,RCC,Pile,0.893,1.528,0.946,7.84,148254,22,37.62,0.051,35,0.89,0.255,0.728,3612179,Low
5866,Residential,Semi-Urban,15564,1,Hybrid,Pile,0.887,1.9,0.846,5.81,107862,28,28.19,0.265,32,0.805,0.508,0.94,29308607,High
5867,Commercial,Urban,6120,13,Steel,Pile,0.678,1.94,1.417,3.37,187422,22,24.41,0.498,23,0.852,0.883,0.724,15178398,Medium
5868,Residential,Urban,1986,5,Hybrid,Pile,0.504,0.805,2.164,8.52,40754,4,38.18,0.097,14,0.896,0.782,0.815,3376739,Low
5869,Industrial,Semi-Urban,5181,14,Hybrid,Raft,0.867,1.18,0.87,5.24,104517,21,39.29,0.036,28,0.827,0.104,0.887,9137857,Low
5870,Industrial,Urban,11990,8,Steel,Raft,1.0,1.805,1.997,7.01,130985,16,32.93,0.48,38,0.622,0.758,0.734,46689465,High
5871,Commercial,Urban,4970,14,Steel,Raft,0.703,1.444,1.914,7.0,106733,12,34.78,0.887,26,0.412,0.165,0.63,9561449,Low
5872,Industrial,Urban,12223,10,Steel,Strip,0.993,1.769,1.251,3.34,94192,28,21.17,0.408,19,0.83,0.593,0.947,31959670,High
5873,Commercial,Semi-Urban,14388,11,Steel,Strip,0.571,1.824,0.932,3.02,136440,7,21.47,0.2,35,0.454,0.802,0.948,14948939,Medium
5874,Residential,Rural,7677,3,Hybrid,Strip,0.648,1.331,2.356,3.53,102842,1,29.23,0.408,13,0.396,0.508,0.95,9486396,Low
5875,Residential,Rural,13701,8,Hybrid,Strip,0.585,1.231,1.311,8.74,177203,24,39.58,0.723,36,0.337,0.439,0.636,10972210,Low
5876,Commercial,Urban,5941,3,Hybrid,Raft,0.738,1.347,0.989,7.76,46679,11,33.58,0.041,48,0.702,0.946,0.658,12179366,Medium
5877,Commercial,Semi-Urban,18724,4,Steel,Strip,0.898,1.583,1.959,3.79,195902,15,33.65,0.031,35,0.394,0.126,0.959,35814880,High
5878,Industrial,Urban,12219,10,RCC,Strip,0.67,1.241,1.168,6.69,127177,19,21.44,0.463,36,0.5,0.195,0.563,14348616,Medium
5879,Residential,Semi-Urban,5897,7,Hybrid,Strip,0.953,1.73,1.609,6.67,61927,23,25.49,0.677,23,0.767,0.883,0.828,12794744,Medium
5880,Commercial,Urban,2121,3,RCC,Pile,0.772,1.885,0.886,3.0,77249,15,23.56,0.614,48,0.835,0.898,0.646,4366608,Low
5881,Residential,Semi-Urban,18445,4,RCC,Strip,0.733,1.139,2.488,5.57,83506,9,22.56,0.638,42,0.452,0.435,0.861,22213418,High
5882,Commercial,Semi-Urban,18300,8,RCC,Pile,0.894,1.958,1.561,7.27,199108,13,33.28,0.166,35,0.874,0.586,0.917,45735623,High
5883,Residential,Rural,4690,4,Steel,Strip,0.551,1.547,2.498,4.12,73863,18,17.5,0.539,57,0.246,0.248,0.704,4811024,Low
5884,Industrial,Urban,5554,9,Steel,Strip,0.887,1.854,1.456,8.11,22829,29,19.14,0.378,57,0.989,0.896,0.576,17519633,Medium
5885,Residential,Rural,1630,4,Hybrid,Pile,0.621,0.925,1.391,6.96,177187,26,25.31,0.11,28,0.534,0.522,0.866,1952654,Low
5886,Residential,Rural,14571,13,Hybrid,Strip,0.64,1.102,2.355,3.04,114752,26,22.57,0.128,14,0.46,0.608,0.528,16678401,Medium
5887,Residential,Semi-Urban,12436,14,Steel,Pile,0.8,1.185,1.36,8.13,69040,23,37.58,0.645,38,0.939,0.206,0.507,20207608,Medium
5888,Residential,Urban,2618,4,Steel,Strip,0.951,1.163,1.534,3.12,20320,17,20.01,0.957,4,0.306,0.653,0.939,4030490,Low
5889,Residential,Semi-Urban,1163,13,RCC,Strip,0.789,1.006,0.933,8.33,37305,5,21.22,0.106,45,0.486,0.726,0.908,1285328,Low
5890,Industrial,Semi-Urban,19518,5,Steel,Pile,0.824,1.842,2.424,5.0,41441,27,19.45,0.495,32,0.487,0.365,0.791,62217093,High
5891,Commercial,Semi-Urban,16235,1,Steel,Raft,0.888,1.302,0.945,7.19,86132,16,36.46,0.248,38,0.539,0.907,0.833,26134399,High
5892,Residential,Urban,19658,7,Steel,Pile,0.63,1.956,2.111,7.72,110916,7,20.05,0.282,44,0.879,0.284,0.976,43626649,High
5893,Industrial,Urban,10263,9,Steel,Raft,0.914,1.5,1.716,4.69,137598,21,23.8,0.224,44,0.88,0.908,0.531,33259004,High
5894,Residential,Semi-Urban,18407,12,RCC,Pile,0.709,0.966,0.904,5.14,9030,5,31.73,0.546,0,0.673,0.733,0.608,16553537,Medium
5895,Residential,Urban,8553,9,Hybrid,Raft,0.588,1.455,0.803,6.06,33024,22,16.94,0.057,46,0.993,0.848,0.865,11152747,Medium
5896,Commercial,Semi-Urban,17871,1,RCC,Strip,0.675,1.992,2.39,6.5,175832,26,35.42,0.742,33,0.875,0.729,0.632,35594316,High
5897,Residential,Urban,4345,6,Steel,Raft,0.623,1.478,2.062,4.75,137889,26,32.66,0.607,39,0.745,0.486,0.604,7660552,Low
5898,Industrial,Urban,13996,3,Steel,Strip,0.614,0.802,1.967,8.95,62332,11,21.53,0.385,56,0.36,0.398,0.721,19788147,Medium
5899,Industrial,Rural,6801,4,Hybrid,Pile,0.641,1.92,1.546,7.42,47858,16,24.79,0.218,7,0.64,0.761,0.862,15281049,Medium
5900,Commercial,Semi-Urban,12385,8,Hybrid,Raft,0.59,1.082,1.206,4.64,195870,27,30.5,0.536,23,0.371,0.368,0.605,12256338,Medium
5901,Residential,Rural,16982,4,Hybrid,Strip,0.834,1.626,1.956,6.84,75323,22,38.66,0.955,45,0.441,0.156,0.715,25814419,High
5902,Industrial,Rural,2788,8,RCC,Pile,0.79,1.418,1.834,5.61,69599,26,30.73,0.708,53,0.749,0.322,0.759,5493997,Low
5903,Residential,Semi-Urban,8296,4,Hybrid,Raft,0.824,1.191,2.035,8.16,124912,13,21.33,0.279,22,0.348,0.78,0.586,15497580,Medium
5904,Residential,Semi-Urban,7763,9,Steel,Strip,0.672,1.139,1.422,4.97,195024,2,27.06,0.743,35,0.273,0.814,0.738,8356202,Low
5905,Residential,Urban,13277,6,Steel,Raft,0.885,1.915,2.478,4.13,131409,12,26.24,0.504,59,0.625,0.349,0.933,39116322,High
5906,Commercial,Semi-Urban,9270,1,Steel,Raft,0.565,1.894,0.914,3.28,145229,12,28.32,0.048,12,0.201,0.395,0.873,9808286,Low
5907,Residential,Rural,7885,13,RCC,Strip,0.786,1.416,0.935,8.91,51979,10,27.98,0.618,36,0.687,0.594,0.752,6983527,Low
5908,Industrial,Rural,15362,10,Hybrid,Strip,0.638,1.11,2.359,5.16,111752,27,24.1,0.234,45,0.921,0.336,0.563,25697071,High
5909,Residential,Semi-Urban,8964,2,Hybrid,Pile,0.764,0.923,1.901,4.32,186175,26,36.8,0.41,17,0.352,0.646,0.512,13837121,Medium
5910,Industrial,Rural,5381,7,Hybrid,Strip,0.662,0.988,1.355,5.95,168301,13,23.25,0.478,9,0.506,0.354,0.534,6241476,Low
5911,Residential,Urban,16518,10,Hybrid,Strip,0.895,1.427,2.095,4.75,28836,12,28.25,0.799,58,0.933,0.209,0.875,39281186,High
5912,Industrial,Rural,16191,7,Steel,Raft,0.946,1.169,1.57,4.4,178803,25,21.52,0.58,3,0.763,0.239,0.852,31827639,High
5913,Industrial,Urban,9867,3,RCC,Strip,0.871,0.85,0.836,6.7,165130,19,25.87,0.34,6,0.308,0.325,0.873,10460728,Low
5914,Residential,Rural,913,1,Hybrid,Raft,0.588,1.346,1.907,3.45,184071,17,32.03,0.657,35,0.506,0.251,0.654,1422242,Low
5915,Residential,Urban,18434,8,Steel,Raft,0.637,1.695,1.213,6.05,62964,27,33.95,0.192,21,0.805,0.977,0.545,28339194,High
5916,Industrial,Urban,15214,13,Steel,Strip,0.96,1.87,0.996,5.32,52447,16,35.16,0.823,42,0.732,0.693,0.857,36874313,High
5917,Commercial,Semi-Urban,7641,13,RCC,Strip,0.719,1.502,1.183,6.2,9521,17,33.42,0.201,42,0.325,0.261,0.961,7754926,Low
5918,Residential,Urban,13682,10,Hybrid,Strip,0.971,1.668,1.609,4.92,49168,25,26.67,0.559,11,0.25,0.482,0.726,27580953,High
5919,Commercial,Semi-Urban,16725,14,RCC,Strip,0.696,1.237,0.885,6.42,104152,6,15.94,0.205,23,0.745,0.342,0.882,16019267,Medium
5920,Residential,Rural,2446,11,Hybrid,Pile,0.976,1.395,2.301,3.49,192114,23,28.11,0.326,46,0.687,0.716,0.864,6659057,Low
5921,Residential,Rural,691,11,RCC,Raft,0.963,1.676,1.752,5.26,98754,18,16.38,0.422,36,0.247,0.881,0.927,1379677,Low
5922,Residential,Rural,16924,10,Hybrid,Pile,0.83,1.673,1.298,4.42,165037,11,39.16,0.367,7,0.98,0.461,0.514,32462109,High
5923,Residential,Urban,14675,7,Hybrid,Pile,0.504,1.309,1.968,5.63,24497,12,24.45,0.934,19,0.402,0.486,0.978,19743580,Medium
5924,Commercial,Rural,10551,10,RCC,Raft,0.7,1.452,2.167,5.39,10987,17,27.59,0.223,42,0.509,0.459,0.933,14407700,Medium
5925,Residential,Rural,6392,8,Hybrid,Pile,0.956,1.909,1.844,6.79,169128,2,18.24,0.18,17,0.342,0.504,0.938,16324963,Medium
5926,Industrial,Semi-Urban,3949,1,RCC,Strip,0.943,1.558,1.144,6.77,56091,13,39.89,0.518,24,0.863,0.132,0.998,7082782,Low
5927,Industrial,Semi-Urban,8827,14,RCC,Strip,0.594,1.571,0.987,5.48,51241,19,27.31,0.949,49,0.97,0.633,0.82,10221372,Low
5928,Commercial,Rural,6409,3,Hybrid,Strip,0.7,1.742,2.262,4.09,120010,19,22.46,0.503,22,0.371,0.957,0.541,12868196,Medium
5929,Residential,Rural,12893,13,Hybrid,Strip,0.918,0.938,1.199,6.49,31949,24,19.83,0.959,37,0.427,0.807,0.911,15353027,Medium
5930,Industrial,Urban,2441,2,RCC,Raft,0.789,1.427,0.834,8.8,167982,4,31.25,0.19,17,0.765,0.875,0.567,4724649,Low
5931,Commercial,Urban,4721,1,Steel,Strip,0.924,1.951,1.893,4.11,12850,1,25.91,0.01,50,0.622,0.306,0.869,12888788,Medium
5932,Residential,Rural,7043,5,RCC,Raft,0.913,1.234,1.06,3.41,82908,2,22.93,0.303,59,0.284,0.646,0.712,7639012,Low
5933,Industrial,Semi-Urban,18442,3,Steel,Raft,0.954,1.154,2.485,4.59,132090,25,15.24,0.638,45,0.943,0.904,0.503,62006224,High
5934,Industrial,Rural,14512,10,Steel,Raft,0.559,1.521,2.279,5.48,84744,18,15.91,0.592,10,0.689,0.162,0.718,22554021,High
5935,Commercial,Urban,2621,8,RCC,Raft,0.573,1.065,1.834,4.84,38632,12,32.34,0.242,58,0.441,0.89,0.898,3538562,Low
5936,Residential,Semi-Urban,17912,6,RCC,Pile,0.541,1.467,2.218,8.01,135097,9,27.01,0.662,38,0.592,0.158,0.544,21160430,Medium
5937,Residential,Semi-Urban,12226,10,RCC,Pile,0.968,0.987,1.6,5.96,9553,5,36.22,0.83,13,0.6,0.985,0.501,19452473,Medium
5938,Industrial,Urban,6156,14,Steel,Strip,0.738,1.496,2.14,4.48,111359,16,33.84,0.687,47,0.62,0.176,0.726,14174344,Medium
5939,Industrial,Rural,9467,9,RCC,Raft,0.532,1.523,1.899,8.7,43105,4,29.34,0.728,21,0.598,0.431,0.501,11503870,Medium
5940,Industrial,Rural,19922,9,RCC,Strip,0.661,1.302,0.849,3.75,115850,20,29.02,0.308,44,0.649,0.149,0.967,16311896,Medium
5941,Residential,Rural,16264,11,Hybrid,Strip,0.676,1.259,2.413,3.74,138069,3,33.63,0.529,37,0.515,0.151,0.912,20357685,Medium
5942,Commercial,Urban,16373,6,Hybrid,Strip,0.905,1.095,2.264,4.47,45583,18,33.53,0.043,54,0.317,0.88,0.815,40058170,High
5943,Commercial,Semi-Urban,11579,2,Hybrid,Strip,0.868,1.197,2.421,3.46,122551,8,23.36,0.359,14,0.732,0.157,0.509,25153394,High
5944,Residential,Urban,18762,9,RCC,Raft,0.845,1.398,2.043,7.51,45305,22,17.63,0.816,4,0.834,0.813,0.785,37781530,High
5945,Commercial,Rural,2771,2,RCC,Raft,0.511,1.097,1.501,4.88,102375,25,34.3,0.79,48,0.873,0.916,0.836,2956731,Low
5946,Industrial,Urban,2107,3,RCC,Pile,0.955,1.739,1.152,7.38,152112,2,20.58,0.941,4,0.218,0.942,0.794,5798426,Low
5947,Commercial,Semi-Urban,16179,6,Steel,Raft,0.608,1.651,1.106,7.58,70443,12,34.78,0.969,56,0.524,0.878,0.973,22696031,High
5948,Commercial,Urban,17489,2,Steel,Raft,0.815,1.123,1.046,4.43,190818,1,30.45,0.973,49,0.983,0.96,0.916,34748187,High
5949,Commercial,Rural,4165,5,Hybrid,Strip,0.531,0.917,1.175,6.11,117440,24,23.95,0.157,41,0.25,0.147,0.683,3127675,Low
5950,Industrial,Semi-Urban,16808,2,Steel,Raft,0.541,0.8,1.736,6.12,58472,24,36.31,0.121,18,0.828,0.997,0.847,23358614,High
5951,Residential,Urban,6352,12,Steel,Strip,0.505,1.516,1.962,8.23,49889,21,32.28,0.875,33,0.301,0.118,0.731,6330760,Low
5952,Industrial,Urban,5962,4,Steel,Raft,0.783,1.054,1.334,3.15,29438,18,28.63,0.383,52,0.86,0.25,0.964,11430183,Medium
5953,Residential,Semi-Urban,19028,11,Hybrid,Pile,0.815,0.815,1.733,4.9,7531,10,22.52,0.357,15,0.738,0.173,0.809,28273716,High
5954,Residential,Semi-Urban,4770,11,Hybrid,Strip,0.525,1.231,1.38,8.29,49315,21,39.66,0.534,20,0.78,0.77,0.791,4943913,Low
5955,Residential,Rural,16197,3,Steel,Raft,0.645,1.954,1.984,4.42,74979,8,35.96,0.451,44,0.982,0.178,0.75,26775450,High
5956,Commercial,Semi-Urban,18260,5,RCC,Raft,0.926,1.628,2.48,3.82,19676,4,18.41,0.223,31,0.952,0.363,0.689,48632592,High
5957,Commercial,Rural,3962,6,Hybrid,Strip,0.551,1.829,1.971,6.46,26178,18,35.16,0.845,59,0.443,0.674,0.574,5536968,Low
5958,Residential,Urban,15974,13,Steel,Pile,0.608,0.974,0.9,4.84,149365,3,18.0,0.909,52,0.5,0.548,0.637,16582944,Medium
5959,Residential,Rural,847,7,RCC,Pile,0.712,0.888,1.611,5.8,185005,3,21.19,0.748,53,0.526,0.223,0.666,1232164,Low
5960,Commercial,Urban,16884,10,RCC,Raft,0.921,0.814,2.11,7.92,186665,25,38.94,0.048,18,0.344,0.569,0.577,29996726,High
5961,Industrial,Semi-Urban,562,8,Hybrid,Raft,0.627,1.947,1.722,6.12,192283,29,36.75,0.118,23,0.505,0.407,0.906,1494763,Low
5962,Residential,Urban,2283,9,RCC,Raft,0.999,1.16,2.417,6.1,42145,12,30.15,0.346,34,0.983,0.627,0.501,5871527,Low
5963,Industrial,Semi-Urban,8917,14,Hybrid,Strip,0.678,1.351,0.893,4.67,198174,19,32.48,0.557,17,0.592,0.585,0.958,11803510,Medium
5964,Commercial,Urban,7066,4,Steel,Strip,0.693,1.273,1.295,7.76,189518,17,17.24,0.61,56,0.962,0.991,0.564,12430247,Medium
5965,Residential,Urban,17926,4,Hybrid,Strip,0.561,1.677,1.175,7.44,7837,23,23.31,0.1,13,0.257,0.877,0.525,19982739,Medium
5966,Industrial,Urban,11372,7,RCC,Raft,0.84,1.172,2.105,4.4,112950,17,23.06,0.96,21,0.231,0.103,0.998,20843186,Medium
5967,Industrial,Urban,15818,12,Hybrid,Pile,0.622,1.443,1.69,4.92,102764,22,15.82,0.53,38,0.66,0.258,1.0,34714412,High
5968,Industrial,Rural,1734,10,Hybrid,Strip,0.814,1.995,1.035,7.73,79734,26,32.6,0.432,29,0.789,0.922,0.596,3789527,Low
5969,Commercial,Urban,2484,10,Steel,Pile,0.612,1.333,1.286,5.15,161867,4,22.69,0.191,11,0.374,0.586,0.567,4073932,Low
5970,Commercial,Rural,18478,11,RCC,Raft,0.694,1.462,1.689,5.42,9828,7,30.83,0.951,48,0.603,0.784,0.599,25139515,High
5971,Industrial,Semi-Urban,2452,9,Hybrid,Strip,0.928,1.403,2.493,5.19,57068,23,15.68,0.447,11,0.898,0.553,0.756,7688745,Low
5972,Industrial,Semi-Urban,18579,11,Steel,Strip,0.869,1.764,1.419,3.97,152683,7,15.04,0.118,29,0.809,0.807,0.661,45422416,High
5973,Commercial,Rural,17838,2,Steel,Strip,0.577,1.12,1.067,5.05,166858,22,19.25,0.614,2,0.385,0.219,0.668,11641294,Medium
5974,Industrial,Semi-Urban,3791,13,Steel,Raft,0.804,1.005,1.645,7.82,37705,7,32.57,0.35,54,0.468,0.764,0.905,7431983,Low
5975,Industrial,Semi-Urban,9048,11,Steel,Raft,0.814,1.705,1.327,5.95,89305,8,30.1,0.808,39,0.445,0.883,0.945,19722960,Medium
5976,Commercial,Urban,15004,6,Steel,Raft,0.545,1.299,1.762,5.75,124393,19,20.02,0.545,31,0.776,0.339,0.985,22563926,High
5977,Industrial,Urban,12287,10,Hybrid,Pile,0.733,1.896,1.593,3.94,16249,21,28.08,0.106,26,0.975,0.432,0.757,41380780,High
5978,Industrial,Urban,1468,10,Hybrid,Pile,0.63,1.573,1.972,4.07,88837,26,30.48,0.751,27,0.424,0.632,0.623,4094559,Low
5979,Industrial,Rural,17125,8,RCC,Strip,0.734,1.477,2.354,3.26,21497,27,38.47,0.305,17,0.671,0.881,0.777,28563700,High
5980,Commercial,Rural,4734,13,Hybrid,Strip,0.889,0.885,1.141,3.08,152883,9,34.06,0.408,52,0.991,0.917,0.936,7707336,Low
5981,Industrial,Semi-Urban,8838,5,RCC,Raft,0.579,1.676,2.196,5.93,75134,24,18.4,0.776,52,0.326,0.581,0.515,13760088,Medium
5982,Commercial,Urban,7849,5,RCC,Raft,0.562,1.623,2.414,5.46,24762,22,21.76,0.106,24,0.727,0.692,0.956,13449575,Medium
5983,Commercial,Rural,13868,8,RCC,Raft,0.635,1.568,1.435,4.65,199773,29,25.09,0.978,14,0.466,0.886,0.613,16438761,Medium
5984,Residential,Rural,15701,1,Hybrid,Strip,0.976,1.121,0.993,8.94,23328,9,17.63,0.702,50,0.993,0.308,0.655,20604327,Medium
5985,Residential,Urban,16570,6,Steel,Raft,0.874,1.936,2.197,5.39,153412,14,28.88,0.193,44,0.287,0.843,0.682,43719859,High
5986,Industrial,Rural,9234,10,RCC,Pile,0.51,1.186,1.992,7.73,78872,26,37.68,0.058,47,0.561,0.336,0.957,10778966,Low
5987,Commercial,Urban,9383,13,Steel,Pile,0.701,0.983,1.162,4.26,194024,29,22.66,0.545,26,0.404,0.623,0.588,13741519,Medium
5988,Residential,Semi-Urban,1525,9,RCC,Strip,0.629,1.985,1.557,4.48,27067,21,39.62,0.379,14,0.225,0.941,0.612,1614649,Low
5989,Industrial,Semi-Urban,12697,12,Hybrid,Strip,0.819,1.695,1.783,6.41,129985,18,21.23,0.03,29,0.971,0.56,0.866,35352618,High
5990,Residential,Semi-Urban,3859,6,RCC,Pile,0.73,1.298,1.089,3.02,19008,9,26.81,0.609,10,0.655,0.184,0.967,3777873,Low
5991,Residential,Urban,5757,7,Hybrid,Raft,0.982,1.923,2.015,3.1,17965,5,23.58,0.309,58,0.761,0.906,0.552,20471193,Medium
5992,Commercial,Rural,3451,4,Steel,Strip,0.609,0.909,1.973,3.85,118220,8,22.7,0.322,44,0.696,0.626,0.761,4075075,Low
5993,Commercial,Semi-Urban,7889,12,Hybrid,Strip,0.794,0.905,2.308,4.34,132098,24,24.45,0.162,52,0.319,0.164,0.957,12178221,Medium
5994,Residential,Semi-Urban,15166,10,Steel,Strip,0.85,1.619,1.764,6.17,195954,4,15.81,0.14,13,0.336,0.109,0.943,22299671,High
5995,Residential,Semi-Urban,15452,1,Hybrid,Pile,0.913,1.014,1.776,7.12,183250,20,28.3,0.144,44,0.701,0.335,0.974,31827203,High
5996,Commercial,Rural,19439,9,RCC,Strip,0.703,1.901,1.853,4.87,93011,14,33.54,0.886,27,0.824,0.208,0.951,26824532,High
5997,Industrial,Rural,14727,12,RCC,Pile,0.843,1.808,1.265,4.43,162601,17,36.59,0.533,7,0.689,0.666,0.657,29612891,High
5998,Commercial,Urban,18034,6,Hybrid,Pile,0.652,1.168,2.09,7.94,96938,21,23.11,0.469,10,0.656,0.637,0.604,42788326,High
5999,Residential,Semi-Urban,16124,3,Steel,Raft,0.718,1.867,1.926,3.98,40110,16,28.76,0.704,13,0.797,0.857,0.951,30323099,High
6000,Industrial,Rural,2235,4,Steel,Raft,0.948,0.851,2.227,7.07,122421,9,37.32,0.32,50,0.395,0.562,0.856,5025319,Low
6001,Residential,Urban,17922,10,Steel,Raft,0.975,1.458,2.107,8.59,124925,28,35.0,0.822,46,0.785,0.328,0.689,46112018,High
6002,Industrial,Semi-Urban,6869,12,Hybrid,Strip,0.859,1.923,1.886,4.39,156895,5,26.6,0.197,21,0.529,0.145,0.856,17495806,Medium
6003,Residential,Rural,7627,6,Hybrid,Pile,0.687,1.826,1.074,3.52,52262,5,19.12,0.803,24,0.739,0.109,0.654,10488274,Low
6004,Industrial,Rural,3412,6,Hybrid,Strip,0.91,1.227,2.363,8.88,99989,6,28.96,0.056,9,0.42,0.933,0.791,9044518,Low
6005,Industrial,Urban,15964,12,Hybrid,Pile,0.513,1.019,1.424,4.62,109176,6,39.74,0.157,35,0.31,0.23,0.617,20874666,Medium
6006,Residential,Semi-Urban,13106,9,Steel,Strip,0.551,1.053,2.439,4.65,54198,8,33.94,0.893,38,0.223,0.549,0.781,12030105,Medium
6007,Industrial,Semi-Urban,1742,4,Steel,Pile,0.831,1.417,1.483,5.9,43815,16,36.2,0.109,23,0.843,0.815,0.962,4781600,Low
6008,Commercial,Rural,16136,5,Hybrid,Raft,0.646,1.516,1.048,4.39,143572,14,19.72,0.246,5,0.358,0.936,0.886,19872138,Medium
6009,Residential,Semi-Urban,10608,5,Hybrid,Raft,0.976,0.839,2.304,8.96,108013,1,37.6,0.043,32,0.491,0.282,0.828,21654619,Medium
6010,Commercial,Urban,8598,3,Steel,Strip,0.718,1.296,2.152,3.26,34456,16,15.35,0.599,21,0.815,0.309,0.623,16937298,Medium
6011,Residential,Rural,3912,2,Steel,Pile,0.715,1.796,2.137,5.71,28531,15,36.56,0.328,59,0.56,0.262,0.532,6771049,Low
6012,Industrial,Rural,19383,8,RCC,Raft,0.839,1.333,0.952,6.29,34819,5,20.98,0.633,19,0.374,0.243,0.855,21854168,High
6013,Industrial,Urban,12132,10,Hybrid,Pile,0.884,1.003,2.295,5.8,29247,9,30.57,0.086,10,0.356,0.509,0.788,40800576,High
6014,Industrial,Rural,13731,9,RCC,Strip,0.738,1.946,1.814,6.12,6187,3,22.33,0.395,50,0.526,0.672,0.606,23712294,High
6015,Residential,Semi-Urban,15683,10,Steel,Raft,0.607,1.12,1.6,8.93,42033,27,18.38,0.372,34,0.652,0.736,0.967,17561800,Medium
6016,Commercial,Semi-Urban,7660,11,Steel,Strip,0.887,1.758,2.352,8.26,167962,7,21.18,0.537,34,0.514,0.394,0.776,18858042,Medium
6017,Commercial,Rural,18097,13,Hybrid,Strip,0.66,1.033,1.932,4.85,80398,7,26.82,0.295,0,0.924,0.661,0.786,26242220,High
6018,Residential,Urban,11623,9,RCC,Pile,0.588,1.308,1.026,6.31,171710,16,37.99,0.985,41,0.203,0.102,0.649,9358975,Low
6019,Residential,Urban,17302,14,Steel,Strip,0.816,1.389,1.683,3.0,136583,28,24.73,0.316,25,0.522,0.899,0.94,29142286,High
6020,Commercial,Semi-Urban,5460,5,RCC,Strip,0.545,1.401,1.882,5.46,198693,28,16.4,0.696,13,0.794,0.883,0.946,6302515,Low
6021,Commercial,Urban,1288,11,RCC,Pile,0.986,1.42,2.328,3.98,43219,26,15.59,0.366,48,0.913,0.59,0.858,4602243,Low
6022,Commercial,Rural,18755,9,RCC,Pile,0.816,1.07,1.276,7.27,75858,3,20.25,0.534,1,0.487,0.319,0.55,22916045,High
6023,Commercial,Rural,13850,4,RCC,Strip,0.993,1.419,2.15,4.33,63487,15,16.3,0.227,45,0.739,0.975,0.542,27527931,High
6024,Residential,Semi-Urban,18909,2,RCC,Raft,0.669,1.378,2.16,7.49,121764,7,24.28,0.173,4,0.664,0.83,0.735,26376663,High
6025,Residential,Semi-Urban,2946,3,Hybrid,Raft,0.986,1.05,1.018,4.88,106314,3,24.61,0.972,38,0.361,0.115,0.571,3856682,Low
6026,Industrial,Semi-Urban,16683,1,Hybrid,Pile,0.573,1.986,0.829,8.55,146473,16,39.3,0.541,14,0.745,0.523,0.666,29602666,High
6027,Commercial,Urban,9252,5,RCC,Strip,0.52,1.839,1.788,5.67,139817,6,22.66,0.461,20,0.4,0.192,0.586,10739851,Low
6028,Industrial,Rural,19535,1,Hybrid,Raft,0.516,1.865,2.142,8.04,29405,8,29.97,0.642,28,0.827,0.219,0.655,37559992,High
6029,Residential,Rural,13940,12,Steel,Pile,0.732,1.623,1.743,6.77,70025,16,35.47,0.223,50,0.893,0.101,0.971,21294764,Medium
6030,Residential,Rural,12596,11,RCC,Pile,0.542,0.992,2.183,8.86,185122,24,27.83,0.822,20,0.583,0.719,0.877,12603987,Medium
6031,Industrial,Semi-Urban,17423,1,Hybrid,Pile,0.756,1.482,1.858,7.46,136630,6,32.41,0.248,37,0.243,0.327,0.569,42889453,High
6032,Commercial,Rural,6999,14,Hybrid,Strip,0.664,1.786,1.911,7.37,154215,16,39.36,0.543,51,0.79,0.374,0.834,13093809,Medium
6033,Commercial,Urban,15267,11,Steel,Pile,0.668,0.846,0.848,4.59,11200,2,23.1,0.127,35,0.574,0.142,0.515,17741890,Medium
6034,Commercial,Urban,11837,11,Steel,Raft,0.818,1.395,0.951,6.03,77162,1,16.86,0.575,13,0.276,0.107,0.992,18230266,Medium
6035,Commercial,Rural,16319,13,Steel,Strip,0.582,1.275,2.033,4.74,61161,19,25.76,0.483,32,0.465,0.813,0.766,18385347,Medium
6036,Industrial,Semi-Urban,16284,7,Steel,Raft,0.883,1.055,2.097,3.12,8225,14,28.52,0.281,22,0.433,0.695,0.753,37279983,High
6037,Industrial,Rural,19642,2,RCC,Raft,0.791,1.254,1.722,7.26,71940,19,29.5,0.308,7,0.781,0.444,0.62,30941238,High
6038,Residential,Urban,5811,8,Hybrid,Raft,0.957,1.98,1.803,4.42,171537,23,33.46,0.01,19,0.539,0.163,0.729,14770064,Medium
6039,Commercial,Urban,11952,6,Hybrid,Strip,0.682,1.668,1.844,5.38,191406,4,37.45,0.027,37,0.67,0.798,0.763,26544810,High
6040,Commercial,Urban,15074,4,Steel,Raft,0.991,1.159,0.978,4.71,94864,2,27.5,0.601,46,0.601,0.934,0.829,32164247,High
6041,Commercial,Rural,18779,9,Hybrid,Pile,0.788,1.526,1.935,4.2,18459,2,18.59,0.718,37,0.779,0.575,0.523,45437205,High
6042,Industrial,Urban,16452,10,Hybrid,Pile,0.987,1.096,1.613,3.4,76182,12,25.09,0.547,46,0.774,0.225,0.671,53123836,High
6043,Commercial,Semi-Urban,3000,8,Hybrid,Raft,0.514,1.533,1.824,5.03,180335,23,18.88,0.082,0,0.559,0.687,0.693,4297647,Low
6044,Industrial,Rural,15218,13,Steel,Pile,0.864,1.875,1.757,3.49,89080,24,19.56,0.941,41,0.308,0.164,0.575,32228454,High
6045,Commercial,Rural,3329,10,Hybrid,Strip,0.908,1.468,2.097,6.24,38418,11,15.04,0.713,3,0.526,0.249,0.62,7166851,Low
6046,Commercial,Urban,547,3,Hybrid,Strip,0.527,1.68,1.342,3.12,133655,21,38.24,0.237,13,0.328,0.524,0.618,904931,Low
6047,Residential,Urban,2864,3,Hybrid,Pile,0.789,1.344,1.435,8.64,127813,18,33.63,0.671,21,0.967,0.324,0.905,6241844,Low
6048,Commercial,Semi-Urban,13364,4,RCC,Pile,0.901,1.429,1.466,8.8,61471,19,17.51,0.111,11,0.96,0.937,0.844,30746601,High
6049,Commercial,Rural,8677,14,RCC,Strip,0.781,1.634,2.096,4.83,67705,17,38.0,0.779,24,0.565,0.828,0.961,14230228,Medium
6050,Residential,Urban,13847,9,Hybrid,Raft,0.532,1.775,1.533,4.56,199007,26,36.76,0.481,51,0.222,0.349,0.655,17172024,Medium
6051,Industrial,Semi-Urban,8431,9,Hybrid,Strip,0.847,1.591,1.101,3.63,60203,4,37.75,0.409,47,0.5,0.967,0.941,17480126,Medium
6052,Industrial,Urban,19686,5,Hybrid,Raft,0.53,1.973,2.471,8.43,18971,23,17.43,0.009,56,0.916,0.44,0.932,58529593,High
6053,Commercial,Rural,13341,12,Hybrid,Pile,0.909,1.784,1.639,6.52,24719,26,17.0,0.652,51,0.43,0.612,0.724,33047375,High
6054,Industrial,Urban,12344,9,Hybrid,Pile,0.522,1.733,0.986,6.66,137684,12,16.69,0.829,6,0.698,0.608,0.815,22655152,High
6055,Commercial,Rural,9094,6,Hybrid,Raft,0.569,1.814,1.939,8.38,90987,25,39.17,0.288,6,0.347,0.685,0.799,14379683,Medium
6056,Residential,Urban,13918,8,RCC,Raft,0.638,1.137,2.057,8.46,9476,3,31.51,0.012,55,0.86,0.319,0.654,18928234,Medium
6057,Residential,Rural,2586,11,Steel,Strip,0.817,1.318,1.65,7.97,179157,16,19.45,0.775,38,0.914,0.93,0.631,4173322,Low
6058,Commercial,Semi-Urban,10919,8,Hybrid,Raft,0.988,1.477,1.899,7.64,47990,4,38.23,0.636,5,0.692,0.339,0.584,31648121,High
6059,Residential,Rural,12102,12,Hybrid,Pile,0.559,1.355,1.094,8.26,58878,28,26.08,0.777,18,0.699,0.698,0.919,12793237,Medium
6060,Residential,Semi-Urban,11682,10,Hybrid,Pile,0.571,1.817,1.425,8.26,41654,6,34.64,0.538,46,0.503,0.789,0.767,17684062,Medium
6061,Commercial,Rural,13335,7,Steel,Pile,0.684,0.832,1.075,5.21,17191,1,30.9,0.461,57,0.766,0.893,0.669,17020043,Medium
6062,Commercial,Semi-Urban,18033,4,Hybrid,Raft,0.918,1.051,1.458,8.84,12650,5,31.24,0.219,22,0.583,0.511,0.755,35821272,High
6063,Residential,Urban,16946,4,Hybrid,Raft,0.734,1.858,1.757,7.25,141659,10,25.99,0.079,59,0.796,0.741,0.54,41209287,High
6064,Industrial,Rural,3653,6,Steel,Pile,0.661,0.871,1.552,5.22,114028,14,24.87,0.471,53,0.975,0.177,0.553,5626622,Low
6065,Industrial,Urban,9700,14,Hybrid,Raft,0.781,1.072,1.808,5.65,87596,5,19.05,0.868,9,0.858,0.8,0.88,27442377,High
6066,Commercial,Semi-Urban,10723,9,Steel,Strip,0.63,1.222,1.653,7.12,171894,10,16.77,0.059,43,0.614,0.78,0.951,13734971,Medium
6067,Commercial,Rural,10773,7,Steel,Strip,0.701,1.701,1.34,5.17,53512,25,38.2,0.989,7,0.983,0.47,0.66,15633089,Medium
6068,Industrial,Rural,1251,5,Hybrid,Raft,0.666,1.472,1.044,7.96,186487,9,38.42,0.947,35,0.686,0.382,0.705,2208779,Low
6069,Residential,Urban,9349,5,RCC,Raft,0.902,1.946,1.23,3.89,28387,13,31.03,0.641,6,0.252,0.442,0.687,14938073,Medium
6070,Industrial,Rural,17584,8,RCC,Pile,0.962,1.073,1.141,8.45,106648,17,24.7,0.914,54,0.784,0.182,0.74,28603465,High
6071,Industrial,Rural,16720,6,Hybrid,Raft,0.88,1.847,2.003,4.81,114613,19,15.63,0.554,2,0.856,0.674,0.707,52921931,High
6072,Industrial,Urban,10848,1,Steel,Pile,0.72,1.139,2.194,3.92,122326,29,26.19,0.405,7,0.308,0.922,0.693,28030711,High
6073,Industrial,Rural,18424,1,Steel,Strip,0.752,1.095,2.025,8.15,135509,20,31.47,0.572,12,0.743,0.699,0.83,31804926,High
6074,Commercial,Urban,19916,9,Steel,Raft,0.563,1.398,1.894,4.44,49020,28,22.51,0.877,30,0.937,0.622,0.636,36378282,High
6075,Commercial,Urban,6667,8,Hybrid,Strip,0.873,0.885,1.323,8.06,85222,1,23.56,0.958,12,0.401,0.992,0.971,12426354,Medium
6076,Residential,Urban,6864,6,RCC,Raft,0.798,1.261,2.009,4.78,17961,9,26.81,0.838,25,0.668,0.588,0.654,11650442,Medium
6077,Residential,Urban,2483,13,Steel,Raft,0.951,1.227,1.829,8.6,146570,18,27.37,0.18,47,0.42,0.411,0.607,5386119,Low
6078,Residential,Urban,15129,1,Steel,Pile,0.6,0.992,0.88,4.31,53779,5,33.57,0.592,47,0.82,0.734,0.986,17340559,Medium
6079,Residential,Semi-Urban,16788,14,Hybrid,Pile,0.88,1.833,2.343,3.42,86433,14,27.49,0.445,1,0.665,0.569,0.614,48364151,High
6080,Industrial,Semi-Urban,11773,2,RCC,Raft,0.842,1.263,0.936,8.62,197151,29,36.13,0.481,2,0.542,0.975,0.768,17144344,Medium
6081,Commercial,Urban,8148,10,RCC,Raft,0.633,1.978,1.655,3.99,76483,19,27.07,0.428,14,0.223,0.908,0.664,12946345,Medium
6082,Commercial,Semi-Urban,8394,3,Hybrid,Pile,0.834,1.88,1.672,8.66,120769,15,15.8,0.068,48,0.956,0.952,0.539,29086751,High
6083,Residential,Semi-Urban,13805,10,RCC,Strip,0.962,1.034,2.223,7.94,127302,4,18.54,0.846,1,0.598,0.101,0.976,19379103,Medium
6084,Residential,Rural,13425,12,Hybrid,Raft,0.959,1.406,2.352,3.49,109711,4,32.95,0.978,58,0.843,0.401,0.687,32667979,High
6085,Industrial,Urban,19198,3,Steel,Pile,0.86,1.522,2.397,5.67,63571,27,26.3,0.21,16,0.514,0.664,0.822,72322200,High
6086,Industrial,Semi-Urban,10827,2,Hybrid,Raft,0.524,1.783,1.768,3.44,28065,18,26.53,0.622,37,0.879,0.377,0.931,19319121,Medium
6087,Residential,Rural,18533,12,Steel,Pile,0.936,1.863,1.954,4.98,187125,27,39.45,0.537,10,0.328,0.691,0.776,38703146,High
6088,Commercial,Rural,11911,2,Hybrid,Strip,0.829,1.549,0.95,5.11,21805,18,29.29,0.896,4,0.385,0.743,0.856,15518099,Medium
6089,Commercial,Urban,7400,6,Steel,Raft,0.655,0.842,1.629,6.6,24504,8,17.92,0.704,5,0.467,0.661,0.892,11295357,Medium
6090,Commercial,Urban,16637,7,Steel,Raft,0.594,1.378,2.326,8.86,96946,2,25.84,0.75,2,0.271,0.512,0.691,30718037,High
6091,Residential,Rural,4300,4,Hybrid,Strip,0.558,1.862,1.575,4.02,89410,16,29.03,0.952,22,0.555,0.727,0.814,4972062,Low
6092,Commercial,Urban,2978,1,Steel,Raft,0.525,1.657,0.918,4.97,165978,14,15.94,0.663,31,0.589,0.802,0.603,3866889,Low
6093,Industrial,Urban,10467,6,RCC,Raft,0.877,1.844,1.141,6.52,123804,26,24.12,0.454,3,0.292,0.726,0.528,21296915,Medium
6094,Industrial,Rural,10658,7,Hybrid,Raft,0.618,1.609,1.53,4.03,120084,23,39.2,0.052,46,0.542,0.831,0.993,18431069,Medium
6095,Residential,Rural,7554,4,RCC,Pile,0.512,0.853,1.204,7.26,44266,1,33.78,0.906,28,0.358,0.953,0.546,4890715,Low
6096,Industrial,Urban,6559,6,Steel,Pile,0.699,1.962,1.467,5.42,40743,17,24.3,0.59,16,0.9,0.192,0.714,18262283,Medium
6097,Residential,Semi-Urban,10459,9,Steel,Raft,0.741,1.902,1.366,8.7,170652,10,21.55,0.682,30,0.607,0.916,0.534,19480819,Medium
6098,Commercial,Urban,12507,4,Steel,Strip,0.585,0.952,1.342,6.78,127381,16,22.08,0.505,34,0.962,0.346,0.961,14465532,Medium
6099,Commercial,Semi-Urban,8933,12,Hybrid,Strip,0.522,0.935,0.955,5.18,56678,3,35.71,0.394,47,0.473,0.607,0.555,7181754,Low
6100,Commercial,Rural,6709,14,Steel,Raft,0.595,1.447,2.301,7.32,21390,19,25.04,0.504,20,0.473,0.948,0.893,10538285,Low
6101,Industrial,Semi-Urban,7615,10,RCC,Pile,0.84,1.708,1.978,8.03,140907,11,36.08,0.049,22,0.471,0.658,0.858,20769706,Medium
6102,Residential,Rural,13568,4,RCC,Pile,0.541,1.259,1.86,7.8,144362,25,37.72,0.798,47,0.415,0.176,0.523,11717422,Medium
6103,Commercial,Urban,19140,10,Hybrid,Raft,0.778,0.964,1.831,4.58,182476,15,26.6,0.158,30,0.827,0.549,0.861,42208440,High
6104,Residential,Urban,3868,12,RCC,Pile,0.573,1.413,1.474,5.5,164761,18,38.63,0.333,56,0.426,0.905,0.985,4972118,Low
6105,Commercial,Rural,16628,5,Hybrid,Pile,0.598,1.205,2.2,5.71,42582,20,22.5,0.087,52,0.43,0.471,0.761,25888150,High
6106,Industrial,Rural,3327,3,Hybrid,Strip,0.697,1.222,2.381,5.33,73751,19,21.5,0.82,0,0.238,0.863,0.645,6070826,Low
6107,Industrial,Rural,16490,10,Steel,Raft,0.55,1.574,0.81,4.87,154771,7,17.68,0.168,52,0.972,0.815,0.772,19994820,Medium
6108,Residential,Urban,2987,2,RCC,Pile,0.587,1.863,0.935,7.52,163059,6,21.15,0.399,10,0.909,0.916,0.561,4232922,Low
6109,Industrial,Urban,13847,9,RCC,Pile,0.674,1.47,1.947,3.07,68803,9,34.32,0.415,0,0.434,0.337,0.978,27562265,High
6110,Industrial,Semi-Urban,16777,13,RCC,Pile,0.665,1.625,1.201,4.76,129373,13,25.09,0.316,6,0.617,0.547,0.683,25792509,High
6111,Residential,Rural,2143,1,Steel,Raft,0.875,1.592,2.35,3.85,100271,8,18.7,0.86,40,0.586,0.402,0.729,4400643,Low
6112,Commercial,Semi-Urban,18096,5,Hybrid,Raft,0.537,1.461,1.935,3.77,60978,18,17.68,0.772,12,0.27,0.581,0.701,24923889,High
6113,Industrial,Urban,519,5,RCC,Pile,0.93,1.173,1.426,4.66,173437,3,27.26,0.744,53,0.625,0.117,0.514,1635636,Low
6114,Residential,Semi-Urban,1175,8,RCC,Strip,0.908,1.253,1.506,7.57,152093,1,28.48,0.225,19,0.291,0.318,0.517,1652578,Low
6115,Industrial,Semi-Urban,17492,6,RCC,Strip,0.883,1.179,1.975,8.82,42323,24,34.86,0.19,5,0.547,0.977,0.781,34312018,High
6116,Industrial,Urban,16945,6,RCC,Raft,0.655,1.901,1.04,6.09,176796,29,32.87,0.247,29,0.27,0.643,0.751,25247552,High
6117,Industrial,Urban,9957,6,Steel,Strip,0.911,1.792,2.302,5.03,16226,18,19.18,0.386,48,0.671,0.256,0.993,31858986,High
6118,Industrial,Rural,1654,4,Hybrid,Pile,0.591,1.495,0.808,7.98,126238,4,21.92,0.479,51,0.239,0.557,0.632,2405367,Low
6119,Residential,Semi-Urban,10320,1,RCC,Raft,0.562,1.895,2.464,3.4,110306,18,32.34,0.25,5,0.703,0.728,0.684,14917827,Medium
6120,Residential,Urban,10318,3,RCC,Raft,0.522,1.864,1.085,3.56,130736,16,19.51,0.458,33,0.766,0.643,0.994,10588621,Low
6121,Residential,Urban,4216,13,Hybrid,Strip,0.97,1.913,2.062,5.07,131351,18,35.08,0.184,34,0.657,0.552,0.524,11753392,Medium
6122,Industrial,Semi-Urban,5742,13,Steel,Raft,0.654,1.066,0.868,5.69,79335,3,31.43,0.269,19,0.576,0.707,0.821,7099868,Low
6123,Industrial,Urban,5522,10,Steel,Strip,0.959,1.661,1.533,7.79,48555,14,28.41,0.261,37,0.249,0.25,0.551,13235117,Medium
6124,Industrial,Rural,18326,12,Steel,Strip,0.636,1.531,1.872,8.55,92673,10,31.11,0.727,29,0.209,0.494,0.973,24946603,High
6125,Residential,Rural,2153,11,Steel,Pile,0.954,1.681,0.919,6.19,47256,29,17.49,0.458,50,0.474,0.775,0.644,3815728,Low
6126,Industrial,Semi-Urban,3002,6,RCC,Strip,0.952,1.116,1.554,5.97,44093,5,28.7,0.615,32,0.817,0.622,0.907,5801328,Low
6127,Commercial,Rural,17165,5,Hybrid,Strip,0.962,1.634,1.315,4.28,163161,8,26.28,0.669,53,0.718,0.916,0.956,38404500,High
6128,Industrial,Urban,14586,10,Hybrid,Raft,0.748,1.292,1.647,5.71,72445,26,27.82,0.069,23,0.3,0.499,0.924,31540393,High
6129,Commercial,Urban,3903,1,Hybrid,Pile,0.933,1.801,1.658,8.54,64816,18,23.44,0.795,30,0.75,0.219,0.778,13976603,Medium
6130,Industrial,Urban,1735,5,Steel,Pile,0.975,1.754,2.135,5.36,38637,29,26.7,0.284,15,0.66,0.144,0.987,6643970,Low
6131,Residential,Urban,13649,2,Steel,Strip,0.662,1.054,1.01,4.26,86469,5,37.08,0.51,39,0.333,0.53,0.838,12210492,Medium
6132,Industrial,Semi-Urban,14896,1,Hybrid,Raft,0.709,1.021,0.941,5.02,191707,27,23.62,0.338,15,0.804,0.494,0.893,21623527,Medium
6133,Commercial,Rural,14930,4,RCC,Raft,0.86,1.661,1.483,6.09,168938,12,16.12,0.774,26,0.864,0.331,0.622,23958858,High
6134,Commercial,Rural,17669,6,Steel,Raft,0.65,1.461,2.309,6.59,52598,29,21.41,0.228,35,0.386,0.631,0.709,27589555,High
6135,Industrial,Urban,14364,7,RCC,Pile,0.877,1.469,2.254,5.59,158113,4,26.36,0.964,21,0.709,0.325,0.799,44009765,High
6136,Commercial,Semi-Urban,16006,9,Hybrid,Pile,0.537,1.703,1.752,7.55,173535,12,28.34,0.4,14,0.503,0.295,0.573,27348986,High
6137,Commercial,Urban,12009,5,Steel,Strip,0.762,1.826,2.311,6.51,151202,13,25.68,0.712,45,0.247,0.66,0.983,28808996,High
6138,Residential,Urban,3694,8,RCC,Strip,0.561,1.087,2.169,6.99,87504,14,35.67,0.641,0,0.889,0.95,0.555,4335069,Low
6139,Industrial,Semi-Urban,5289,8,Steel,Raft,0.647,1.467,1.272,8.18,51273,14,37.88,0.743,53,0.857,0.282,0.866,9015855,Low
6140,Industrial,Semi-Urban,11138,11,Hybrid,Strip,0.629,1.795,1.089,8.19,93478,19,27.17,0.551,27,0.454,0.265,0.529,15873765,Medium
6141,Industrial,Urban,5850,9,Hybrid,Raft,0.919,1.847,1.312,4.22,96151,10,16.9,0.384,32,0.625,0.567,0.551,17211602,Medium
6142,Commercial,Rural,1033,3,Hybrid,Pile,0.597,1.145,1.186,6.74,133389,22,25.52,0.18,35,0.61,0.207,0.812,1481891,Low
6143,Industrial,Urban,4163,3,RCC,Strip,0.904,0.925,1.859,7.3,48374,9,19.53,0.519,14,0.342,0.365,0.726,7451669,Low
6144,Industrial,Rural,629,9,Steel,Raft,0.897,1.079,1.794,3.88,152064,24,22.09,0.061,30,0.317,0.992,0.502,1435393,Low
6145,Residential,Rural,13063,7,Steel,Pile,0.749,1.935,1.817,8.06,128536,18,35.82,0.059,56,0.875,0.857,0.697,28057326,High
6146,Residential,Semi-Urban,19843,4,Steel,Raft,0.617,1.355,1.122,4.08,191376,17,28.38,0.613,5,0.894,0.736,0.625,22999913,High
6147,Residential,Semi-Urban,2358,1,Hybrid,Strip,0.613,1.302,2.146,7.8,178401,24,35.71,0.48,3,0.78,0.123,0.936,3148386,Low
6148,Commercial,Urban,16235,7,RCC,Raft,0.732,0.816,1.537,3.97,57669,5,39.64,0.506,57,0.258,0.339,0.854,18696224,Medium
6149,Industrial,Rural,12842,10,Hybrid,Pile,0.504,0.861,1.603,7.45,41108,2,28.63,0.319,19,0.927,0.613,0.869,17106395,Medium
6150,Residential,Rural,4149,6,Hybrid,Strip,0.766,1.602,2.495,3.89,143727,10,37.81,0.791,3,0.985,0.739,0.975,9010834,Low
6151,Residential,Urban,11478,3,RCC,Pile,0.976,1.508,1.28,5.27,28652,1,32.09,0.201,9,0.82,0.702,0.855,24366516,High
6152,Residential,Urban,19981,14,Hybrid,Strip,0.577,1.491,1.47,3.86,49076,27,17.55,0.586,6,0.483,0.267,0.58,21984730,High
6153,Industrial,Urban,5360,5,Hybrid,Raft,0.787,0.932,1.95,4.62,88894,8,25.45,0.86,26,0.525,0.52,0.969,13425960,Medium
6154,Industrial,Semi-Urban,9912,3,Steel,Pile,0.981,1.222,2.297,8.91,73614,8,31.47,0.834,56,0.896,0.279,0.557,35791227,High
6155,Industrial,Urban,9333,8,RCC,Pile,0.93,1.775,1.016,3.65,38043,6,32.63,0.029,5,0.424,0.931,0.596,22221574,High
6156,Commercial,Urban,14635,5,RCC,Raft,0.925,1.01,2.05,5.44,142964,21,36.52,0.279,54,0.313,0.602,0.643,27424189,High
6157,Commercial,Rural,1223,10,Steel,Pile,0.911,1.859,2.361,7.06,20329,5,30.93,0.715,30,0.858,0.451,0.588,4254684,Low
6158,Residential,Urban,1237,10,RCC,Pile,0.655,0.946,1.519,3.57,179969,22,17.25,0.741,35,0.355,0.926,0.509,1688333,Low
6159,Industrial,Rural,14379,6,Steel,Pile,0.945,1.003,1.287,3.65,27930,21,18.56,0.483,26,0.926,0.914,0.73,29466588,High
6160,Residential,Rural,1799,2,Hybrid,Pile,0.971,1.373,1.952,3.86,50421,18,23.21,0.202,12,0.677,0.554,0.844,4189329,Low
6161,Industrial,Semi-Urban,839,8,RCC,Raft,0.748,1.934,1.218,6.87,34709,7,22.35,0.279,10,0.644,0.718,0.711,1552723,Low
6162,Industrial,Urban,652,9,RCC,Pile,0.677,1.195,1.453,8.46,50983,4,20.54,0.801,52,0.821,0.387,0.617,1612670,Low
6163,Industrial,Urban,10113,3,Hybrid,Pile,0.707,1.59,2.325,7.96,166544,23,30.43,0.192,8,0.213,0.377,0.941,30007216,High
6164,Commercial,Rural,14255,13,Hybrid,Pile,0.667,1.506,1.804,8.9,83512,1,25.74,0.942,7,0.771,0.595,0.694,29237448,High
6165,Commercial,Semi-Urban,16482,6,RCC,Strip,0.606,0.98,0.961,6.47,140769,22,32.12,0.501,9,0.679,0.862,0.919,12829447,Medium
6166,Industrial,Semi-Urban,19935,6,RCC,Strip,0.809,1.098,1.36,8.77,16219,2,24.67,0.283,1,0.619,0.637,0.589,26755763,High
6167,Residential,Urban,926,2,RCC,Raft,0.781,1.916,1.866,4.83,92644,19,21.85,0.39,23,0.374,0.513,0.667,1732584,Low
6168,Industrial,Rural,9827,10,Steel,Raft,0.731,1.022,1.619,5.53,151959,3,28.76,0.257,34,0.864,0.698,0.902,17511432,Medium
6169,Industrial,Urban,19256,8,RCC,Raft,0.548,1.634,1.923,5.38,160287,26,17.42,0.384,33,0.401,0.831,0.515,33123506,High
6170,Residential,Urban,12021,5,RCC,Pile,0.898,1.958,2.094,3.28,62479,1,39.72,0.131,49,0.592,0.809,0.96,33361616,High
6171,Industrial,Urban,17833,11,Hybrid,Strip,0.587,0.943,1.617,7.98,102614,21,31.39,0.823,10,0.326,0.434,0.698,23987670,High
6172,Residential,Urban,1873,11,Hybrid,Strip,0.557,1.279,2.478,3.15,55937,13,18.05,0.964,51,0.979,0.942,0.989,3524118,Low
6173,Commercial,Rural,7582,8,Steel,Raft,0.812,1.069,2.355,7.38,52241,8,30.56,0.659,0,0.356,0.114,0.851,12079095,Medium
6174,Commercial,Semi-Urban,10393,14,Hybrid,Strip,0.699,1.066,0.902,5.44,99627,12,16.86,0.809,4,0.843,0.506,0.975,13095738,Medium
6175,Residential,Urban,19366,13,RCC,Raft,0.53,0.943,1.253,3.04,51566,8,27.66,0.228,26,0.41,0.917,0.533,14616204,Medium
6176,Commercial,Urban,8093,14,RCC,Pile,0.678,1.579,1.311,4.74,95135,26,22.27,0.063,6,0.405,0.726,0.861,13483629,Medium
6177,Commercial,Urban,9995,8,Steel,Strip,0.886,1.696,1.113,5.08,6264,28,32.52,0.627,49,0.537,0.734,0.938,20274557,Medium
6178,Residential,Urban,17254,12,Hybrid,Pile,0.808,1.612,1.33,8.79,122248,27,27.18,0.818,36,0.877,0.241,0.994,36410358,High
6179,Commercial,Semi-Urban,8337,3,Hybrid,Pile,0.681,1.91,1.522,6.97,100221,7,34.65,0.834,51,0.75,0.624,0.517,19954308,Medium
6180,Industrial,Semi-Urban,11672,5,Hybrid,Strip,0.596,0.975,0.888,6.26,191100,23,20.74,0.533,37,0.897,0.97,0.542,13845476,Medium
6181,Industrial,Semi-Urban,19180,7,Steel,Raft,0.816,1.184,1.016,3.76,149741,8,31.4,0.622,0,0.238,0.29,0.866,26230284,High
6182,Residential,Semi-Urban,10817,5,Hybrid,Strip,0.944,1.213,0.964,5.35,177489,29,32.2,0.368,31,0.965,0.394,0.519,15423181,Medium
6183,Commercial,Urban,11434,6,Hybrid,Pile,0.823,1.078,0.879,3.21,43430,24,26.94,0.831,16,0.262,0.45,0.506,19803327,Medium
6184,Industrial,Rural,19248,2,Hybrid,Raft,0.906,0.971,1.619,7.57,74708,15,36.46,0.698,17,0.777,0.424,0.773,39248780,High
6185,Industrial,Semi-Urban,5730,8,RCC,Pile,0.761,1.384,1.367,3.98,131013,21,18.67,0.186,3,0.366,0.664,0.765,9351627,Low
6186,Commercial,Semi-Urban,14145,5,Steel,Raft,0.859,1.801,2.39,6.57,147882,7,33.96,0.279,48,0.873,0.311,0.807,43019797,High
6187,Commercial,Urban,9454,6,RCC,Strip,0.948,1.945,0.975,7.2,118323,12,18.3,0.152,12,0.89,0.555,0.507,19086492,Medium
6188,Industrial,Urban,12754,1,Steel,Pile,0.887,0.955,2.374,5.2,130102,18,18.92,0.506,4,0.641,0.46,0.752,39504191,High
6189,Industrial,Urban,17888,10,Hybrid,Raft,0.955,1.788,0.947,6.8,195367,4,20.04,0.202,21,0.522,0.68,0.643,50679500,High
6190,Residential,Urban,7557,2,RCC,Raft,0.716,1.789,1.853,7.59,195910,6,31.53,0.159,25,0.835,0.318,0.878,13482821,Medium
6191,Residential,Rural,4255,11,Hybrid,Strip,0.952,1.267,1.221,4.1,158621,11,30.98,0.16,3,0.899,0.598,0.674,6591365,Low
6192,Industrial,Rural,3346,4,Hybrid,Raft,0.811,0.932,2.206,6.61,129037,10,26.15,0.266,22,0.791,0.766,0.678,8155306,Low
6193,Residential,Semi-Urban,3464,11,Steel,Raft,0.935,1.988,0.905,7.4,196400,19,22.86,0.809,4,0.926,0.724,0.827,6971316,Low
6194,Industrial,Rural,9378,9,Hybrid,Pile,0.52,1.587,2.419,5.14,116560,18,30.32,0.938,8,0.701,0.851,0.83,21142760,Medium
6195,Industrial,Semi-Urban,13148,6,RCC,Strip,0.829,1.979,0.88,3.97,144175,12,18.6,0.996,12,0.736,0.961,0.529,22672356,High
6196,Residential,Semi-Urban,3255,8,Steel,Strip,0.924,1.38,1.21,4.72,8524,17,30.72,0.04,8,0.657,0.869,0.813,4832217,Low
6197,Residential,Rural,19616,2,Steel,Pile,0.587,1.274,1.589,8.6,23361,20,15.3,0.569,3,0.591,0.944,0.829,22349609,High
6198,Commercial,Semi-Urban,6973,10,RCC,Pile,0.831,1.097,2.085,5.14,63242,2,18.61,0.266,25,0.724,0.116,0.729,12696542,Medium
6199,Commercial,Urban,15054,5,Hybrid,Pile,0.912,1.98,2.417,3.65,5099,19,32.7,0.989,13,0.649,0.666,0.914,67133996,High
6200,Commercial,Semi-Urban,2193,12,Hybrid,Raft,0.644,1.104,1.528,3.5,123314,12,36.85,0.984,53,0.785,0.341,0.505,3605273,Low
6201,Industrial,Urban,11584,12,Hybrid,Strip,0.703,0.829,2.087,4.08,65167,26,16.89,0.934,1,0.947,0.828,0.984,24578284,High
6202,Residential,Rural,12503,13,Hybrid,Strip,0.785,1.415,2.036,3.77,80404,11,30.97,0.014,30,0.498,0.837,0.688,18948323,Medium
6203,Industrial,Rural,17568,1,Hybrid,Strip,0.76,1.252,1.771,5.97,9279,15,16.55,0.155,49,0.529,0.143,0.798,27214020,High
6204,Residential,Semi-Urban,3419,4,Steel,Raft,0.52,1.114,1.975,5.09,38938,11,36.97,0.552,50,0.212,0.636,0.517,3270047,Low
6205,Industrial,Urban,4256,10,Steel,Strip,0.549,1.562,0.865,8.05,189598,11,24.79,0.187,25,0.622,0.866,0.854,5849368,Low
6206,Commercial,Semi-Urban,3783,1,RCC,Strip,0.55,1.237,1.551,8.29,89266,22,33.53,0.855,1,0.305,0.629,0.772,3135117,Low
6207,Commercial,Rural,5191,11,Hybrid,Strip,0.631,1.283,2.136,5.84,23711,10,19.32,0.7,40,0.773,0.483,0.98,7876574,Low
6208,Commercial,Semi-Urban,7850,11,Hybrid,Strip,0.623,0.828,1.606,8.33,58634,19,36.53,0.184,45,0.824,0.169,0.711,9279869,Low
6209,Industrial,Semi-Urban,18040,9,Hybrid,Pile,0.871,1.507,2.285,5.7,5224,3,25.73,0.818,43,0.778,0.757,0.861,67639792,High
6210,Residential,Urban,3561,2,RCC,Raft,0.786,0.946,2.217,6.85,103006,4,20.22,0.498,51,0.637,0.167,0.537,5604693,Low
6211,Residential,Rural,6419,7,Hybrid,Strip,0.882,1.057,2.268,3.98,189717,3,29.31,0.71,36,0.627,0.638,0.532,11257388,Medium
6212,Commercial,Semi-Urban,18176,3,Steel,Strip,0.535,1.661,1.021,3.32,17242,15,22.2,0.14,1,0.717,0.926,0.975,19000804,Medium
6213,Commercial,Urban,10576,14,Hybrid,Strip,0.743,1.176,1.215,3.96,39208,6,22.18,0.518,39,0.644,0.477,0.627,16714711,Medium
6214,Commercial,Semi-Urban,10252,2,RCC,Strip,0.662,0.996,0.85,4.51,91870,9,17.86,0.776,27,0.8,0.793,0.956,9061098,Low
6215,Commercial,Urban,16512,13,Steel,Strip,0.925,1.493,2.471,7.51,62498,8,20.35,0.346,55,0.916,0.82,0.544,55036703,High
6216,Residential,Urban,9675,4,Steel,Pile,0.854,1.058,1.201,4.04,165395,2,34.95,0.187,22,0.629,0.109,0.819,14728799,Medium
6217,Industrial,Semi-Urban,8402,7,Steel,Pile,0.935,1.125,1.424,3.78,30645,19,28.09,0.639,6,0.288,0.923,0.776,19178907,Medium
6218,Industrial,Rural,2567,7,Hybrid,Raft,0.523,1.546,1.267,8.57,53238,15,23.87,0.644,38,0.305,0.27,0.983,3248631,Low
6219,Industrial,Rural,2479,9,RCC,Raft,0.86,1.688,0.868,7.13,165454,8,38.23,0.204,39,0.501,0.354,0.702,3888073,Low
6220,Industrial,Urban,18620,12,RCC,Strip,0.77,1.688,1.244,5.84,74859,19,34.93,0.069,51,0.597,0.884,0.524,34471615,High
6221,Commercial,Rural,18802,13,Hybrid,Strip,0.913,1.379,0.967,3.57,13493,5,22.76,0.166,21,0.38,0.718,0.737,25380449,High
6222,Commercial,Urban,1200,3,RCC,Pile,0.754,1.345,1.47,8.11,108505,12,17.77,0.276,59,0.562,0.435,0.912,2667816,Low
6223,Commercial,Rural,4546,7,Steel,Raft,0.77,1.745,2.444,3.65,57367,27,19.61,0.036,55,0.309,0.179,0.526,8836950,Low
6224,Industrial,Semi-Urban,2573,6,Steel,Strip,0.526,1.032,1.987,6.67,105921,12,31.88,0.923,55,0.393,0.448,0.518,3407149,Low
6225,Commercial,Rural,12445,10,RCC,Strip,0.834,0.983,2.002,7.01,68629,28,29.08,0.231,35,0.787,0.97,0.911,18146021,Medium
6226,Commercial,Urban,17278,7,RCC,Strip,0.637,1.598,1.57,5.4,10460,9,39.52,0.739,0,0.988,0.194,0.912,24562576,High
6227,Residential,Urban,3548,7,Hybrid,Raft,0.51,1.291,2.179,8.47,140642,18,15.34,0.415,33,0.349,0.862,0.6,5310841,Low
6228,Residential,Rural,1022,10,Hybrid,Pile,0.533,1.652,2.344,3.3,142752,25,36.92,0.502,3,0.471,0.393,0.829,1575706,Low
6229,Commercial,Semi-Urban,11601,5,Hybrid,Pile,0.979,1.108,2.435,7.91,35309,10,15.36,0.537,40,0.481,0.689,0.532,37229566,High
6230,Residential,Urban,9241,9,Hybrid,Strip,0.673,1.19,0.968,6.32,117201,5,25.62,0.773,34,0.379,0.668,0.883,10472922,Low
6231,Residential,Urban,18352,7,Hybrid,Strip,0.934,1.876,2.295,6.67,153893,15,37.91,0.788,52,0.363,0.393,0.653,46080264,High
6232,Commercial,Urban,13174,7,Hybrid,Strip,0.98,1.306,1.183,8.92,182032,25,31.46,0.141,30,0.305,0.149,0.615,24256875,High
6233,Commercial,Urban,18305,12,Steel,Strip,0.972,1.509,1.475,6.5,199800,20,29.58,0.303,32,0.926,0.234,0.839,46205233,High
6234,Commercial,Urban,785,14,RCC,Strip,0.941,0.928,1.387,7.78,26585,24,22.84,0.573,4,0.719,0.609,0.956,1245544,Low
6235,Commercial,Semi-Urban,19629,3,Hybrid,Raft,0.947,1.015,1.948,3.92,48402,24,39.15,0.33,42,0.432,0.954,0.521,44918214,High
6236,Industrial,Rural,12457,1,Steel,Pile,0.645,0.843,1.816,7.86,180973,19,19.21,0.133,42,0.406,0.933,0.572,18537739,Medium
6237,Industrial,Semi-Urban,7608,14,RCC,Raft,0.576,1.309,0.985,7.57,184698,21,21.75,0.408,10,0.672,0.202,0.628,7608159,Low
6238,Commercial,Semi-Urban,15490,14,RCC,Raft,0.82,1.987,2.131,8.81,94153,10,26.32,0.218,31,0.758,0.888,0.964,39254870,High
6239,Residential,Urban,18329,5,RCC,Strip,0.744,1.849,1.547,8.61,83101,17,18.16,0.143,46,0.402,0.31,0.939,24010915,High
6240,Commercial,Semi-Urban,6337,8,Hybrid,Raft,0.549,1.559,0.804,4.28,134622,29,25.59,0.304,0,0.478,0.919,0.954,7251752,Low
6241,Commercial,Urban,15532,5,Hybrid,Pile,0.839,1.833,1.505,5.79,97051,6,15.98,0.3,42,0.432,0.783,0.689,46903401,High
6242,Residential,Semi-Urban,1966,10,Hybrid,Strip,0.781,1.513,1.678,8.47,86772,9,38.1,0.097,5,0.27,0.965,0.616,3309666,Low
6243,Industrial,Urban,9606,3,RCC,Pile,0.932,1.243,0.917,6.84,40740,28,23.05,0.584,27,0.509,0.498,0.596,18520802,Medium
6244,Commercial,Urban,8979,9,RCC,Raft,0.805,1.008,1.057,5.78,50913,17,30.85,0.314,16,0.627,0.758,0.941,12750642,Medium
6245,Commercial,Semi-Urban,10780,2,Steel,Strip,0.787,1.584,2.489,3.65,19162,18,36.76,0.173,49,0.724,0.762,0.616,25226374,High
6246,Industrial,Semi-Urban,6432,3,Steel,Pile,0.72,1.032,2.281,5.11,46697,14,35.46,0.819,10,0.533,0.547,0.765,15407736,Medium
6247,Industrial,Rural,10496,12,Steel,Pile,0.731,1.301,1.027,6.99,101538,23,36.83,0.003,40,0.987,0.977,0.666,19886204,Medium
6248,Residential,Rural,1678,4,Steel,Strip,0.977,1.791,1.787,7.66,182501,6,33.01,0.454,26,0.701,0.319,0.749,3462914,Low
6249,Industrial,Rural,3051,10,RCC,Pile,0.569,0.955,1.445,5.68,22124,26,19.84,0.435,11,0.909,0.988,0.673,3569621,Low
6250,Industrial,Semi-Urban,16525,1,Hybrid,Strip,0.723,0.955,1.724,3.34,68390,11,24.16,0.671,12,0.933,0.831,0.646,30665122,High
6251,Industrial,Semi-Urban,10280,11,Hybrid,Strip,0.828,1.069,1.6,6.8,64227,19,27.8,0.389,30,0.857,0.654,0.714,22344942,High
6252,Residential,Urban,10648,4,Hybrid,Raft,0.717,1.462,0.882,8.53,184608,16,23.42,0.513,34,0.416,0.168,0.666,14383326,Medium
6253,Industrial,Rural,10467,4,Hybrid,Pile,0.642,1.102,1.336,5.98,115277,2,38.88,0.908,24,0.545,0.333,0.92,16461585,Medium
6254,Industrial,Urban,5362,9,Steel,Strip,0.644,1.404,1.013,8.57,47687,7,35.17,0.168,29,0.2,0.857,0.79,7714363,Low
6255,Residential,Urban,9679,8,RCC,Raft,0.617,1.162,1.631,5.12,129215,26,34.97,0.106,35,0.561,0.755,0.588,10316589,Low
6256,Industrial,Urban,6355,2,Hybrid,Raft,0.672,1.407,2.342,8.32,45326,26,24.03,0.747,20,0.435,0.966,0.618,18241663,Medium
6257,Industrial,Urban,18087,13,RCC,Strip,0.936,1.133,2.492,7.72,138701,21,33.87,0.743,47,0.29,0.457,0.527,38992635,High
6258,Residential,Rural,1619,7,Steel,Strip,0.753,1.976,2.405,8.77,99114,6,30.35,0.92,54,0.871,0.905,0.65,3605610,Low
6259,Commercial,Urban,4475,6,Steel,Pile,0.62,1.391,2.476,7.75,198496,15,24.38,0.983,35,0.739,0.876,0.835,12214917,Medium
6260,Residential,Semi-Urban,13419,7,Hybrid,Pile,0.692,1.692,0.826,4.93,170396,25,22.71,0.384,27,0.999,0.97,0.591,22013540,High
6261,Industrial,Semi-Urban,10102,11,Hybrid,Pile,0.553,1.641,2.04,8.4,33206,13,34.72,0.377,26,0.599,0.345,0.55,22534318,High
6262,Industrial,Semi-Urban,13195,4,Steel,Strip,0.952,1.389,1.264,7.02,125635,7,29.92,0.905,11,0.465,0.545,0.661,26144785,High
6263,Industrial,Rural,1792,14,Steel,Raft,0.704,1.087,2.272,3.97,11032,20,15.92,0.861,9,0.411,0.173,0.806,2846884,Low
6264,Residential,Urban,9886,14,RCC,Raft,0.99,1.413,2.183,3.28,157336,27,15.54,0.375,25,0.548,0.632,0.736,20418946,Medium
6265,Industrial,Rural,10640,5,Steel,Strip,0.674,1.617,1.52,5.2,59012,25,36.05,0.076,28,0.448,0.759,0.666,15320802,Medium
6266,Industrial,Urban,19101,6,RCC,Pile,0.918,1.352,1.605,7.72,104014,3,17.25,0.581,44,0.993,0.314,0.941,52010615,High
6267,Residential,Rural,12272,9,Steel,Raft,0.628,0.898,1.251,6.71,100896,15,27.98,0.269,5,0.346,0.253,0.734,8368359,Low
6268,Commercial,Rural,7090,2,RCC,Raft,0.538,0.822,1.291,6.16,68493,20,30.22,0.909,24,0.215,0.676,0.728,4741381,Low
6269,Commercial,Urban,14477,11,Steel,Pile,0.516,1.193,2.468,3.02,128913,26,37.9,0.806,7,0.304,0.454,0.516,22184617,High
6270,Industrial,Rural,17901,9,Steel,Raft,0.803,0.98,2.311,5.61,21333,3,27.86,0.901,10,0.913,0.484,0.82,39918606,High
6271,Residential,Urban,5676,10,RCC,Pile,0.656,1.887,1.126,3.95,146954,26,19.85,0.081,16,0.755,0.524,0.73,8231908,Low
6272,Industrial,Semi-Urban,12899,1,RCC,Raft,0.722,1.011,1.268,5.73,106690,27,21.52,0.865,37,0.827,0.56,0.573,16670979,Medium
6273,Residential,Semi-Urban,7147,4,Hybrid,Raft,0.909,1.273,0.985,8.95,27639,15,16.22,0.593,46,0.456,0.276,0.622,10438466,Low
6274,Residential,Semi-Urban,6515,12,Hybrid,Raft,0.624,1.654,2.481,8.28,72663,28,20.55,0.215,12,0.698,0.62,0.601,12302337,Medium
6275,Commercial,Rural,16345,5,Steel,Pile,0.654,1.779,2.342,4.86,118092,3,35.38,0.301,40,0.766,0.162,0.561,32456417,High
6276,Commercial,Semi-Urban,18973,9,Steel,Raft,0.923,1.373,1.739,6.56,23479,28,33.92,0.457,14,0.461,0.202,0.718,37143285,High
6277,Residential,Urban,2556,6,RCC,Raft,0.746,1.017,1.978,6.01,53790,15,17.05,0.628,18,0.78,0.74,0.682,3900024,Low
6278,Industrial,Semi-Urban,12676,4,Steel,Raft,0.914,1.125,2.072,3.78,37858,1,26.99,0.233,18,0.704,0.758,0.68,33389284,High
6279,Commercial,Semi-Urban,10503,2,Hybrid,Strip,0.687,1.303,1.146,8.94,195084,21,22.55,0.207,9,0.437,0.34,0.626,13731781,Medium
6280,Industrial,Rural,14247,5,RCC,Raft,0.699,1.238,2.389,5.55,160364,20,31.25,0.892,27,0.242,0.266,0.718,18970273,Medium
6281,Commercial,Urban,3614,8,Steel,Raft,0.584,1.218,1.695,6.03,9005,11,39.03,0.845,36,0.39,0.149,0.774,5039495,Low
6282,Commercial,Rural,13942,8,RCC,Pile,0.958,0.958,0.957,6.89,162771,25,30.77,0.767,24,0.696,0.477,0.806,17707055,Medium
6283,Industrial,Rural,7883,6,Hybrid,Pile,0.948,1.896,1.475,4.15,106460,4,33.64,0.761,14,0.679,0.558,0.61,25585591,High
6284,Commercial,Urban,2129,11,Hybrid,Strip,0.992,0.836,1.823,4.33,160910,19,24.95,0.766,34,0.606,0.91,0.864,5392074,Low
6285,Commercial,Rural,18427,1,Hybrid,Pile,0.701,1.328,1.4,4.16,165144,22,15.82,0.924,15,0.401,0.102,0.514,25977819,High
6286,Industrial,Urban,18788,8,Steel,Pile,0.909,1.976,1.989,5.31,39025,28,25.45,0.844,36,0.556,0.465,0.875,69956177,High
6287,Commercial,Semi-Urban,18320,4,Steel,Pile,0.707,1.592,2.299,4.2,127632,28,27.77,0.389,26,0.315,0.477,0.641,37062082,High
6288,Commercial,Urban,3817,14,Steel,Strip,0.727,1.226,2.112,8.56,42864,10,27.32,0.471,4,0.73,0.898,0.685,8508961,Low
6289,Commercial,Urban,11751,2,Steel,Strip,0.915,0.975,1.893,7.29,37983,27,20.84,0.605,58,0.895,0.276,0.79,26050434,High
6290,Industrial,Urban,4616,1,Steel,Raft,0.589,1.957,1.671,8.39,158546,21,26.87,0.476,23,0.571,0.16,0.805,9636536,Low
6291,Residential,Rural,10123,7,Steel,Raft,0.61,0.817,1.233,8.09,59616,4,32.95,0.297,1,0.37,0.443,0.711,7164235,Low
6292,Industrial,Urban,6623,2,Hybrid,Pile,0.657,1.618,1.573,7.22,63541,16,22.79,0.861,39,0.862,0.651,0.969,19323022,Medium
6293,Residential,Urban,3561,13,Hybrid,Raft,0.894,1.856,1.298,4.46,43948,1,30.85,0.803,48,0.45,0.872,0.929,9230268,Low
6294,Commercial,Urban,8589,4,Steel,Raft,0.686,0.83,2.388,6.69,186126,27,18.83,0.39,52,0.675,0.342,0.613,15834526,Medium
6295,Residential,Semi-Urban,4231,4,Hybrid,Strip,0.679,1.67,2.342,4.12,14744,13,21.95,0.115,34,0.26,0.326,0.794,6725340,Low
6296,Industrial,Urban,6827,13,RCC,Strip,0.999,1.999,1.065,3.79,24318,19,37.1,0.005,52,0.774,0.393,0.86,15231683,Medium
6297,Industrial,Rural,16861,10,Steel,Raft,0.692,1.568,2.198,6.8,178864,14,30.67,0.092,56,0.569,0.206,0.608,32608564,High
6298,Commercial,Urban,16407,1,RCC,Raft,0.624,1.298,1.995,6.75,171207,13,17.15,0.155,59,0.539,0.979,0.509,27842279,High
6299,Residential,Urban,2546,2,Steel,Raft,0.812,1.849,2.458,3.94,151744,29,21.62,0.658,58,0.948,0.587,0.988,7614996,Low
6300,Commercial,Semi-Urban,11832,1,Steel,Pile,0.901,1.465,1.588,5.11,183644,4,39.85,0.22,32,0.593,0.345,0.979,26952914,High
6301,Commercial,Urban,5564,6,Hybrid,Strip,0.535,1.699,2.028,3.4,72628,10,21.75,0.635,53,0.213,0.426,0.66,8479188,Low
6302,Industrial,Rural,9945,13,RCC,Raft,0.809,1.505,1.68,7.29,151504,27,29.51,0.328,41,0.968,0.879,0.62,20601091,Medium
6303,Residential,Urban,1222,3,Hybrid,Raft,0.518,0.846,0.918,8.92,172276,8,28.76,0.895,31,0.21,0.706,0.577,1346025,Low
6304,Residential,Rural,13789,1,Steel,Pile,0.763,1.056,0.88,7.44,194319,9,25.06,0.469,59,0.629,0.598,0.844,15783273,Medium
6305,Residential,Semi-Urban,15710,12,RCC,Strip,0.628,0.895,1.008,8.06,108532,14,15.84,0.673,31,0.707,0.752,0.878,11533367,Medium
6306,Residential,Urban,8064,8,Steel,Pile,0.653,0.928,1.304,5.86,148706,8,22.11,0.461,15,0.916,0.78,0.71,11758965,Medium
6307,Commercial,Semi-Urban,8775,14,Hybrid,Pile,0.734,0.818,1.24,3.57,44766,25,38.83,0.913,44,0.743,0.275,0.621,12596588,Medium
6308,Commercial,Urban,4319,12,Steel,Raft,0.964,1.305,2.038,7.36,18449,26,15.48,0.687,37,0.849,0.243,0.724,12946258,Medium
6309,Industrial,Rural,3864,14,Steel,Pile,0.855,1.014,2.017,4.54,86077,1,32.89,0.642,44,0.816,0.97,0.758,10381584,Low
6310,Commercial,Semi-Urban,4818,4,Hybrid,Pile,0.968,1.827,2.451,5.33,138931,11,37.32,0.592,43,0.371,0.267,0.772,16858216,Medium
6311,Commercial,Urban,19664,10,Steel,Raft,0.83,1.7,1.328,7.22,143543,16,34.06,0.989,22,0.76,0.518,0.722,44700815,High
6312,Industrial,Rural,11979,7,RCC,Strip,0.504,1.488,2.395,8.43,163022,1,23.08,0.685,25,0.71,0.985,0.502,16674561,Medium
6313,Industrial,Semi-Urban,7898,10,Hybrid,Raft,0.633,1.387,1.842,5.92,36233,19,28.01,0.754,57,0.395,0.475,0.736,14410520,Medium
6314,Industrial,Urban,2952,2,Steel,Strip,0.953,1.107,1.642,8.77,117719,29,36.69,0.082,4,0.303,0.563,0.674,6420068,Low
6315,Commercial,Semi-Urban,925,6,Hybrid,Pile,0.822,1.37,1.935,6.12,120829,20,39.39,0.814,6,0.801,0.819,0.778,2849245,Low
6316,Commercial,Urban,14365,6,Steel,Pile,0.991,1.569,1.995,3.74,183437,18,17.43,0.597,33,0.977,0.406,0.535,54211521,High
6317,Industrial,Rural,14007,7,Hybrid,Raft,0.578,1.739,1.092,6.11,88023,26,18.11,0.337,49,0.791,0.488,0.94,21216637,Medium
6318,Industrial,Rural,9299,12,Hybrid,Raft,0.648,0.898,2.078,8.16,34272,7,38.9,0.582,9,0.8,0.399,0.938,15037303,Medium
6319,Industrial,Semi-Urban,2624,1,RCC,Raft,0.681,1.65,2.033,6.23,124340,9,36.82,0.626,55,0.333,0.359,0.782,4848337,Low
6320,Commercial,Semi-Urban,18184,14,Hybrid,Pile,0.663,1.691,2.496,7.49,19601,27,20.28,0.26,21,0.398,0.525,0.869,45846356,High
6321,Commercial,Urban,5515,12,RCC,Pile,0.626,1.471,2.35,6.29,85890,6,39.25,0.437,20,0.669,0.771,0.719,11534450,Medium
6322,Residential,Rural,9157,1,Hybrid,Strip,0.722,1.057,1.964,6.28,67195,20,20.23,0.721,18,0.225,0.881,0.795,10403628,Low
6323,Commercial,Urban,18848,2,Hybrid,Raft,0.821,1.447,2.011,4.71,46352,6,17.21,0.226,51,0.734,0.523,0.809,52890427,High
6324,Commercial,Rural,11231,14,Steel,Pile,0.656,1.403,2.408,4.21,21351,1,32.05,0.836,55,0.316,0.389,0.677,19654586,Medium
6325,Commercial,Semi-Urban,19244,11,Steel,Strip,0.54,1.371,2.444,4.67,98471,6,28.49,0.078,41,0.531,0.92,0.98,30000526,High
6326,Industrial,Urban,18923,2,Steel,Raft,0.854,1.353,2.206,5.65,150409,16,20.99,0.581,38,0.456,0.402,0.801,56063148,High
6327,Commercial,Urban,16808,5,Hybrid,Raft,0.73,0.933,2.105,7.86,23196,4,38.21,0.38,44,0.285,0.798,0.995,34079180,High
6328,Industrial,Rural,18068,1,Hybrid,Strip,0.778,1.019,0.989,7.97,68983,3,25.11,0.053,24,0.663,0.774,0.716,25835055,High
6329,Residential,Rural,15143,11,RCC,Strip,0.728,0.917,2.212,3.98,13066,22,25.07,0.774,12,0.489,0.145,0.516,12855204,Medium
6330,Residential,Rural,4434,2,RCC,Strip,0.945,1.091,1.23,6.32,98532,9,30.8,0.547,42,0.235,0.26,0.651,4127003,Low
6331,Industrial,Semi-Urban,11909,6,RCC,Pile,0.779,1.116,1.758,5.5,77425,24,20.77,0.715,18,0.556,0.616,0.825,21632009,Medium
6332,Industrial,Urban,8672,3,Steel,Raft,0.962,1.094,1.489,6.43,141147,24,29.67,0.38,53,0.672,0.881,0.955,23712891,High
6333,Industrial,Rural,1277,4,Steel,Raft,0.755,1.053,1.388,6.89,8783,25,24.1,0.86,6,0.304,0.635,0.808,1842327,Low
6334,Commercial,Semi-Urban,16405,1,RCC,Strip,0.646,1.683,1.327,4.68,60019,22,32.38,0.084,30,0.668,0.768,0.736,20062499,Medium
6335,Residential,Rural,2918,5,Hybrid,Pile,0.678,1.782,2.254,8.52,15710,8,21.19,0.233,1,0.442,0.761,0.54,5725671,Low
6336,Industrial,Urban,12954,4,Steel,Strip,0.761,1.193,2.108,8.61,83580,7,19.64,0.795,43,0.408,0.545,0.572,28878568,High
6337,Commercial,Rural,2939,8,Steel,Pile,0.765,1.166,1.69,3.63,139775,12,21.25,0.955,44,0.836,0.605,0.527,5789406,Low
6338,Residential,Urban,8304,3,RCC,Raft,0.844,1.813,1.93,7.22,197021,1,38.4,0.846,3,0.574,0.164,0.856,16209481,Medium
6339,Commercial,Semi-Urban,13523,10,Steel,Raft,0.612,1.549,2.474,3.2,10411,22,36.23,0.231,0,0.502,0.935,0.916,26462640,High
6340,Residential,Semi-Urban,15326,1,RCC,Pile,0.829,1.152,1.476,3.28,199318,12,35.72,0.349,51,0.85,0.707,0.582,22667505,High
6341,Commercial,Rural,13712,14,Steel,Raft,0.889,1.656,1.737,8.75,28160,16,34.52,0.765,46,0.928,0.239,0.663,30822432,High
6342,Residential,Urban,2489,13,Hybrid,Raft,0.838,1.214,1.707,7.17,180199,14,30.92,0.946,59,0.452,0.32,0.74,5113421,Low
6343,Residential,Urban,8368,10,Hybrid,Strip,0.741,1.504,2.391,4.95,94064,11,17.46,0.289,49,0.24,0.104,0.571,13814686,Medium
6344,Commercial,Urban,9758,5,Steel,Pile,0.996,1.991,1.398,7.02,19289,20,23.12,0.386,22,0.633,0.338,0.708,31428553,High
6345,Industrial,Rural,1444,14,RCC,Raft,0.702,1.162,2.477,8.08,158273,19,29.05,0.023,46,0.772,0.385,0.983,2789057,Low
6346,Residential,Urban,18781,1,Steel,Raft,0.553,1.917,1.318,8.23,66096,19,17.64,0.504,16,0.67,0.715,0.86,25486064,High
6347,Industrial,Urban,5650,11,RCC,Pile,0.911,1.185,0.985,3.12,175840,13,15.75,0.088,21,0.75,0.529,0.583,11865551,Medium
6348,Commercial,Urban,18581,5,Steel,Raft,0.606,1.448,1.125,7.91,131695,12,17.34,0.086,34,0.717,0.859,0.549,29772953,High
6349,Industrial,Urban,11506,9,Hybrid,Pile,0.857,1.352,1.525,8.12,189781,10,17.7,0.761,7,0.965,0.178,0.723,37200332,High
6350,Industrial,Rural,11180,5,Hybrid,Pile,0.589,1.74,1.905,6.57,194181,15,17.74,0.344,55,0.893,0.736,0.994,26167044,High
6351,Industrial,Rural,15704,2,Steel,Strip,0.508,0.873,1.679,5.88,164097,29,19.75,0.936,59,0.305,0.887,0.897,13945995,Medium
6352,Industrial,Urban,2165,13,Steel,Pile,0.58,1.553,1.44,3.67,73966,29,27.48,0.716,54,0.562,0.479,0.647,4387431,Low
6353,Industrial,Urban,13311,2,Steel,Strip,0.688,1.713,1.755,4.44,48403,28,22.14,0.295,6,0.564,0.36,0.513,25480529,High
6354,Residential,Semi-Urban,9451,10,Hybrid,Raft,0.553,1.367,2.226,5.94,133798,13,36.5,0.682,0,0.565,0.501,0.706,13092862,Medium
6355,Residential,Semi-Urban,10849,9,Hybrid,Pile,0.599,0.926,2.226,8.19,148214,13,36.9,0.866,24,0.945,0.81,0.58,19095308,Medium
6356,Residential,Urban,10043,12,RCC,Strip,0.882,1.094,2.035,7.82,121590,24,38.01,0.436,50,0.462,0.927,0.59,14989375,Medium
6357,Commercial,Urban,9960,14,Steel,Pile,0.885,1.616,2.419,5.98,141017,15,26.78,0.562,23,0.691,0.159,0.581,33784076,High
6358,Industrial,Semi-Urban,2285,5,Steel,Raft,0.909,1.875,1.803,7.71,106633,17,34.35,0.217,49,0.917,0.576,0.86,7657956,Low
6359,Residential,Semi-Urban,6448,11,Hybrid,Strip,0.921,1.306,0.813,7.59,104731,23,29.77,0.402,32,0.24,0.676,0.518,7771584,Low
6360,Commercial,Urban,14998,8,Steel,Strip,0.71,1.472,1.295,6.47,190574,11,18.61,0.579,10,0.903,0.116,0.782,23678106,High
6361,Residential,Rural,19491,10,RCC,Strip,0.934,1.074,1.358,4.32,31771,10,30.89,0.615,31,0.812,0.263,0.876,19939068,Medium
6362,Residential,Rural,3130,4,Steel,Raft,0.763,1.295,1.73,5.09,106921,4,35.93,0.72,28,0.366,0.156,0.578,4141143,Low
6363,Industrial,Urban,8160,2,Hybrid,Strip,0.735,1.204,2.338,3.98,169641,17,23.7,0.957,0,0.46,0.361,0.946,18396453,Medium
6364,Commercial,Urban,738,4,Steel,Raft,0.859,1.587,2.225,3.04,170028,14,33.67,0.839,46,0.448,0.285,0.539,2345936,Low
6365,Industrial,Semi-Urban,14391,12,Hybrid,Raft,0.607,1.982,1.195,3.48,62538,2,34.36,0.852,7,0.377,0.538,0.841,25994989,High
6366,Industrial,Semi-Urban,9838,11,RCC,Pile,0.895,1.776,1.683,7.56,99690,7,31.09,0.558,44,0.711,0.69,0.586,27125547,High
6367,Residential,Rural,10249,4,RCC,Raft,0.715,1.031,1.921,3.2,62470,16,37.08,0.144,28,0.986,0.858,0.903,12731707,Medium
6368,Industrial,Urban,10849,11,Steel,Strip,0.564,1.493,2.479,5.4,42088,26,18.62,0.635,30,0.333,0.374,0.786,18946335,Medium
6369,Commercial,Semi-Urban,14082,9,Steel,Strip,0.56,0.88,0.853,8.91,65178,17,36.09,0.406,56,0.386,0.145,0.795,10090015,Low
6370,Industrial,Rural,12143,10,Hybrid,Raft,0.582,1.096,1.589,7.77,24678,22,30.27,0.032,34,0.432,0.103,0.673,14897989,Medium
6371,Industrial,Rural,12745,11,RCC,Raft,0.945,1.007,2.48,7.5,171451,4,36.39,0.195,6,0.95,0.86,0.642,32340634,High
6372,Industrial,Rural,8399,6,RCC,Pile,0.995,1.203,2.461,4.65,42419,3,28.32,0.759,30,0.701,0.89,0.732,24319342,High
6373,Residential,Semi-Urban,7645,10,RCC,Pile,0.678,1.615,1.362,6.85,145885,23,23.2,0.631,44,0.37,0.191,0.879,8359056,Low
6374,Commercial,Semi-Urban,6361,6,RCC,Strip,0.646,1.399,0.8,5.99,107554,25,37.43,0.978,49,0.843,0.109,0.584,5601894,Low
6375,Residential,Urban,13551,5,Steel,Raft,0.609,1.919,1.797,6.74,183213,5,36.94,0.923,59,0.938,0.82,0.908,28205988,High
6376,Residential,Urban,17132,6,Steel,Strip,0.912,1.055,2.274,5.61,181731,6,21.69,0.594,55,0.523,0.677,0.74,34008291,High
6377,Residential,Rural,12821,1,Hybrid,Raft,0.605,1.237,1.351,6.19,172572,23,33.6,0.155,31,0.338,0.601,0.726,12149208,Medium
6378,Residential,Rural,4823,13,RCC,Strip,0.962,1.196,2.388,8.93,130907,26,17.28,0.336,29,0.448,0.58,0.508,7068302,Low
6379,Residential,Semi-Urban,3360,5,Steel,Strip,0.834,1.083,1.366,4.98,60308,29,17.15,0.233,11,0.374,0.796,0.562,3996275,Low
6380,Commercial,Semi-Urban,17607,12,Steel,Strip,0.949,1.992,1.837,4.3,64740,28,27.79,0.471,34,0.361,0.364,0.716,39932452,High
6381,Industrial,Urban,15419,6,RCC,Raft,0.777,1.265,2.027,5.69,171292,6,15.89,0.801,9,0.337,0.45,0.991,29869354,High
6382,Residential,Urban,1069,8,Steel,Pile,0.845,1.929,1.387,6.15,126695,6,25.84,0.822,25,0.901,0.17,0.625,2745794,Low
6383,Residential,Urban,8911,4,Hybrid,Pile,0.81,1.269,1.399,3.51,156855,19,34.77,0.178,4,0.269,0.61,0.505,15979322,Medium
6384,Commercial,Semi-Urban,10086,14,Hybrid,Raft,0.916,1.045,1.599,7.84,49077,11,37.24,0.549,22,0.531,0.965,0.718,23577761,High
6385,Commercial,Rural,19718,5,RCC,Pile,0.918,0.943,2.22,5.53,152675,19,21.37,0.677,8,0.212,0.355,0.508,31744245,High
6386,Industrial,Urban,2622,4,Hybrid,Strip,0.795,1.827,0.971,5.48,129905,14,16.92,0.397,32,0.435,0.936,0.668,5800360,Low
6387,Commercial,Urban,14909,7,Steel,Raft,0.816,0.839,1.874,6.95,177309,15,30.77,0.905,36,0.766,0.756,0.677,31436036,High
6388,Industrial,Semi-Urban,3589,10,Hybrid,Raft,0.961,1.957,1.951,7.64,117612,5,21.62,0.359,29,0.362,0.31,0.501,11914183,Medium
6389,Residential,Urban,14742,6,Steel,Pile,0.965,1.302,1.748,8.92,90093,23,15.59,0.49,32,0.999,0.697,0.89,41143366,High
6390,Residential,Rural,7710,14,RCC,Pile,0.832,1.097,2.391,4.04,124462,12,18.28,0.587,1,0.239,0.43,0.956,10835717,Low
6391,Industrial,Semi-Urban,16933,4,RCC,Strip,0.504,1.541,1.823,5.07,92110,13,38.46,0.427,41,0.309,0.21,0.999,15771426,Medium
6392,Commercial,Urban,1014,6,Steel,Raft,0.552,0.959,1.879,4.01,88902,22,36.88,0.964,3,0.83,0.183,0.754,1374826,Low
6393,Industrial,Urban,11483,13,Steel,Pile,0.929,0.887,1.82,8.29,40544,18,35.74,0.76,25,0.981,0.116,0.653,32129008,High
6394,Commercial,Semi-Urban,11470,4,Hybrid,Raft,0.542,1.793,2.027,6.29,159351,3,23.49,0.829,29,0.963,0.818,0.859,24730178,High
6395,Residential,Semi-Urban,11310,12,Steel,Strip,0.607,1.31,1.03,8.11,127784,12,32.86,0.753,34,0.839,0.896,0.868,11522560,Medium
6396,Commercial,Urban,10529,8,RCC,Strip,0.615,1.422,2.32,8.91,154553,5,38.93,0.588,9,0.978,0.534,0.69,19114979,Medium
6397,Industrial,Rural,5171,11,Steel,Strip,0.8,1.012,0.872,6.3,12078,13,29.19,0.028,30,0.873,0.568,0.783,6740143,Low
6398,Industrial,Semi-Urban,18049,3,Hybrid,Raft,0.788,0.874,1.889,3.71,31395,23,23.33,0.765,14,0.246,0.722,0.911,31058985,High
6399,Residential,Rural,10941,8,Hybrid,Raft,0.645,1.241,1.846,5.17,109849,29,34.98,0.613,20,0.877,0.731,0.595,15595932,Medium
6400,Commercial,Urban,914,13,Steel,Raft,0.604,1.407,1.154,3.22,86481,13,25.76,0.081,5,0.587,0.392,0.51,1307886,Low
6401,Commercial,Rural,15593,2,Hybrid,Raft,0.882,1.719,0.869,8.1,117314,6,29.43,0.119,0,0.565,0.243,0.77,26782571,High
6402,Commercial,Urban,17988,6,Hybrid,Raft,0.968,1.401,1.036,3.11,56955,29,28.53,0.481,56,0.202,0.487,0.832,33744178,High
6403,Residential,Urban,2916,8,RCC,Strip,0.526,1.739,1.262,6.55,184071,16,20.44,0.853,9,0.696,0.727,0.787,2978583,Low
6404,Commercial,Urban,6111,1,Steel,Strip,0.567,0.939,2.3,3.64,179145,26,15.02,0.554,1,0.737,0.824,0.798,9146441,Low
6405,Industrial,Urban,15731,6,RCC,Strip,0.821,0.877,2.255,3.05,187897,3,39.97,0.92,55,0.833,0.18,0.697,30308089,High
6406,Commercial,Rural,8895,9,RCC,Pile,0.902,0.991,0.909,4.54,32562,7,25.42,0.816,8,0.461,0.629,0.826,9990942,Low
6407,Residential,Urban,8760,13,Hybrid,Strip,0.896,1.726,1.292,6.31,86613,21,22.1,0.631,16,0.303,0.149,0.521,14593656,Medium
6408,Commercial,Urban,13148,10,RCC,Raft,0.86,1.711,2.312,3.45,150676,10,34.15,0.313,15,0.552,0.842,0.576,34224090,High
6409,Commercial,Rural,13842,10,Steel,Strip,0.944,0.97,1.202,6.69,13607,4,29.81,0.853,1,0.49,0.7,0.722,18882791,Medium
6410,Industrial,Semi-Urban,14710,2,Steel,Pile,0.609,0.837,2.493,7.03,40337,12,37.01,0.659,15,0.803,0.727,0.971,30865527,High
6411,Commercial,Rural,7333,11,Steel,Pile,0.554,1.622,1.237,8.82,64890,6,34.53,0.553,34,0.384,0.786,0.822,9813764,Low
6412,Industrial,Rural,5252,13,RCC,Pile,0.808,1.826,2.056,8.4,192868,18,22.04,0.501,58,0.311,0.546,0.678,11737424,Medium
6413,Industrial,Rural,12478,1,Steel,Pile,0.911,1.705,1.509,6.4,130328,7,29.81,0.213,56,0.552,0.369,0.729,32184592,High
6414,Residential,Urban,9227,2,Steel,Pile,0.791,1.043,1.032,7.76,123462,2,27.57,0.016,27,0.702,0.807,0.923,15564405,Medium
6415,Industrial,Urban,5523,5,RCC,Raft,0.981,1.501,1.234,5.18,40381,23,38.88,0.717,50,0.425,0.8,0.771,11867679,Medium
6416,Industrial,Urban,1482,6,RCC,Strip,0.898,1.709,1.948,6.51,125807,8,20.99,0.92,12,0.292,0.221,0.524,3474904,Low
6417,Residential,Semi-Urban,14805,1,RCC,Raft,0.85,1.107,1.373,5.42,154142,18,22.1,0.184,5,0.551,0.912,0.708,18591944,Medium
6418,Industrial,Urban,16646,7,RCC,Raft,0.53,1.433,1.827,5.02,87758,24,38.01,0.935,24,0.97,0.299,0.694,25039969,High
6419,Residential,Semi-Urban,18229,11,Hybrid,Pile,0.554,1.177,1.149,7.37,11449,28,26.45,0.072,58,0.974,0.376,0.95,19812763,Medium
6420,Commercial,Urban,11701,4,RCC,Strip,0.892,1.071,1.563,4.78,128811,13,26.43,0.552,38,0.767,0.294,0.653,19191039,Medium
6421,Residential,Rural,17410,9,RCC,Strip,0.599,1.964,1.671,5.28,187533,23,36.71,0.116,25,0.822,0.969,0.532,18295804,Medium
6422,Industrial,Urban,17814,6,Steel,Strip,0.514,1.895,1.502,5.2,148809,3,22.4,0.889,43,0.363,0.37,0.677,25612203,High
6423,Residential,Semi-Urban,19166,9,Steel,Pile,0.955,1.335,1.136,8.22,129959,13,32.42,0.103,45,0.5,0.974,0.522,35563307,High
6424,Industrial,Semi-Urban,18830,1,RCC,Raft,0.945,0.964,1.585,4.02,189388,7,33.04,0.251,53,0.684,0.674,0.916,36013491,High
6425,Commercial,Urban,15865,4,RCC,Strip,0.609,1.673,1.978,5.29,119770,1,26.06,0.806,14,0.8,0.259,0.795,24027231,High
6426,Residential,Rural,11233,2,RCC,Raft,0.89,1.107,2.44,8.33,194185,18,23.35,0.688,1,0.333,0.598,0.735,15701913,Medium
6427,Commercial,Urban,10608,6,Steel,Strip,0.524,1.002,2.142,3.09,30386,21,33.67,0.388,21,0.566,0.894,0.68,13766723,Medium
6428,Industrial,Urban,3860,4,Steel,Strip,0.643,1.258,1.074,8.69,79198,16,21.4,0.837,41,0.33,0.606,0.709,5502342,Low
6429,Industrial,Urban,10285,9,RCC,Strip,0.812,1.436,1.264,8.39,90543,11,35.48,0.636,27,0.707,0.219,0.894,18529725,Medium
6430,Commercial,Rural,8612,14,Steel,Strip,0.882,0.917,0.934,5.51,19275,29,25.41,0.26,16,0.818,0.358,0.59,8998315,Low
6431,Residential,Semi-Urban,16516,3,Steel,Pile,0.505,1.486,1.031,6.92,75659,25,15.46,0.74,22,0.867,0.302,0.536,15856847,Medium
6432,Residential,Rural,19809,1,RCC,Pile,0.663,0.818,1.226,8.95,93650,17,29.23,0.333,14,0.786,0.213,0.781,15223408,Medium
6433,Industrial,Semi-Urban,4125,11,Steel,Raft,0.607,1.87,1.139,6.33,131125,5,19.86,0.816,37,0.327,0.395,0.929,6447662,Low
6434,Commercial,Semi-Urban,5969,13,RCC,Pile,0.999,1.905,1.163,3.58,64539,6,26.66,0.782,55,0.863,0.695,0.781,14365319,Medium
6435,Commercial,Semi-Urban,1723,11,Hybrid,Strip,0.835,1.68,1.192,8.12,62465,14,35.21,0.309,33,0.468,0.444,0.898,3186368,Low
6436,Residential,Rural,7610,1,Hybrid,Raft,0.703,1.36,1.311,3.8,167829,14,19.75,0.104,29,0.869,0.499,0.946,9779141,Low
6437,Residential,Urban,9657,12,Hybrid,Raft,0.538,1.106,1.013,4.54,133507,19,20.2,0.821,0,0.401,0.389,0.538,8517471,Low
6438,Residential,Urban,13751,9,Steel,Raft,0.799,1.693,1.272,8.24,39658,5,26.85,0.364,40,0.581,0.995,0.795,27322999,High
6439,Commercial,Urban,5492,9,Hybrid,Strip,0.821,1.918,1.97,4.54,94964,18,26.91,0.325,15,0.661,0.628,0.916,16020387,Medium
6440,Residential,Urban,14146,5,Steel,Strip,0.908,0.99,1.202,7.47,80661,11,26.34,0.018,24,0.228,0.85,0.822,18654181,Medium
6441,Residential,Urban,12370,2,RCC,Raft,0.644,1.359,1.092,5.69,75320,24,32.36,0.726,47,0.923,0.497,0.796,12985767,Medium
6442,Industrial,Rural,5287,9,Hybrid,Pile,0.991,1.178,0.915,7.56,178442,12,21.73,0.274,45,0.609,0.252,0.894,11286804,Medium
6443,Residential,Rural,19256,13,Steel,Strip,0.72,1.228,1.65,4.39,165276,19,21.51,0.436,57,0.354,0.862,0.854,20167881,Medium
6444,Residential,Rural,11640,12,Hybrid,Strip,0.648,1.287,2.231,5.52,117385,21,15.56,0.9,22,0.329,0.787,0.751,14781144,Medium
6445,Commercial,Rural,3799,13,Steel,Pile,0.674,1.942,0.9,4.91,185728,29,24.54,0.125,32,0.749,0.397,0.522,5607827,Low
6446,Commercial,Rural,9860,8,Steel,Raft,0.76,1.11,1.722,4.49,48785,28,19.89,0.038,33,0.265,0.646,0.807,12516688,Medium
6447,Industrial,Rural,6951,13,RCC,Pile,0.968,1.391,1.906,4.89,178914,17,29.79,0.561,8,0.552,0.184,0.607,14977073,Medium
6448,Residential,Rural,13441,11,Steel,Strip,0.868,1.942,1.807,4.94,32118,21,19.53,0.7,15,0.632,0.124,0.627,21621771,Medium
6449,Industrial,Urban,16493,10,Steel,Raft,0.789,1.371,2.292,8.73,83738,17,37.36,0.528,36,0.387,0.834,0.84,47775449,High
6450,Commercial,Semi-Urban,15120,10,Hybrid,Raft,0.581,1.836,2.273,6.2,128312,25,36.23,0.34,49,0.303,0.948,0.727,30162428,High
6451,Industrial,Rural,19291,6,RCC,Pile,0.575,0.871,0.897,5.77,144855,2,34.13,0.361,47,0.593,0.41,0.858,15731368,Medium
6452,Commercial,Semi-Urban,13584,7,Steel,Strip,0.751,1.944,1.414,6.02,97856,6,35.21,0.15,4,0.472,0.638,0.696,24687413,High
6453,Industrial,Rural,5527,12,Hybrid,Strip,0.864,1.025,1.94,8.98,45036,25,38.99,0.312,48,0.312,0.746,0.935,10161693,Low
6454,Industrial,Rural,4760,6,RCC,Raft,0.876,1.976,2.419,6.92,120288,19,23.0,0.759,41,0.368,0.771,0.714,12095785,Medium
6455,Residential,Urban,5328,5,Steel,Strip,0.613,1.011,2.168,7.22,57631,6,39.5,0.499,11,0.577,0.533,0.747,6998829,Low
6456,Industrial,Semi-Urban,9272,4,Hybrid,Raft,0.55,1.333,1.1,4.88,197046,1,37.26,0.891,4,0.306,0.652,0.563,11027938,Low
6457,Residential,Urban,9512,7,RCC,Raft,0.692,1.17,1.275,5.83,146287,14,24.05,0.168,22,0.949,0.691,0.752,12318730,Medium
6458,Residential,Urban,8815,4,RCC,Raft,0.959,1.32,2.098,4.1,32729,23,36.6,0.442,7,0.82,0.193,0.62,17564176,Medium
6459,Residential,Semi-Urban,14759,10,RCC,Strip,0.773,1.101,1.602,7.11,154908,2,37.43,0.702,42,0.46,0.681,0.881,16057182,Medium
6460,Residential,Urban,13131,10,RCC,Pile,0.66,1.958,1.73,5.07,55299,21,15.9,0.272,34,0.407,0.56,0.857,21401260,Medium
6461,Industrial,Rural,18758,10,Steel,Raft,0.662,1.167,1.835,7.49,9359,21,36.9,0.267,15,0.899,0.441,0.508,30721826,High
6462,Commercial,Rural,3623,9,Steel,Pile,0.566,1.584,0.976,4.28,30234,12,25.83,0.106,19,0.542,0.336,0.747,3824616,Low
6463,Commercial,Rural,4724,5,RCC,Pile,0.737,0.965,2.255,5.42,192165,17,35.28,0.893,27,0.89,0.674,0.523,8068025,Low
6464,Commercial,Rural,11477,8,RCC,Pile,0.896,1.789,2.267,5.83,38882,27,17.78,0.173,29,0.794,0.25,0.785,26318341,High
6465,Industrial,Rural,15108,12,Steel,Pile,0.984,1.451,1.596,4.0,150635,23,19.3,0.97,10,0.274,0.83,0.951,36970816,High
6466,Residential,Urban,1710,13,Hybrid,Pile,0.751,1.975,1.866,3.42,130843,4,39.47,0.449,49,0.851,0.255,0.934,5099521,Low
6467,Commercial,Urban,9718,12,RCC,Raft,0.584,1.308,1.922,4.9,77051,4,25.4,0.982,16,0.632,0.794,0.622,15378907,Medium
6468,Industrial,Rural,12953,12,Steel,Strip,0.841,1.035,1.123,6.27,193776,7,34.96,0.04,9,0.742,0.836,0.57,19423168,Medium
6469,Residential,Rural,5929,6,Steel,Pile,0.878,1.215,0.991,6.92,28290,26,33.76,0.567,23,0.375,0.946,0.896,7933743,Low
6470,Commercial,Urban,15710,4,Hybrid,Strip,0.536,1.684,0.835,5.55,183509,13,34.65,0.691,54,0.2,0.517,0.773,16510361,Medium
6471,Residential,Semi-Urban,9189,12,Steel,Strip,0.925,1.591,2.352,6.0,162910,17,34.12,0.516,30,0.467,0.157,0.712,17164542,Medium
6472,Commercial,Urban,13221,3,RCC,Raft,0.915,1.734,1.388,6.26,113204,14,37.85,0.57,10,0.353,0.71,0.905,27678148,High
6473,Commercial,Urban,10385,11,Steel,Pile,0.736,0.888,0.946,6.07,125383,22,29.81,0.538,46,0.548,0.354,0.626,14259863,Medium
6474,Commercial,Urban,8682,6,RCC,Strip,0.78,1.496,1.592,3.54,92581,17,25.64,0.149,7,0.273,0.183,0.612,11772375,Medium
6475,Residential,Urban,9416,1,Steel,Strip,0.857,1.919,0.929,5.43,83001,29,38.13,0.532,30,0.916,0.87,0.806,16247479,Medium
6476,Industrial,Urban,875,2,RCC,Pile,0.838,0.929,0.945,4.23,28721,16,23.92,0.542,36,0.295,0.226,0.636,1357613,Low
6477,Residential,Semi-Urban,18570,7,RCC,Raft,0.508,0.913,1.631,6.2,30755,16,30.77,0.356,36,0.811,0.556,0.713,14386826,Medium
6478,Commercial,Rural,5512,4,Steel,Raft,0.561,1.66,1.665,7.55,55206,6,36.38,0.607,32,0.951,0.81,0.727,8978930,Low
6479,Residential,Rural,17140,5,RCC,Pile,0.581,1.178,1.786,6.48,190955,26,37.9,0.412,8,0.319,0.279,0.603,13621484,Medium
6480,Industrial,Semi-Urban,550,11,Steel,Strip,0.878,1.59,1.916,4.33,99010,2,38.74,0.755,45,0.477,0.907,0.531,1744573,Low
6481,Residential,Rural,7090,10,Steel,Raft,0.72,1.454,1.936,4.25,44278,26,31.5,0.038,58,0.785,0.398,0.883,10023138,Low
6482,Industrial,Rural,7937,1,Steel,Raft,0.773,1.983,1.536,3.22,31851,27,33.01,0.01,2,0.772,0.457,0.892,16572812,Medium
6483,Industrial,Rural,15662,2,RCC,Strip,0.886,1.867,1.894,5.56,107515,17,27.44,0.524,48,0.23,0.218,0.799,27300233,High
6484,Residential,Semi-Urban,17478,4,Steel,Strip,0.67,1.614,1.318,5.6,50514,24,22.12,0.989,12,0.257,0.68,0.574,18343800,Medium
6485,Commercial,Semi-Urban,13605,8,Hybrid,Strip,0.874,1.114,1.55,4.42,123283,23,15.4,0.445,51,0.296,0.546,0.738,22202147,High
6486,Industrial,Rural,5231,10,RCC,Strip,0.721,1.114,1.469,7.59,75956,2,20.55,0.012,27,0.654,0.977,0.589,7218213,Low
6487,Residential,Rural,4373,4,Hybrid,Pile,0.689,1.859,1.359,5.32,160969,18,39.5,0.317,51,0.244,0.728,0.941,6572553,Low
6488,Industrial,Rural,12128,14,Hybrid,Strip,0.667,1.502,1.206,7.02,188143,21,35.16,0.467,23,0.671,0.783,0.849,17733763,Medium
6489,Commercial,Urban,9764,3,Hybrid,Raft,0.982,1.747,0.933,6.84,18507,20,26.98,0.901,9,0.474,0.279,0.516,22244082,High
6490,Residential,Urban,6248,3,Hybrid,Strip,0.886,1.34,1.66,6.63,82665,12,23.59,0.121,41,0.736,0.741,0.501,13298504,Medium
6491,Residential,Urban,1976,12,Steel,Strip,0.51,0.924,1.713,8.45,58430,4,16.61,0.924,36,0.826,0.602,0.992,2061196,Low
6492,Residential,Semi-Urban,8532,5,Hybrid,Pile,0.979,1.199,1.371,3.1,41676,9,15.25,0.94,14,0.833,0.463,0.52,17700635,Medium
6493,Commercial,Rural,3520,3,RCC,Pile,0.888,0.993,2.459,3.41,173452,11,33.88,0.641,41,0.23,0.804,0.933,6486361,Low
6494,Industrial,Semi-Urban,13184,8,Hybrid,Strip,0.575,1.738,1.747,7.33,155518,17,39.64,0.225,27,0.958,0.981,0.978,28107681,High
6495,Residential,Semi-Urban,11422,5,Hybrid,Pile,0.538,1.641,2.311,5.12,149702,13,21.35,0.537,36,0.669,0.185,0.654,18843946,Medium
6496,Industrial,Semi-Urban,15886,12,Hybrid,Pile,0.654,0.906,1.769,8.92,51339,26,21.86,0.817,0,0.917,0.81,0.77,33107594,High
6497,Industrial,Rural,8566,14,Steel,Pile,0.812,1.546,1.123,4.3,44282,25,38.37,0.358,12,0.692,0.928,0.824,17582838,Medium
6498,Commercial,Urban,12589,12,Hybrid,Pile,0.808,1.849,2.457,4.1,150704,28,30.05,0.905,58,0.587,0.384,0.76,46326722,High
6499,Residential,Rural,13908,14,Hybrid,Strip,0.638,1.637,2.305,6.53,180755,19,19.35,0.087,3,0.784,0.427,0.607,20238454,Medium
6500,Industrial,Rural,8667,7,Hybrid,Pile,0.723,1.413,1.601,4.68,126826,8,16.14,0.307,55,0.376,0.815,0.791,17942730,Medium
6501,Residential,Semi-Urban,13316,11,RCC,Pile,0.606,1.174,1.213,5.04,62252,5,29.09,0.993,39,0.283,0.958,0.629,11265751,Medium
6502,Residential,Semi-Urban,2733,8,Steel,Raft,0.525,1.865,1.179,8.53,61673,10,26.31,0.584,29,0.272,0.945,0.583,2913014,Low
6503,Commercial,Semi-Urban,8617,5,Steel,Strip,0.758,1.307,2.17,3.16,184254,15,25.8,0.59,51,0.879,0.15,0.753,15152941,Medium
6504,Residential,Urban,15050,8,Steel,Pile,0.673,1.826,0.918,6.19,132276,19,39.23,0.24,2,0.93,0.884,0.686,26233728,High
6505,Residential,Urban,6859,12,RCC,Raft,0.771,1.74,1.885,5.01,73251,25,21.57,0.858,19,0.852,0.628,0.514,12547759,Medium
6506,Industrial,Urban,14864,3,Hybrid,Pile,0.973,1.779,1.888,5.08,61634,9,27.2,0.429,53,0.924,0.479,0.975,69855853,High
6507,Commercial,Rural,4697,14,RCC,Strip,0.572,1.988,1.11,4.49,109123,16,20.33,0.794,34,0.988,0.861,0.52,5069676,Low
6508,Residential,Semi-Urban,10793,12,Steel,Raft,0.501,1.699,1.998,3.81,75836,16,23.04,0.811,26,0.621,0.82,0.951,13628546,Medium
6509,Industrial,Rural,9832,7,Steel,Raft,0.538,0.841,1.999,3.21,56879,8,34.15,0.175,47,0.323,0.558,0.595,10783833,Low
6510,Commercial,Urban,1115,8,Steel,Strip,0.731,1.047,1.395,8.93,82432,3,19.93,0.502,11,0.686,0.47,0.571,1869588,Low
6511,Commercial,Semi-Urban,13344,7,RCC,Raft,0.853,0.842,1.622,6.96,187652,3,31.91,0.384,44,0.483,0.525,0.535,18582708,Medium
6512,Industrial,Urban,12901,14,Steel,Raft,0.79,1.028,2.216,7.66,8379,10,18.24,0.155,50,0.477,0.387,0.713,29416544,High
6513,Industrial,Semi-Urban,18450,2,Hybrid,Pile,0.747,0.874,1.689,3.39,168167,12,19.76,0.123,40,0.782,0.712,0.793,39368943,High
6514,Industrial,Semi-Urban,9668,8,RCC,Raft,0.677,1.402,1.851,3.09,144953,15,15.58,0.046,15,0.273,0.903,0.952,14654064,Medium
6515,Industrial,Rural,10008,6,Hybrid,Strip,0.655,0.834,1.502,6.6,119481,15,30.76,0.702,31,0.23,0.325,0.892,10410658,Low
6516,Industrial,Rural,16054,10,Steel,Pile,0.688,1.367,1.054,7.34,105474,27,39.76,0.782,50,0.756,0.843,0.58,26241364,High
6517,Residential,Urban,2839,3,Steel,Raft,0.806,1.879,2.497,5.37,50534,26,31.41,0.471,32,0.409,0.425,0.584,7287322,Low
6518,Residential,Rural,16746,4,RCC,Pile,0.584,1.698,1.704,5.33,82820,19,38.08,0.564,15,0.508,0.219,0.504,17050175,Medium
6519,Commercial,Rural,8609,7,Hybrid,Strip,0.886,1.933,1.372,5.31,181687,14,28.16,0.262,28,0.446,0.136,0.844,14907668,Medium
6520,Residential,Rural,10788,3,RCC,Raft,0.788,1.072,2.013,3.92,50523,11,32.01,0.715,26,0.692,0.531,0.509,13152793,Medium
6521,Residential,Semi-Urban,13817,1,Hybrid,Strip,0.635,1.437,1.855,7.52,142397,6,38.14,0.584,30,0.324,0.611,0.569,18129357,Medium
6522,Residential,Rural,17262,6,Steel,Strip,0.751,1.182,1.196,4.29,174265,12,17.16,0.882,50,0.776,0.105,0.817,15629461,Medium
6523,Industrial,Urban,3965,3,RCC,Raft,0.981,1.393,2.291,4.95,72839,18,29.94,0.746,58,0.94,0.687,0.575,13969680,Medium
6524,Commercial,Semi-Urban,19155,11,RCC,Raft,0.51,1.468,0.921,7.03,67801,25,29.39,0.019,23,0.869,0.567,0.577,16695401,Medium
6525,Commercial,Semi-Urban,17891,10,Hybrid,Pile,0.6,0.843,1.83,3.0,119900,2,15.83,0.81,30,0.926,0.998,0.617,30379462,High
6526,Commercial,Rural,7300,6,Steel,Strip,0.724,1.08,1.612,7.6,75530,26,18.9,0.027,8,0.95,0.194,0.693,9274304,Low
6527,Commercial,Semi-Urban,16993,10,Steel,Raft,0.819,1.646,1.341,8.39,6320,24,28.81,0.814,44,0.498,0.735,0.504,32704610,High
6528,Residential,Urban,3271,12,Hybrid,Strip,0.606,1.728,2.205,3.31,48227,26,27.44,0.987,35,0.837,0.295,0.873,5752300,Low
6529,Residential,Urban,4383,3,Hybrid,Raft,0.966,1.483,1.916,6.55,114083,16,23.6,0.481,5,0.596,0.286,0.887,11261394,Medium
6530,Industrial,Semi-Urban,3100,6,Hybrid,Strip,0.821,1.125,2.091,5.45,160551,4,32.44,0.227,29,0.416,0.117,0.683,6241166,Low
6531,Commercial,Rural,6018,11,Hybrid,Pile,0.939,1.286,1.505,3.47,192095,4,24.01,0.01,25,0.798,0.106,0.899,13655546,Medium
6532,Residential,Rural,17889,4,Hybrid,Strip,0.665,0.915,2.402,7.09,103037,21,34.22,0.15,39,0.395,0.268,0.642,19292390,Medium
6533,Residential,Semi-Urban,17189,13,Steel,Raft,0.914,1.944,1.386,6.67,150606,17,35.23,0.504,6,0.288,0.258,0.993,29144853,High
6534,Industrial,Urban,16423,4,Steel,Pile,0.689,1.842,1.703,6.86,38982,20,31.11,0.807,7,0.764,0.1,0.699,43590460,High
6535,Industrial,Semi-Urban,6201,10,RCC,Pile,0.626,0.879,2.387,7.88,127770,22,21.97,0.871,58,0.43,0.745,0.834,9826947,Low
6536,Industrial,Rural,1458,10,Steel,Raft,0.956,1.0,0.941,4.72,111624,28,35.07,0.684,10,0.445,0.553,0.661,2174979,Low
6537,Residential,Rural,8095,11,Hybrid,Pile,0.546,1.497,0.985,7.06,33682,10,21.29,0.087,2,0.905,0.457,0.725,8073490,Low
6538,Residential,Semi-Urban,4038,2,Steel,Strip,0.971,1.079,2.49,7.46,146818,18,22.58,0.991,3,0.308,0.193,0.823,6927690,Low
6539,Industrial,Urban,18514,14,Steel,Strip,0.729,1.921,2.451,4.01,29044,27,30.22,0.747,32,0.812,0.401,0.674,51353735,High
6540,Commercial,Semi-Urban,10483,4,Steel,Raft,0.996,1.707,2.112,8.74,164515,19,32.23,0.426,19,0.509,0.524,0.828,30814741,High
6541,Industrial,Urban,3103,11,RCC,Strip,0.77,1.128,1.623,5.04,23165,11,24.28,0.814,4,0.914,0.998,0.573,5942595,Low
6542,Industrial,Urban,13967,12,RCC,Raft,0.879,0.807,1.66,7.28,185221,14,29.78,0.589,33,0.552,0.56,0.742,26307070,High
6543,Industrial,Semi-Urban,705,4,Hybrid,Pile,0.504,1.759,1.237,7.52,109637,4,21.2,0.603,13,0.527,0.118,0.636,1203942,Low
6544,Industrial,Semi-Urban,12942,11,Hybrid,Strip,0.748,1.309,1.536,6.02,187062,16,34.87,0.971,12,0.544,0.287,0.96,22251574,High
6545,Residential,Urban,6191,7,RCC,Raft,0.869,1.571,1.533,3.77,162072,3,39.8,0.801,48,0.87,0.419,0.912,12022296,Medium
6546,Commercial,Urban,6641,5,Steel,Strip,0.891,1.144,0.861,4.65,67281,25,32.46,0.262,44,0.208,0.51,0.744,9170592,Low
6547,Industrial,Urban,7228,8,Steel,Pile,0.579,0.971,1.57,4.41,117199,22,22.98,0.175,52,0.764,0.707,0.727,13230430,Medium
6548,Commercial,Urban,6530,7,RCC,Pile,0.709,1.61,1.616,6.11,35964,11,23.72,0.172,23,0.364,0.632,0.917,12234611,Medium
6549,Commercial,Rural,17062,10,Hybrid,Strip,0.71,1.34,1.932,4.57,56592,5,15.76,0.455,29,0.906,0.558,0.845,28732987,High
6550,Commercial,Semi-Urban,13883,9,Steel,Pile,0.552,1.082,1.678,6.28,88026,21,31.17,0.389,39,0.501,0.854,0.842,19155322,Medium
6551,Industrial,Urban,16996,8,Hybrid,Raft,0.722,0.965,2.265,4.73,20111,2,30.0,0.453,10,0.471,0.277,0.774,38605053,High
6552,Residential,Semi-Urban,9448,9,Steel,Strip,0.904,1.497,1.425,3.01,57154,12,38.86,0.063,8,0.77,0.17,0.931,14019915,Medium
6553,Industrial,Urban,9588,1,Hybrid,Strip,0.65,1.671,1.497,5.18,59340,13,25.05,0.202,55,0.778,0.854,0.595,21353973,Medium
6554,Commercial,Semi-Urban,14714,10,Steel,Pile,0.716,1.141,1.772,6.64,24789,25,38.32,0.798,12,0.707,0.516,0.931,26447840,High
6555,Commercial,Semi-Urban,9477,13,Hybrid,Raft,0.98,1.682,1.145,7.64,46772,2,34.01,0.758,12,0.464,0.598,0.76,22574346,High
6556,Residential,Urban,2303,12,Hybrid,Strip,0.516,1.02,1.469,3.17,8232,5,22.2,0.393,31,0.688,0.854,0.811,2531742,Low
6557,Industrial,Urban,15889,3,Hybrid,Strip,0.796,1.206,1.966,4.55,188275,23,15.41,0.39,6,0.243,0.951,0.981,37006478,High
6558,Commercial,Semi-Urban,19182,5,RCC,Pile,0.872,1.694,1.5,8.91,107181,19,33.17,0.884,10,0.964,0.597,0.712,43595701,High
6559,Residential,Semi-Urban,12770,9,Hybrid,Pile,0.88,1.592,2.341,4.57,110611,29,27.41,0.182,48,0.562,0.831,0.834,33749648,High
6560,Commercial,Semi-Urban,2042,8,RCC,Raft,0.858,1.125,1.846,7.66,40650,24,39.05,0.357,41,0.444,0.59,0.761,3651481,Low
6561,Residential,Rural,7759,14,RCC,Raft,0.863,0.947,1.061,6.06,159524,5,15.55,0.763,0,0.889,0.13,0.966,7804656,Low
6562,Residential,Urban,12900,10,Hybrid,Pile,0.53,0.851,1.629,3.73,56349,26,28.05,0.575,27,0.459,0.96,0.744,15621145,Medium
6563,Industrial,Rural,13046,7,RCC,Raft,0.767,1.805,2.1,6.86,124713,28,34.72,0.06,7,0.998,0.836,0.628,29021883,High
6564,Commercial,Rural,2654,2,RCC,Pile,0.891,0.89,1.894,8.8,92877,3,34.74,0.012,14,0.752,0.778,0.741,4869780,Low
6565,Industrial,Urban,9266,11,RCC,Strip,0.547,0.938,2.305,8.32,37866,19,31.8,0.019,4,0.72,0.498,0.958,12602550,Medium
6566,Commercial,Urban,16249,6,Steel,Pile,0.506,1.085,2.075,7.14,12334,19,24.86,0.656,21,0.321,0.948,0.75,26016327,High
6567,Industrial,Rural,11730,4,Hybrid,Pile,0.907,1.335,0.905,6.07,187927,11,16.68,0.622,19,0.688,0.541,0.573,23600128,High
6568,Commercial,Urban,18265,5,RCC,Pile,0.856,1.748,0.991,4.92,150328,12,22.54,0.045,3,0.324,0.749,0.771,33743358,High
6569,Industrial,Semi-Urban,6402,14,Hybrid,Strip,0.706,1.097,1.905,5.14,145075,19,31.28,0.132,57,0.827,0.191,0.694,11708817,Medium
6570,Residential,Semi-Urban,1722,5,RCC,Raft,0.97,1.452,1.205,5.08,64854,20,34.28,0.723,44,0.311,0.297,0.825,2450376,Low
6571,Commercial,Rural,2001,13,Hybrid,Raft,0.883,0.908,1.799,8.53,184755,10,35.43,0.31,24,0.487,0.482,0.621,3838322,Low
6572,Commercial,Rural,9550,4,RCC,Raft,0.984,1.357,2.147,4.27,88795,17,34.35,0.992,15,0.581,0.623,0.661,18142455,Medium
6573,Residential,Urban,16708,4,Steel,Pile,0.965,1.013,1.781,5.27,34270,12,23.09,0.312,39,0.844,0.825,0.758,42142241,High
6574,Industrial,Urban,4074,4,Steel,Pile,0.741,1.053,1.506,5.59,36827,3,32.35,0.336,45,0.706,0.317,0.559,9293808,Low
6575,Commercial,Rural,4229,11,Steel,Raft,0.877,1.24,1.899,5.45,119271,26,39.23,0.419,26,0.798,0.797,0.605,8829727,Low
6576,Commercial,Rural,11657,2,RCC,Strip,0.835,1.714,1.044,3.03,192631,26,18.41,0.828,28,0.395,0.901,0.901,13829808,Medium
6577,Industrial,Semi-Urban,7976,1,Hybrid,Strip,0.906,1.693,2.029,4.63,97910,21,33.28,0.557,11,0.39,0.837,0.97,22015131,High
6578,Residential,Semi-Urban,18445,12,RCC,Strip,0.894,1.298,1.985,5.99,59855,29,25.25,0.857,51,0.504,0.66,0.985,24782308,High
6579,Industrial,Urban,15462,2,Steel,Strip,0.577,0.942,1.674,7.56,183356,8,20.62,0.427,6,0.215,0.829,0.969,20721278,Medium
6580,Industrial,Semi-Urban,3022,7,RCC,Pile,0.617,1.137,1.274,6.42,16262,8,23.0,0.608,23,0.865,0.89,0.971,4571778,Low
6581,Industrial,Urban,2891,12,Hybrid,Raft,0.633,1.406,2.156,5.31,54836,25,19.16,0.005,54,0.496,0.6,0.911,7225153,Low
6582,Commercial,Urban,19559,1,Steel,Strip,0.909,1.843,1.668,6.99,121927,25,35.38,0.576,4,0.254,0.829,0.868,48512733,High
6583,Residential,Urban,19067,6,RCC,Pile,0.905,1.962,0.901,7.0,47647,13,24.69,0.081,46,0.898,0.479,0.616,35565445,High
6584,Residential,Semi-Urban,12574,4,Hybrid,Pile,0.748,1.565,2.362,4.49,26451,22,38.44,0.193,41,0.974,0.57,0.721,31224061,High
6585,Industrial,Rural,12296,2,Steel,Pile,0.79,1.221,2.105,3.62,44582,13,39.16,0.998,32,0.717,0.147,0.699,26339607,High
6586,Commercial,Rural,2578,3,Hybrid,Raft,0.913,1.632,1.794,7.82,174286,10,39.14,0.637,37,0.485,0.895,0.865,6765660,Low
6587,Industrial,Semi-Urban,12769,7,Hybrid,Pile,0.656,1.203,1.543,6.18,72367,15,18.89,0.869,39,0.531,0.226,0.738,23587337,High
6588,Commercial,Rural,14862,6,Steel,Raft,0.525,1.551,2.432,4.06,73017,23,23.66,0.057,42,0.405,0.349,0.68,19154187,Medium
6589,Commercial,Urban,18004,6,RCC,Raft,0.741,1.093,2.118,4.57,17617,28,22.76,0.385,5,0.769,0.386,0.907,29862513,High
6590,Commercial,Rural,13460,8,RCC,Raft,0.957,1.12,1.709,7.6,163222,16,38.07,0.862,7,0.485,0.204,0.875,19787645,Medium
6591,Commercial,Semi-Urban,11215,8,RCC,Raft,0.895,0.89,1.91,6.92,193436,13,17.16,0.411,21,0.226,0.93,0.684,17671140,Medium
6592,Residential,Rural,3870,6,RCC,Pile,0.683,1.304,1.277,8.67,142236,11,29.72,0.254,49,0.237,0.973,0.71,4292315,Low
6593,Commercial,Urban,2408,1,Hybrid,Pile,0.532,1.542,1.133,5.79,156867,12,27.13,0.481,53,0.692,0.879,0.947,4610422,Low
6594,Commercial,Urban,4807,10,RCC,Pile,0.818,1.747,1.265,3.31,32868,14,39.41,0.471,13,0.432,0.412,0.866,9176514,Low
6595,Industrial,Semi-Urban,11797,13,RCC,Strip,0.917,1.772,1.298,7.2,38385,20,39.08,0.991,8,0.335,0.15,0.845,18849396,Medium
6596,Industrial,Semi-Urban,17381,7,Hybrid,Strip,0.832,1.991,2.058,4.53,50800,3,25.6,0.355,12,0.642,0.265,0.856,48841610,High
6597,Residential,Semi-Urban,4087,8,Hybrid,Raft,0.713,0.905,1.038,4.94,12886,15,26.03,0.957,49,0.423,0.795,0.551,4359601,Low
6598,Industrial,Urban,12885,5,Steel,Raft,0.562,1.392,2.122,4.18,12789,11,24.61,0.912,31,0.259,0.357,0.782,22079451,High
6599,Commercial,Rural,2913,13,Hybrid,Raft,0.955,1.426,1.69,4.85,189601,3,34.73,0.45,13,0.355,0.903,0.646,6812133,Low
6600,Industrial,Rural,11452,11,Steel,Raft,0.638,1.765,1.454,7.98,192722,18,17.5,0.945,34,0.822,0.852,0.542,22310512,High
6601,Residential,Semi-Urban,3957,4,Steel,Raft,0.612,1.12,1.311,6.46,167870,8,17.9,0.729,24,0.882,0.313,0.866,4550896,Low
6602,Industrial,Rural,8964,7,RCC,Strip,0.908,0.883,1.672,3.65,21496,23,32.62,0.885,30,0.898,0.724,0.652,13588367,Medium
6603,Industrial,Rural,1650,12,RCC,Raft,0.991,1.177,1.34,6.52,10332,8,15.42,0.892,54,0.628,0.498,0.655,3140190,Low
6604,Residential,Semi-Urban,15037,12,RCC,Pile,0.83,1.981,1.53,6.8,15685,13,31.78,0.085,48,0.961,0.293,0.82,28477869,High
6605,Residential,Semi-Urban,7954,11,Hybrid,Raft,0.812,1.879,2.056,8.31,178125,6,18.22,0.897,42,0.321,0.631,0.833,17340501,Medium
6606,Commercial,Urban,15285,13,Hybrid,Pile,0.66,1.274,1.864,8.16,154685,29,34.65,0.49,44,0.743,0.854,0.737,37529549,High
6607,Industrial,Urban,12081,6,RCC,Pile,0.51,1.852,2.072,3.38,82699,10,33.49,0.637,51,0.763,0.934,0.778,25909261,High
6608,Commercial,Urban,518,12,RCC,Pile,0.596,0.839,2.012,8.2,92212,15,19.56,0.301,19,0.243,0.153,0.924,812806,Low
6609,Industrial,Urban,10308,6,Hybrid,Pile,0.792,1.177,2.186,3.31,178012,28,33.92,0.646,41,0.426,0.477,0.554,30126281,High
6610,Industrial,Rural,16868,14,Steel,Raft,0.576,1.672,1.143,3.92,94591,26,34.76,0.027,36,0.959,0.644,0.533,23912275,High
6611,Commercial,Rural,6077,3,Steel,Raft,0.942,1.066,2.492,3.67,23741,5,38.14,0.371,6,0.807,0.404,0.828,13671844,Medium
6612,Industrial,Urban,4581,11,RCC,Raft,0.594,1.038,1.609,4.09,110396,1,33.11,0.629,52,0.244,0.386,0.802,5637072,Low
6613,Industrial,Urban,6954,10,RCC,Raft,0.761,1.834,2.021,7.82,125030,8,36.69,0.197,9,0.633,0.795,0.593,19894702,Medium
6614,Industrial,Semi-Urban,9433,4,RCC,Raft,0.756,1.539,1.952,7.12,109363,2,30.94,0.673,5,0.719,0.804,0.761,21075149,Medium
6615,Residential,Rural,3171,5,Steel,Strip,0.802,1.987,1.762,7.12,189662,1,30.64,0.829,24,0.978,0.756,0.873,6167913,Low
6616,Commercial,Rural,11471,9,RCC,Pile,0.664,0.962,2.493,8.53,11751,25,31.88,0.037,49,0.773,0.909,0.866,18627910,Medium
6617,Residential,Urban,15470,8,Steel,Pile,0.937,1.227,1.169,5.35,188275,27,25.16,0.604,5,0.711,0.545,0.798,29385844,High
6618,Commercial,Rural,6887,3,Hybrid,Strip,0.722,1.173,1.517,3.02,174079,27,20.71,0.581,44,0.927,0.809,0.565,10403772,Low
6619,Commercial,Semi-Urban,7333,6,Hybrid,Strip,0.85,1.856,1.017,6.84,68521,24,25.33,0.782,53,0.729,0.11,0.652,13169657,Medium
6620,Industrial,Semi-Urban,19508,10,Hybrid,Raft,0.818,1.106,1.109,8.21,107789,27,29.83,0.698,59,0.946,0.989,0.703,44957376,High
6621,Commercial,Rural,1014,1,RCC,Raft,0.559,1.224,2.012,8.86,24365,16,32.25,0.455,16,0.594,0.927,0.894,1282767,Low
6622,Residential,Urban,706,3,Hybrid,Pile,0.811,0.971,0.808,5.18,29405,25,26.42,0.355,21,0.775,0.857,0.772,1251427,Low
6623,Residential,Rural,1447,10,Steel,Raft,0.775,1.73,2.313,7.93,91986,5,23.25,0.986,22,0.705,0.629,0.867,2925873,Low
6624,Residential,Semi-Urban,11133,14,Steel,Pile,0.949,1.085,1.876,8.1,148926,19,21.17,0.502,28,0.642,0.59,0.962,22737183,High
6625,Commercial,Urban,15880,12,Steel,Raft,0.94,0.882,1.55,3.87,137195,11,19.58,0.408,6,0.459,0.235,0.812,30091827,High
6626,Residential,Rural,18712,7,RCC,Raft,0.575,1.322,1.363,6.79,47011,8,26.91,0.993,34,0.923,0.149,0.619,15220118,Medium
6627,Commercial,Urban,7361,7,RCC,Pile,0.541,1.27,1.015,4.04,186039,4,32.66,0.181,55,0.416,0.33,0.57,6649361,Low
6628,Residential,Urban,6594,2,Steel,Strip,0.647,1.013,2.367,5.68,150722,14,35.75,0.186,38,0.328,0.236,0.5,8457851,Low
6629,Residential,Semi-Urban,6845,3,Steel,Strip,0.993,0.96,2.011,8.28,68290,17,23.63,0.976,51,0.77,0.605,0.588,13186965,Medium
6630,Commercial,Urban,19051,7,Steel,Raft,0.511,1.876,1.372,7.74,7858,9,30.28,0.658,19,0.637,0.399,0.635,26670161,High
6631,Residential,Rural,14460,12,Steel,Strip,0.836,0.881,0.921,6.42,185906,27,26.94,0.52,25,0.41,0.449,0.635,11946664,Medium
6632,Industrial,Urban,7032,6,Hybrid,Raft,0.804,0.919,1.354,7.85,62292,4,39.16,0.068,28,0.896,0.124,0.834,13981973,Medium
6633,Commercial,Urban,6443,13,Steel,Strip,0.823,1.094,1.114,3.92,32178,28,37.06,0.356,28,0.429,0.594,0.575,9216570,Low
6634,Commercial,Rural,15069,7,RCC,Strip,0.609,1.943,2.137,4.17,165247,2,37.06,0.433,6,0.251,0.691,0.718,18741865,Medium
6635,Commercial,Semi-Urban,10348,10,RCC,Pile,0.613,0.902,2.023,4.25,39210,10,29.48,0.511,33,0.212,0.401,0.502,10667997,Low
6636,Industrial,Semi-Urban,9293,9,RCC,Strip,0.715,1.779,1.647,7.66,52834,19,25.92,0.437,4,0.938,0.218,0.631,15848908,Medium
6637,Commercial,Rural,5939,8,RCC,Raft,0.548,1.87,2.306,8.35,176658,22,31.3,0.438,12,0.522,0.733,0.521,8823663,Low
6638,Residential,Rural,1703,6,RCC,Pile,0.537,1.253,1.107,6.38,140572,9,18.99,0.995,5,0.371,0.216,0.855,1271107,Low
6639,Residential,Semi-Urban,10083,12,Steel,Strip,0.544,1.153,1.568,8.75,89679,22,37.07,0.974,31,0.654,0.835,0.677,9724068,Low
6640,Residential,Urban,14911,14,Steel,Pile,0.786,1.613,2.008,7.37,158449,28,21.78,0.086,35,0.59,0.591,0.74,34661957,High
6641,Commercial,Rural,13617,4,Hybrid,Strip,0.699,1.643,0.915,6.38,48161,16,35.67,0.169,32,1.0,0.314,0.881,16949510,Medium
6642,Residential,Urban,7886,14,Hybrid,Raft,0.647,1.736,1.434,6.67,168165,28,22.46,0.942,42,0.911,0.909,0.931,15700285,Medium
6643,Commercial,Rural,3631,13,Hybrid,Raft,0.658,1.797,1.772,8.1,179293,20,28.05,0.319,58,0.417,0.228,0.758,6732094,Low
6644,Residential,Semi-Urban,19550,10,Steel,Pile,0.604,1.122,1.424,3.54,65977,17,34.31,0.612,32,0.758,0.641,0.825,23582314,High
6645,Industrial,Urban,17433,9,Hybrid,Strip,0.706,1.624,1.616,4.01,8120,2,24.84,0.798,18,0.51,0.656,0.868,36825354,High
6646,Industrial,Urban,18128,7,Steel,Strip,0.602,0.962,1.834,4.6,105849,23,23.95,0.471,40,0.492,0.134,0.643,22567661,High
6647,Industrial,Rural,12578,5,RCC,Pile,0.849,1.413,1.426,8.37,90961,19,37.2,0.017,17,0.494,0.649,0.854,22083601,High
6648,Industrial,Urban,6705,2,Steel,Pile,0.562,1.535,0.98,8.67,109179,2,16.72,0.828,13,0.711,0.725,0.827,11497760,Medium
6649,Commercial,Rural,14369,9,Steel,Raft,0.974,0.994,1.037,5.14,96482,16,36.04,0.756,20,0.63,0.919,0.722,22311807,High
6650,Residential,Semi-Urban,1158,14,RCC,Pile,0.545,0.892,1.696,8.54,7828,16,38.2,0.041,38,0.804,0.738,0.67,1331466,Low
6651,Industrial,Urban,14882,7,RCC,Strip,0.972,1.034,1.097,6.28,88382,28,29.08,0.897,33,0.322,0.536,0.987,21034654,Medium
6652,Commercial,Rural,12622,9,RCC,Pile,0.917,1.305,2.313,5.84,111246,22,32.4,0.857,30,0.54,0.868,0.993,28516164,High
6653,Industrial,Urban,11559,11,Hybrid,Raft,0.84,1.865,2.218,8.0,117883,14,36.54,0.275,16,0.888,0.418,0.848,48657238,High
6654,Industrial,Rural,13835,9,Hybrid,Pile,0.956,1.438,1.393,6.28,103857,20,25.89,0.08,6,0.203,0.87,0.692,33081321,High
6655,Commercial,Rural,18575,10,Hybrid,Strip,0.57,1.698,2.213,5.73,159507,1,36.97,0.403,20,0.699,0.86,0.876,31765127,High
6656,Commercial,Rural,10917,5,RCC,Pile,0.588,1.009,1.706,3.1,92819,9,24.31,0.875,6,0.829,0.643,0.84,11548634,Medium
6657,Residential,Semi-Urban,11758,7,Hybrid,Pile,0.626,0.927,1.07,3.08,58447,15,22.66,0.482,0,0.507,0.41,0.772,11275056,Medium
6658,Residential,Urban,10639,5,RCC,Pile,0.622,1.088,1.844,6.77,59256,15,39.58,0.282,21,0.907,0.632,0.566,15091521,Medium
6659,Industrial,Semi-Urban,10057,3,RCC,Raft,0.655,1.177,1.955,3.44,41157,25,15.78,0.232,21,0.789,0.915,0.973,16332717,Medium
6660,Industrial,Rural,8235,10,RCC,Raft,0.788,1.458,0.943,7.42,131924,11,22.99,0.355,22,0.685,0.673,0.616,11542056,Medium
6661,Residential,Rural,17851,8,Hybrid,Raft,0.514,1.857,1.335,6.73,108623,5,26.46,0.994,27,0.359,0.856,0.697,19128253,Medium
6662,Residential,Semi-Urban,18288,8,Hybrid,Raft,0.691,1.311,0.809,5.75,117919,8,22.77,0.878,39,0.736,0.41,0.671,20262471,Medium
6663,Commercial,Semi-Urban,10447,9,RCC,Strip,0.623,1.423,1.338,7.26,163811,22,22.05,0.547,45,0.867,0.363,0.577,11480052,Medium
6664,Residential,Urban,16044,11,Hybrid,Strip,0.803,0.806,1.37,8.96,172491,7,24.27,0.808,56,0.784,0.33,0.512,23224371,High
6665,Residential,Rural,15295,14,Steel,Raft,0.993,0.84,1.871,4.48,24519,29,24.95,0.316,29,0.66,0.542,0.965,22736872,High
6666,Industrial,Semi-Urban,19852,12,Hybrid,Raft,0.759,0.901,1.138,6.34,174103,6,16.79,0.615,44,0.772,0.489,0.87,33373354,High
6667,Residential,Rural,2079,6,RCC,Raft,0.713,1.639,0.851,8.06,147097,7,34.38,0.873,9,0.982,0.869,0.51,2385782,Low
6668,Industrial,Rural,11487,2,RCC,Pile,0.684,1.383,1.337,3.1,110706,19,19.21,0.368,11,0.209,0.201,0.844,12678199,Medium
6669,Residential,Urban,6492,3,RCC,Strip,0.892,1.032,2.204,4.22,139567,14,16.03,0.8,44,0.731,0.599,0.565,10990944,Low
6670,Commercial,Urban,550,13,Steel,Pile,0.536,1.511,1.479,6.13,22721,11,29.76,0.614,15,0.834,0.463,0.862,1016595,Low
6671,Residential,Urban,6952,11,RCC,Raft,0.98,1.454,1.506,6.31,26472,19,31.71,0.615,20,0.711,0.944,0.753,14187679,Medium
6672,Residential,Semi-Urban,5653,12,RCC,Strip,0.709,0.907,1.597,3.52,185012,26,34.01,0.041,12,0.418,0.81,0.989,4892581,Low
6673,Residential,Rural,15840,10,Hybrid,Raft,0.657,1.568,2.078,5.44,11196,14,17.19,0.899,46,0.858,0.49,0.716,25623926,High
6674,Industrial,Semi-Urban,14400,11,Steel,Pile,0.987,1.721,1.616,6.12,69538,19,19.29,0.776,3,0.931,0.677,0.874,50640129,High
6675,Commercial,Semi-Urban,15470,6,Hybrid,Strip,0.968,1.144,0.955,5.54,113917,26,19.56,0.036,36,0.747,0.771,0.521,26164260,High
6676,Residential,Urban,3287,1,RCC,Pile,0.821,1.625,1.151,7.2,132011,6,29.84,0.611,29,0.609,0.164,0.968,5051905,Low
6677,Industrial,Rural,13881,14,RCC,Strip,0.509,1.04,1.119,7.63,171851,1,37.24,0.746,25,0.493,0.706,0.781,10193996,Low
6678,Commercial,Rural,16089,2,Steel,Raft,0.874,1.708,1.663,5.76,56811,14,32.66,0.795,13,0.464,0.226,0.657,30068708,High
6679,Industrial,Urban,16339,8,RCC,Strip,0.668,1.894,0.851,5.55,14356,12,22.87,0.089,36,0.779,0.27,0.563,22844402,High
6680,Industrial,Rural,2655,11,Steel,Pile,0.694,1.33,1.282,7.23,182074,29,36.33,0.64,58,0.686,0.515,0.82,4668987,Low
6681,Commercial,Urban,7519,8,Hybrid,Pile,0.579,1.094,1.832,6.33,108611,12,31.74,0.233,24,0.325,0.982,0.873,14796099,Medium
6682,Residential,Semi-Urban,8107,6,Steel,Pile,0.762,1.279,1.403,8.22,108117,29,32.21,0.451,38,0.313,0.957,0.543,11884152,Medium
6683,Industrial,Semi-Urban,11428,3,Hybrid,Pile,0.872,1.1,2.003,5.89,58865,9,38.93,0.526,26,0.257,0.912,0.582,30663512,High
6684,Industrial,Urban,16157,14,RCC,Raft,0.637,0.801,1.465,6.45,159212,29,38.76,0.027,13,0.747,0.131,0.693,18547735,Medium
6685,Residential,Semi-Urban,9098,2,Hybrid,Pile,0.969,1.581,2.465,3.77,175437,9,24.64,0.3,1,0.451,0.868,0.926,26862080,High
6686,Residential,Semi-Urban,12071,13,Hybrid,Raft,0.597,0.851,2.441,8.02,5178,14,30.9,0.797,1,0.216,0.799,0.991,15701481,Medium
6687,Commercial,Urban,16706,6,Hybrid,Strip,0.533,1.052,2.16,5.53,87957,20,20.05,0.842,32,0.47,0.549,0.873,24256110,High
6688,Commercial,Semi-Urban,12387,1,Steel,Pile,0.822,1.667,2.422,7.31,124466,2,25.3,0.33,1,0.866,0.393,0.503,39864447,High
6689,Commercial,Rural,15528,14,Hybrid,Strip,0.925,1.599,1.148,5.58,27168,14,21.84,0.442,33,0.398,0.78,0.952,25811593,High
6690,Residential,Semi-Urban,16475,10,Steel,Strip,0.977,0.888,2.077,3.01,27561,23,24.18,0.831,52,0.707,0.196,0.513,25991925,High
6691,Industrial,Urban,14339,6,Steel,Raft,0.884,1.592,1.347,5.4,173645,29,31.89,0.201,24,0.552,0.685,0.949,36234386,High
6692,Industrial,Rural,14419,9,Steel,Pile,0.6,1.917,2.033,3.89,133951,7,20.26,0.731,54,0.639,0.705,0.705,31363554,High
6693,Commercial,Rural,5912,7,RCC,Raft,0.989,0.889,1.436,5.39,61551,15,19.51,0.407,58,0.677,0.598,0.871,9059975,Low
6694,Residential,Semi-Urban,4999,9,RCC,Pile,0.96,1.299,1.292,4.93,28744,22,24.48,0.987,44,0.564,0.89,0.544,8249675,Low
6695,Industrial,Rural,5409,2,RCC,Strip,0.582,1.675,2.43,4.22,48517,8,17.45,0.602,36,0.246,0.397,0.582,7387628,Low
6696,Commercial,Urban,15978,11,Steel,Raft,0.779,1.601,1.157,3.74,76867,19,35.35,0.148,26,0.654,0.53,0.725,30355127,High
6697,Industrial,Rural,11594,14,RCC,Pile,0.778,1.072,2.09,7.37,102005,2,38.96,0.172,25,0.518,0.783,0.519,21641233,Medium
6698,Industrial,Semi-Urban,19873,5,Hybrid,Strip,0.721,0.996,1.947,7.53,195255,26,35.03,0.027,51,0.36,0.745,0.695,33524104,High
6699,Residential,Semi-Urban,8154,9,Steel,Raft,0.992,1.741,1.316,4.59,116308,1,28.29,0.715,46,0.917,0.606,0.876,17016775,Medium
6700,Residential,Rural,16482,7,RCC,Raft,0.53,1.947,1.579,5.97,172826,28,31.85,0.443,21,0.789,0.345,0.827,15153133,Medium
6701,Industrial,Urban,19108,9,Steel,Raft,0.814,1.721,1.043,5.78,131056,19,35.14,0.011,51,0.427,0.365,0.676,40437592,High
6702,Commercial,Urban,3420,14,RCC,Raft,0.603,1.956,2.366,5.13,101546,24,16.71,0.101,46,0.631,0.767,0.504,7475227,Low
6703,Residential,Semi-Urban,6115,11,Hybrid,Strip,0.764,1.526,2.446,4.67,142312,28,25.45,0.289,57,0.97,0.105,0.635,11901133,Medium
6704,Industrial,Semi-Urban,4815,6,Steel,Strip,0.89,1.915,2.045,4.12,150260,8,18.59,0.424,6,0.396,0.687,0.888,12544783,Medium
6705,Residential,Urban,12960,7,RCC,Strip,0.623,1.629,2.244,8.24,193907,7,17.27,0.938,12,0.958,0.323,0.67,19644601,Medium
6706,Residential,Rural,3283,10,RCC,Strip,0.697,1.891,0.94,8.0,116392,28,33.97,0.541,47,0.747,0.706,0.689,3425671,Low
6707,Residential,Rural,10105,5,Hybrid,Pile,0.975,0.994,1.453,5.5,164858,18,36.45,0.894,50,0.633,0.268,0.537,17073324,Medium
6708,Industrial,Rural,13289,6,Hybrid,Strip,0.881,1.779,1.362,7.33,38077,19,17.09,0.251,27,0.987,0.439,0.801,31098751,High
6709,Commercial,Rural,12340,1,RCC,Raft,0.786,1.036,1.76,5.99,97710,13,19.47,0.332,44,0.467,0.778,0.811,15809574,Medium
6710,Commercial,Urban,19692,1,RCC,Raft,0.611,0.833,1.112,3.51,110581,16,20.52,0.881,55,0.423,0.78,0.715,18874887,Medium
6711,Commercial,Semi-Urban,3831,2,Steel,Raft,0.713,1.421,1.758,7.93,165959,23,36.42,0.491,27,0.472,0.289,0.88,5857416,Low
6712,Residential,Semi-Urban,19062,11,Steel,Raft,0.887,1.182,1.912,4.32,178733,11,37.84,0.59,23,0.801,0.439,0.938,34777029,High
6713,Industrial,Rural,17681,14,RCC,Pile,0.91,0.852,1.025,7.24,177837,24,34.12,0.574,34,0.47,0.552,0.875,25009955,High
6714,Residential,Urban,3346,4,Hybrid,Raft,0.622,1.976,1.024,6.16,126416,25,34.91,0.645,54,0.282,0.629,0.772,4696858,Low
6715,Commercial,Urban,1429,11,Steel,Raft,0.831,1.6,0.86,7.14,132087,22,23.57,0.589,32,0.715,0.768,0.968,3058777,Low
6716,Commercial,Rural,5318,9,RCC,Raft,0.548,1.882,2.094,5.83,105196,10,25.21,0.694,36,0.378,0.121,0.691,6316741,Low
6717,Industrial,Rural,19975,7,Hybrid,Strip,0.512,1.999,1.363,7.22,47286,19,22.01,0.147,8,0.203,0.204,0.827,21669864,Medium
6718,Residential,Rural,2762,6,Hybrid,Strip,0.774,1.27,1.183,3.2,170757,25,38.96,0.711,49,0.359,0.242,0.788,3076654,Low
6719,Commercial,Semi-Urban,13275,1,RCC,Pile,0.612,1.106,2.123,3.25,196040,5,33.19,0.151,2,0.855,0.272,0.921,19404949,Medium
6720,Industrial,Rural,8049,5,RCC,Pile,0.539,1.021,1.044,8.38,77035,12,23.53,0.34,51,0.952,0.127,0.75,7673053,Low
6721,Residential,Semi-Urban,9909,11,Steel,Pile,0.865,1.418,1.526,7.5,133809,4,18.39,0.831,1,0.73,0.928,0.777,21417640,Medium
6722,Residential,Urban,10156,12,RCC,Raft,0.749,1.527,2.066,7.97,181442,25,19.87,0.608,57,0.448,0.246,0.727,15911008,Medium
6723,Commercial,Urban,4674,13,Steel,Pile,0.898,1.367,1.776,5.74,7241,26,20.1,0.967,21,0.549,0.166,0.57,12874350,Medium
6724,Commercial,Semi-Urban,5270,4,Hybrid,Strip,0.832,1.265,1.742,5.76,192465,28,30.37,0.252,20,0.356,0.525,0.943,9303038,Low
6725,Residential,Semi-Urban,6333,5,Steel,Strip,0.865,1.002,1.068,6.2,23357,16,37.57,0.921,36,0.905,0.947,0.931,8207233,Low
6726,Residential,Semi-Urban,19177,11,RCC,Strip,0.654,1.33,1.108,4.46,92446,2,36.72,0.642,23,0.732,0.968,0.851,16395905,Medium
6727,Commercial,Semi-Urban,2545,9,Steel,Raft,0.632,0.902,1.79,7.4,17232,26,16.74,0.369,13,0.268,0.709,0.674,3072660,Low
6728,Residential,Rural,1537,12,Hybrid,Raft,0.8,1.838,0.84,7.98,172818,4,32.73,0.787,53,0.494,0.261,0.678,2522829,Low
6729,Commercial,Urban,6742,3,Hybrid,Pile,0.6,0.856,2.278,8.44,39083,29,19.19,0.955,32,0.63,0.103,0.518,11862919,Medium
6730,Residential,Rural,10151,4,RCC,Pile,0.908,1.257,1.396,6.1,100415,16,22.76,0.78,16,0.838,0.402,0.539,13271807,Medium
6731,Commercial,Semi-Urban,12821,8,Steel,Pile,0.761,0.92,1.508,5.49,164077,22,28.6,0.006,57,0.936,0.213,0.757,21292567,Medium
6732,Industrial,Rural,6662,3,RCC,Pile,0.613,1.73,1.239,7.99,83802,11,36.02,0.01,57,0.306,0.78,0.525,9499718,Low
6733,Commercial,Rural,4573,13,RCC,Raft,0.813,1.175,2.29,7.52,62954,6,20.92,0.126,20,0.868,0.972,0.55,9003636,Low
6734,Commercial,Urban,18167,3,Hybrid,Strip,0.973,0.936,1.892,8.2,196283,28,36.85,0.851,12,0.253,0.175,0.626,35490978,High
6735,Industrial,Rural,16535,13,Steel,Raft,0.541,1.438,1.565,6.93,102181,11,33.37,0.75,43,0.392,0.457,0.687,18983882,Medium
6736,Residential,Urban,7232,9,RCC,Pile,0.555,1.9,1.795,8.3,31065,10,31.86,0.64,50,0.217,0.912,0.745,10646927,Low
6737,Industrial,Semi-Urban,3987,5,Hybrid,Raft,0.922,1.89,1.447,3.53,175635,15,18.32,0.695,43,0.251,0.755,0.662,11251573,Medium
6738,Commercial,Rural,2684,10,RCC,Strip,0.555,1.1,1.591,7.08,20499,21,26.86,0.62,39,0.226,0.883,0.97,2102837,Low
6739,Residential,Semi-Urban,14390,1,Steel,Raft,0.52,1.664,1.408,3.53,65733,26,21.88,0.348,10,0.317,0.931,0.975,14488848,Medium
6740,Industrial,Urban,9917,7,RCC,Strip,0.674,0.836,1.498,7.49,130147,7,29.7,0.72,1,0.901,0.471,0.528,13584903,Medium
6741,Residential,Semi-Urban,5995,7,Steel,Pile,0.733,0.958,1.335,6.77,64691,21,31.84,0.935,36,0.427,0.724,0.993,7728222,Low
6742,Residential,Semi-Urban,19181,6,Hybrid,Raft,0.785,1.399,0.932,3.1,50975,15,16.63,0.75,27,0.584,0.738,0.586,25952699,High
6743,Industrial,Urban,15281,6,Hybrid,Pile,0.754,1.075,0.863,6.6,167217,22,31.1,0.867,53,0.59,0.668,0.666,30447487,High
6744,Residential,Semi-Urban,7597,3,RCC,Pile,0.957,1.758,1.096,3.88,73218,1,27.45,0.237,2,0.996,0.393,0.919,13897391,Medium
6745,Industrial,Semi-Urban,8969,3,Hybrid,Strip,0.884,1.917,1.228,3.85,78458,8,35.97,0.349,14,0.492,0.849,0.844,22002505,High
6746,Commercial,Semi-Urban,12899,10,RCC,Strip,0.992,0.805,2.314,3.9,130872,5,34.83,0.508,45,0.412,0.792,0.529,20787911,Medium
6747,Residential,Rural,16702,11,RCC,Pile,0.738,1.079,1.839,5.9,18265,21,25.32,0.471,23,0.971,0.501,0.887,20233572,Medium
6748,Commercial,Semi-Urban,11485,9,Steel,Strip,0.542,1.327,2.429,3.69,128113,26,39.41,0.466,7,0.674,0.479,0.832,15129305,Medium
6749,Commercial,Urban,7331,1,RCC,Strip,0.978,1.476,1.377,3.75,170977,6,29.67,0.641,5,0.432,0.11,0.975,12145829,Medium
6750,Residential,Rural,17275,7,Steel,Pile,0.502,1.899,1.483,4.54,147839,22,39.09,0.855,31,0.43,0.859,0.955,19039094,Medium
6751,Industrial,Rural,1468,13,RCC,Pile,0.888,1.87,2.024,3.01,155262,24,32.98,0.887,40,0.269,0.356,0.988,3558196,Low
6752,Residential,Urban,10882,12,Steel,Strip,0.516,1.565,1.782,4.65,133416,4,25.19,0.151,50,0.645,0.524,0.727,13486467,Medium
6753,Commercial,Semi-Urban,5651,11,Hybrid,Pile,0.881,1.109,1.697,6.71,183627,15,20.84,0.09,34,0.779,0.47,0.853,14596893,Medium
6754,Commercial,Rural,11318,10,RCC,Pile,0.969,1.74,1.778,6.61,112989,4,26.64,0.311,55,0.58,0.71,0.981,26317747,High
6755,Industrial,Rural,11292,7,Steel,Strip,0.695,1.043,1.793,8.82,37815,3,38.4,0.737,12,0.908,0.451,0.501,17452483,Medium
6756,Residential,Rural,6625,8,RCC,Raft,0.62,1.958,2.102,3.72,109071,25,18.26,0.793,27,0.587,0.262,0.894,7584459,Low
6757,Commercial,Semi-Urban,4870,6,Steel,Raft,0.613,0.807,1.936,8.19,81488,16,26.51,0.383,41,0.477,0.882,0.527,6653434,Low
6758,Commercial,Rural,5338,8,Steel,Pile,0.746,1.484,2.427,5.35,160374,16,23.67,0.31,3,0.401,0.265,0.999,10907544,Low
6759,Commercial,Urban,16675,1,RCC,Strip,0.585,0.906,2.412,5.32,140633,8,36.68,0.13,57,0.395,0.126,0.507,16591994,Medium
6760,Industrial,Semi-Urban,3634,1,RCC,Pile,0.836,1.289,1.517,5.09,18591,21,35.1,0.238,30,0.453,0.277,0.777,6898474,Low
6761,Commercial,Urban,13191,9,Hybrid,Strip,0.684,1.562,0.861,3.75,162712,27,28.8,0.101,0,0.994,0.51,0.76,20781988,Medium
6762,Commercial,Urban,10931,12,Hybrid,Pile,0.662,1.628,0.819,5.87,86216,24,25.38,0.304,29,0.489,0.481,0.652,18003017,Medium
6763,Residential,Rural,12056,4,Hybrid,Pile,0.731,1.743,1.009,7.72,5678,6,32.1,0.676,7,0.62,0.817,0.866,19730546,Medium
6764,Residential,Rural,1554,3,RCC,Strip,0.771,1.512,0.927,8.25,17137,21,38.83,0.129,39,0.42,0.275,0.628,1381747,Low
6765,Commercial,Rural,3169,6,Hybrid,Pile,0.571,1.102,1.435,8.78,154046,13,17.53,0.321,45,0.315,0.798,0.645,4339915,Low
6766,Commercial,Urban,17159,10,Steel,Raft,0.854,1.867,0.89,7.71,40286,9,37.47,0.529,52,0.717,0.187,0.59,34581910,High
6767,Residential,Semi-Urban,16581,12,RCC,Raft,0.941,1.773,1.862,6.74,61284,9,22.36,0.327,58,0.636,0.526,0.857,33683297,High
6768,Industrial,Rural,13438,13,Steel,Strip,0.639,0.992,1.123,5.99,128708,11,15.11,0.44,13,0.254,0.879,0.585,12861530,Medium
6769,Industrial,Rural,6217,12,Steel,Pile,0.59,1.792,1.674,8.25,22950,8,33.53,0.497,43,0.906,0.472,0.949,12653806,Medium
6770,Industrial,Urban,12782,9,Steel,Raft,0.88,1.967,0.975,7.44,83948,28,34.71,0.775,27,0.606,0.967,0.644,35739432,High
6771,Industrial,Semi-Urban,15391,10,RCC,Strip,0.592,1.565,2.207,3.97,114830,13,22.62,0.843,33,0.468,0.668,0.759,22507130,High
6772,Industrial,Urban,9797,11,RCC,Strip,0.521,1.138,2.126,7.1,103509,26,34.46,0.192,38,0.823,0.781,0.738,13805679,Medium
6773,Industrial,Rural,14701,4,Hybrid,Strip,0.81,1.528,1.457,5.59,137877,19,34.95,0.369,3,0.29,0.559,0.851,25607188,High
6774,Industrial,Urban,16789,9,Hybrid,Raft,0.62,1.211,2.348,6.57,62823,29,31.88,0.575,23,0.579,0.487,0.617,41336950,High
6775,Industrial,Rural,13373,5,Hybrid,Raft,0.586,1.611,1.116,8.39,15821,25,15.97,0.499,26,0.639,0.176,0.919,17739604,Medium
6776,Residential,Semi-Urban,17012,13,Hybrid,Raft,0.991,1.454,2.184,6.92,125498,22,31.69,0.08,41,0.82,0.208,0.869,43244036,High
6777,Industrial,Urban,13948,7,Steel,Raft,0.646,1.915,1.728,8.63,130646,25,38.31,0.345,10,0.496,0.615,0.671,32819006,High
6778,Industrial,Rural,15698,3,RCC,Pile,0.952,1.541,1.36,8.2,93605,1,30.51,0.228,53,0.884,0.652,0.56,38812642,High
6779,Industrial,Rural,8122,3,Hybrid,Raft,0.589,1.057,0.943,3.77,98854,17,24.17,0.417,22,0.758,0.986,0.752,9621877,Low
6780,Commercial,Rural,8580,12,Steel,Strip,0.909,1.67,1.091,3.07,176220,6,29.09,0.338,41,0.817,0.872,0.99,15041822,Medium
6781,Residential,Rural,2902,3,RCC,Pile,0.751,1.161,2.267,5.31,63114,12,39.83,0.695,31,0.975,0.86,0.512,4659728,Low
6782,Residential,Urban,18531,8,RCC,Raft,0.539,1.127,1.832,8.19,62410,4,26.81,0.401,58,0.876,0.358,0.922,19584583,Medium
6783,Residential,Rural,4056,14,RCC,Pile,0.867,1.27,1.203,4.38,192860,21,36.04,0.242,49,0.477,0.471,0.85,4857921,Low
6784,Industrial,Urban,2693,6,Steel,Strip,0.946,0.814,1.643,7.15,31994,16,18.46,0.62,52,0.717,0.192,0.592,5710685,Low
6785,Industrial,Rural,10739,9,Hybrid,Raft,0.582,1.963,0.983,5.86,46323,21,16.41,0.727,3,0.895,0.623,0.738,17783568,Medium
6786,Commercial,Urban,19988,9,RCC,Pile,0.863,1.439,0.968,7.48,75031,3,24.75,0.108,18,0.62,0.163,0.814,34922058,High
6787,Residential,Urban,19018,8,Steel,Raft,0.723,1.728,2.343,3.99,111233,25,18.44,0.251,6,0.746,0.502,0.848,40462586,High
6788,Industrial,Rural,9083,1,RCC,Pile,0.877,1.109,1.578,4.43,22452,17,23.26,0.209,32,0.338,0.61,0.961,14367744,Medium
6789,Residential,Rural,19163,6,Steel,Pile,0.857,1.696,1.415,4.46,17126,22,32.89,0.201,13,0.853,0.305,0.937,34251625,High
6790,Commercial,Rural,13375,4,Hybrid,Strip,0.513,1.481,2.413,6.29,21221,18,26.14,0.902,12,0.806,0.798,0.664,20807549,Medium
6791,Commercial,Rural,11186,4,Hybrid,Strip,0.589,1.309,1.478,4.74,30886,18,23.03,0.126,5,0.911,0.707,0.56,13956990,Medium
6792,Commercial,Semi-Urban,18036,3,RCC,Raft,0.736,1.965,1.372,7.87,176547,25,37.29,0.871,58,0.768,0.233,0.552,28465863,High
6793,Residential,Rural,1794,12,Hybrid,Raft,0.967,1.393,1.264,5.08,186666,26,15.24,0.394,18,0.902,0.985,0.984,3778317,Low
6794,Industrial,Rural,15948,9,Hybrid,Pile,0.671,1.589,1.761,6.97,161976,18,35.35,0.641,54,0.33,0.588,0.978,31564415,High
6795,Industrial,Rural,10867,2,Steel,Strip,0.814,0.818,1.749,8.69,126771,25,30.53,0.441,8,0.851,0.124,0.91,15897924,Medium
6796,Commercial,Urban,13837,1,Steel,Strip,0.506,1.162,0.828,6.64,42613,28,16.16,0.599,34,0.962,0.415,0.99,13411500,Medium
6797,Industrial,Rural,7154,14,RCC,Pile,0.856,1.866,1.912,4.45,129089,28,15.85,0.552,48,0.852,0.981,0.637,19607927,Medium
6798,Commercial,Urban,19822,10,Steel,Strip,0.802,1.711,2.14,7.98,93181,8,19.3,0.433,50,0.692,0.912,0.913,54023368,High
6799,Residential,Urban,19510,3,Hybrid,Strip,0.858,1.444,1.847,3.08,45720,23,39.44,0.275,47,0.941,0.236,0.751,40359236,High
6800,Commercial,Urban,17833,13,Steel,Pile,0.952,1.88,2.279,4.54,115717,8,17.14,0.931,56,0.276,0.87,0.9,67234926,High
6801,Residential,Urban,13193,4,Hybrid,Raft,0.573,1.383,1.27,5.32,36705,13,33.47,0.916,25,0.213,0.657,0.805,14439618,Medium
6802,Commercial,Semi-Urban,9741,4,RCC,Raft,0.631,1.48,1.126,4.18,9227,12,25.04,0.071,3,0.972,0.12,0.923,10907297,Low
6803,Industrial,Rural,4575,6,Hybrid,Raft,0.998,1.259,1.985,6.62,98344,25,20.92,0.224,47,0.746,0.782,0.699,14268301,Medium
6804,Industrial,Urban,13151,1,Steel,Pile,0.578,1.544,1.121,6.35,23109,15,29.38,0.574,27,0.291,0.472,0.995,20400630,Medium
6805,Commercial,Rural,9775,1,Steel,Raft,0.86,1.183,0.955,5.44,14808,10,24.2,0.98,26,0.472,0.457,0.61,12326160,Medium
6806,Industrial,Urban,13338,2,Steel,Pile,0.863,1.263,0.964,4.77,80625,9,22.75,0.727,50,0.799,0.445,0.836,29924644,High
6807,Industrial,Semi-Urban,2158,4,Steel,Pile,0.841,1.96,2.106,5.6,152143,3,20.99,0.818,54,0.8,0.637,0.901,8345345,Low
6808,Industrial,Urban,7432,7,RCC,Strip,0.614,0.934,0.849,4.75,34017,10,26.45,0.314,43,0.336,0.743,0.793,6534749,Low
6809,Residential,Rural,14748,6,Hybrid,Strip,0.608,0.926,1.292,4.33,15323,17,19.24,0.219,6,0.576,0.683,0.645,11323943,Medium
6810,Industrial,Rural,7459,11,Steel,Raft,0.833,0.852,1.02,5.11,191409,15,36.3,0.226,51,0.846,0.318,0.781,10970485,Low
6811,Residential,Semi-Urban,18701,9,Hybrid,Pile,0.593,1.184,2.083,6.61,89402,24,29.79,0.483,56,0.973,0.736,0.752,32686453,High
6812,Commercial,Rural,8882,7,RCC,Raft,0.831,1.278,1.656,6.89,88370,29,16.57,0.858,8,0.698,0.222,0.595,12411830,Medium
6813,Industrial,Rural,17344,12,Hybrid,Raft,0.746,0.913,1.149,4.78,109495,29,26.43,0.216,33,0.711,0.974,0.882,26666743,High
6814,Industrial,Urban,15499,5,Steel,Strip,0.693,1.459,2.076,8.68,59313,10,30.74,0.57,54,0.575,0.526,0.634,35567508,High
6815,Industrial,Rural,6876,6,Hybrid,Raft,0.65,1.5,2.076,4.57,91200,20,36.54,0.809,7,0.631,0.182,0.916,12592805,Medium
6816,Commercial,Urban,19405,10,Steel,Raft,0.974,1.701,1.689,7.27,109245,21,15.59,0.5,55,0.279,0.619,0.607,53001880,High
6817,Residential,Semi-Urban,3976,9,Steel,Strip,0.754,1.971,1.269,3.49,29416,14,26.41,0.417,9,0.48,0.619,0.751,5300076,Low
6818,Residential,Rural,19589,1,RCC,Raft,0.781,1.543,1.797,6.99,22639,27,32.65,0.347,0,0.606,0.135,0.848,23194551,High
6819,Industrial,Urban,4866,11,RCC,Raft,0.975,0.934,2.387,5.76,51770,16,19.9,0.6,49,0.42,0.11,0.998,11420076,Medium
6820,Commercial,Rural,16706,9,Hybrid,Pile,0.827,0.906,0.888,6.41,67600,22,20.53,0.818,7,0.488,0.996,0.635,23605361,High
6821,Commercial,Urban,12958,6,Hybrid,Raft,0.979,1.733,1.254,4.1,174479,6,27.24,0.996,44,0.977,0.451,0.818,38817386,High
6822,Commercial,Semi-Urban,527,12,Steel,Strip,0.553,1.58,1.284,5.6,26736,7,37.11,0.869,38,0.204,0.321,0.577,733421,Low
6823,Commercial,Urban,11664,4,Steel,Strip,0.923,0.994,1.874,7.6,15174,10,24.96,0.453,45,0.442,0.593,0.91,23730437,High
6824,Commercial,Rural,7048,12,Steel,Pile,0.668,1.104,1.907,7.6,182519,19,27.11,0.079,38,0.667,0.108,0.931,10016279,Low
6825,Residential,Urban,3524,5,Steel,Strip,0.905,1.7,1.151,4.43,184821,18,30.89,0.121,16,0.423,0.112,0.944,5467792,Low
6826,Residential,Rural,1764,13,RCC,Strip,0.928,1.479,1.167,5.12,47935,28,22.77,0.029,17,0.741,0.202,0.973,1992355,Low
6827,Residential,Semi-Urban,9547,1,Steel,Strip,0.636,1.502,2.378,3.02,115149,9,36.68,0.363,33,0.439,0.822,0.678,14549468,Medium
6828,Industrial,Urban,12717,7,RCC,Raft,0.704,1.052,2.086,3.54,41232,2,39.05,0.482,34,0.711,0.323,0.833,22868626,High
6829,Commercial,Rural,7087,13,Hybrid,Pile,0.863,1.555,2.388,3.76,26450,9,31.26,0.821,50,0.88,0.553,0.658,21885316,High
6830,Industrial,Rural,7077,13,Hybrid,Pile,0.55,1.725,2.21,4.76,60797,26,30.96,0.086,2,0.727,0.301,0.902,13813905,Medium
6831,Commercial,Rural,18135,8,RCC,Pile,0.878,1.862,1.484,7.55,23798,4,31.84,0.228,11,0.24,0.59,0.708,32833912,High
6832,Residential,Urban,13296,11,Steel,Pile,0.555,1.684,1.007,6.06,147446,11,19.85,0.511,3,0.836,0.558,0.777,17886237,Medium
6833,Industrial,Urban,4370,5,Hybrid,Strip,0.957,1.492,1.87,7.76,97420,17,33.31,0.85,35,0.37,0.461,0.566,12751095,Medium
6834,Residential,Urban,1826,2,RCC,Raft,0.638,1.608,1.398,7.53,70095,3,23.67,0.088,8,0.708,0.49,0.925,2430349,Low
6835,Commercial,Semi-Urban,9717,8,Hybrid,Strip,0.788,1.382,1.523,6.52,8874,26,39.83,0.243,34,0.717,0.688,0.741,16749075,Medium
6836,Commercial,Rural,17245,10,Steel,Strip,0.559,1.072,1.524,6.0,48507,15,33.8,0.544,2,0.843,0.858,0.82,18199394,Medium
6837,Commercial,Rural,18102,7,RCC,Strip,0.635,1.859,2.392,8.59,90080,2,29.59,0.324,24,0.605,0.387,0.835,26209453,High
6838,Residential,Semi-Urban,1105,10,Hybrid,Strip,0.702,1.439,0.917,6.42,142571,16,37.81,0.992,51,0.501,0.579,0.637,1570236,Low
6839,Commercial,Semi-Urban,18554,9,Steel,Pile,0.744,1.513,1.128,5.9,145656,4,39.25,0.452,53,0.614,0.869,0.897,33097720,High
6840,Residential,Urban,13503,4,RCC,Pile,0.5,1.988,1.834,8.21,178547,18,35.45,0.911,25,0.637,0.251,0.917,17708558,Medium
6841,Industrial,Urban,10989,11,RCC,Raft,0.944,1.982,2.302,3.43,171533,28,33.91,0.941,36,0.857,0.982,0.758,42172769,High
6842,Commercial,Urban,18161,9,RCC,Strip,0.504,1.504,2.361,6.94,73439,10,16.52,0.259,47,0.364,0.776,0.951,23706523,High
6843,Commercial,Urban,17282,4,RCC,Pile,0.887,0.841,1.75,3.68,197374,6,32.65,0.327,26,0.877,0.43,0.58,35346530,High
6844,Commercial,Urban,13987,3,Hybrid,Raft,0.735,1.275,0.859,7.92,66844,11,23.39,0.324,27,0.493,0.438,0.707,22771011,High
6845,Industrial,Urban,19056,11,RCC,Strip,0.762,1.925,1.417,7.76,76587,10,38.25,0.436,57,0.795,0.285,0.522,38819145,High
6846,Commercial,Semi-Urban,19694,3,RCC,Strip,0.604,1.146,2.362,6.02,181495,1,30.29,0.063,18,0.469,0.341,0.699,23416108,High
6847,Residential,Semi-Urban,15233,10,RCC,Pile,0.804,1.999,1.65,6.97,190600,16,24.27,0.807,23,0.767,0.628,0.999,30719787,High
6848,Residential,Semi-Urban,6774,2,RCC,Strip,0.769,0.901,2.035,7.64,103524,5,23.47,0.131,58,0.839,0.103,0.732,7876454,Low
6849,Commercial,Rural,11344,10,RCC,Strip,0.582,1.482,1.258,5.9,8012,9,28.87,0.894,36,0.646,0.121,0.71,9225652,Low
6850,Commercial,Rural,19823,3,Steel,Pile,0.619,1.419,0.843,8.44,45312,17,27.29,0.577,39,0.696,0.988,0.844,25806798,High
6851,Industrial,Urban,13689,14,Hybrid,Raft,0.533,1.106,1.783,5.62,43134,4,24.77,0.481,43,0.766,0.312,0.524,24514090,High
6852,Industrial,Semi-Urban,17828,8,Steel,Raft,0.533,1.938,2.219,8.35,29433,2,20.21,0.661,37,0.751,0.847,0.677,41206467,High
6853,Industrial,Rural,11471,11,Hybrid,Pile,0.507,1.543,2.483,6.5,86285,27,34.91,0.933,24,0.782,0.651,0.767,22824478,High
6854,Commercial,Rural,6465,8,RCC,Pile,0.61,1.076,2.239,5.56,129150,2,25.84,0.297,33,0.88,0.501,0.742,9181609,Low
6855,Industrial,Semi-Urban,13121,2,Hybrid,Raft,0.84,1.261,1.742,3.02,26831,5,17.47,0.27,14,0.376,0.759,0.821,30067718,High
6856,Industrial,Rural,6848,11,RCC,Raft,0.658,1.665,1.835,4.77,64096,2,17.14,0.37,15,0.372,0.145,0.569,9538961,Low
6857,Residential,Rural,18080,2,RCC,Pile,0.671,1.157,2.201,8.21,68954,13,20.95,0.487,54,0.977,0.78,0.701,26086227,High
6858,Industrial,Semi-Urban,18096,2,Steel,Pile,0.566,1.856,0.834,5.57,185859,5,28.81,0.076,57,0.881,0.871,0.817,31884849,High
6859,Residential,Rural,1323,10,Steel,Pile,0.788,0.999,2.418,5.53,16055,1,18.7,0.68,3,0.673,0.352,0.651,2330611,Low
6860,Residential,Semi-Urban,7584,7,Steel,Strip,0.671,1.117,1.703,5.94,190574,21,20.38,0.521,25,0.207,0.371,0.806,7541610,Low
6861,Industrial,Rural,12955,6,Hybrid,Pile,0.838,0.974,2.418,4.72,149695,29,27.54,0.54,46,0.884,0.193,0.979,34378880,High
6862,Residential,Semi-Urban,11107,12,Hybrid,Strip,0.871,0.925,2.1,5.95,73232,15,20.44,0.25,38,0.801,0.87,0.965,19600320,Medium
6863,Commercial,Rural,17419,11,Steel,Raft,0.792,1.16,1.059,5.25,99201,19,36.45,0.841,56,0.965,0.827,0.863,25877446,High
6864,Commercial,Rural,14736,1,Steel,Raft,0.638,1.999,1.081,8.46,14691,14,29.75,0.398,46,0.211,0.483,0.589,17638383,Medium
6865,Industrial,Semi-Urban,19894,2,RCC,Pile,0.754,0.913,1.401,6.38,81989,12,17.15,0.652,25,0.223,0.44,0.892,24507104,High
6866,Commercial,Rural,16736,14,Hybrid,Pile,0.626,1.056,1.249,8.0,30076,2,18.5,0.24,47,0.614,0.485,0.723,22020827,High
6867,Residential,Semi-Urban,11319,1,RCC,Raft,0.951,1.126,1.547,7.12,39424,27,19.88,0.816,27,0.885,0.478,0.976,17406893,Medium
6868,Commercial,Semi-Urban,12469,12,Hybrid,Raft,0.883,1.543,1.827,4.28,155814,20,30.75,0.3,48,0.993,0.487,0.806,34633629,High
6869,Industrial,Rural,17833,11,Steel,Raft,0.747,1.694,1.542,8.21,11464,1,17.64,0.922,36,0.456,0.231,0.609,33976672,High
6870,Industrial,Urban,12200,7,Hybrid,Raft,0.983,1.702,0.896,3.52,137968,3,16.08,0.455,37,0.229,0.112,0.656,28323129,High
6871,Residential,Rural,1043,6,Hybrid,Pile,0.773,0.81,2.459,5.69,70661,11,33.21,0.145,35,0.356,0.786,0.66,2114794,Low
6872,Industrial,Urban,4400,2,RCC,Strip,0.664,1.582,1.523,4.43,58439,17,26.95,0.611,9,0.902,0.409,0.638,7278413,Low
6873,Commercial,Urban,12445,2,Steel,Raft,0.548,1.557,2.247,6.23,195385,24,36.22,0.557,53,0.573,0.542,0.886,22964826,High
6874,Industrial,Rural,4724,2,Steel,Raft,0.772,1.421,0.926,4.8,82013,5,34.82,0.421,32,0.883,0.377,0.668,7144216,Low
6875,Residential,Urban,14258,8,Steel,Strip,0.93,1.255,2.177,7.34,37397,17,21.84,0.82,7,0.555,0.443,0.598,29783562,High
6876,Industrial,Semi-Urban,15449,14,RCC,Pile,0.933,1.757,1.095,8.62,95854,18,19.81,0.421,37,0.243,0.167,0.798,28266564,High
6877,Commercial,Semi-Urban,3366,7,RCC,Strip,0.802,1.213,1.955,7.25,77062,25,27.91,0.136,41,0.694,0.433,0.732,5106473,Low
6878,Residential,Urban,19130,1,RCC,Pile,0.697,1.076,1.925,5.13,73763,23,17.0,0.029,35,0.549,0.517,0.511,27580608,High
6879,Commercial,Semi-Urban,18720,4,Hybrid,Pile,0.825,1.172,2.347,6.6,145089,3,30.82,0.892,20,0.593,0.85,0.64,56266641,High
6880,Residential,Rural,8768,11,Hybrid,Pile,0.881,1.328,1.345,8.33,196072,15,15.3,0.467,55,0.959,0.39,0.519,17268368,Medium
6881,Industrial,Semi-Urban,13313,4,RCC,Pile,0.706,1.057,0.985,4.62,199263,16,35.08,0.563,44,0.566,0.18,0.884,15354014,Medium
6882,Residential,Urban,17232,7,RCC,Pile,0.738,1.529,2.27,3.71,68499,15,37.27,0.115,49,0.837,0.783,0.976,36920798,High
6883,Residential,Rural,5101,2,Steel,Raft,0.84,1.861,1.364,3.78,49903,17,39.91,0.489,19,0.247,0.438,0.75,6952864,Low
6884,Industrial,Semi-Urban,13430,4,Hybrid,Pile,0.938,1.515,1.195,5.97,31971,18,23.6,0.533,54,0.583,0.924,0.779,39774323,High
6885,Commercial,Rural,4833,1,Hybrid,Raft,0.896,1.336,1.627,7.39,125905,23,29.05,0.465,33,0.669,0.963,0.923,11526513,Medium
6886,Industrial,Urban,5899,13,Steel,Pile,0.511,1.756,1.048,6.94,96246,8,36.57,0.954,37,0.291,0.885,0.509,9639337,Low
6887,Residential,Semi-Urban,18339,13,Steel,Raft,0.562,1.698,1.305,5.72,127731,21,26.55,0.571,42,0.442,0.304,0.581,19313200,Medium
6888,Industrial,Rural,19069,11,Steel,Strip,0.926,1.24,1.455,7.38,55657,29,23.23,0.974,27,0.792,0.328,0.827,34412888,High
6889,Residential,Rural,7936,11,RCC,Strip,0.917,1.525,1.271,6.8,44800,28,16.22,0.153,31,0.347,0.815,0.871,8658285,Low
6890,Industrial,Semi-Urban,15447,4,RCC,Raft,0.694,1.676,1.565,6.77,80966,14,24.85,0.914,11,0.303,0.501,0.813,24089508,High
6891,Industrial,Rural,14461,11,RCC,Pile,0.792,1.095,1.454,4.21,61232,4,16.97,0.553,8,0.439,0.368,0.97,21262460,Medium
6892,Commercial,Rural,8586,14,RCC,Raft,0.953,1.24,2.117,4.88,24519,10,24.07,0.296,42,0.887,0.365,0.696,17832224,Medium
6893,Residential,Urban,4182,1,RCC,Raft,0.956,0.927,2.361,5.07,133785,20,23.58,0.746,14,0.81,0.62,0.778,8763769,Low
6894,Commercial,Urban,18730,2,Hybrid,Pile,0.892,1.985,0.972,7.85,183826,21,31.18,0.556,12,0.821,0.906,0.978,60014943,High
6895,Residential,Urban,2354,2,Hybrid,Strip,0.605,0.903,2.2,7.65,94152,7,24.15,0.576,1,0.458,0.657,0.95,3191945,Low
6896,Industrial,Urban,3485,12,Hybrid,Raft,0.865,1.002,2.384,4.52,19595,29,24.6,0.172,19,0.279,0.658,0.515,9806913,Low
6897,Residential,Urban,11317,10,Steel,Strip,0.551,1.376,1.967,3.33,176782,23,22.16,0.68,13,0.226,0.772,0.676,13066044,Medium
6898,Commercial,Urban,19778,12,Hybrid,Strip,0.947,1.838,2.494,7.61,62512,20,30.2,0.294,41,0.669,0.784,0.869,77980595,High
6899,Commercial,Semi-Urban,7996,3,Steel,Strip,0.575,1.227,1.37,5.46,22552,1,24.73,0.356,14,0.762,0.919,0.5,9719607,Low
6900,Commercial,Urban,1058,8,Hybrid,Raft,0.831,1.722,2.212,4.32,54738,21,38.71,0.907,28,0.502,0.246,0.931,3246436,Low
6901,Residential,Rural,19780,11,RCC,Raft,0.805,1.611,1.945,3.7,21438,7,37.3,0.179,57,0.623,0.986,0.751,29944302,High
6902,Commercial,Semi-Urban,1754,6,Hybrid,Pile,0.888,1.566,1.35,3.08,11777,12,20.92,0.887,20,0.423,0.396,0.543,3984120,Low
6903,Commercial,Rural,16167,6,RCC,Pile,0.776,1.814,1.998,5.57,101794,4,25.1,0.5,9,0.491,0.353,0.721,30284505,High
6904,Commercial,Urban,18565,9,RCC,Raft,0.53,0.817,1.666,5.04,37651,7,30.86,0.179,55,0.784,0.559,0.746,20768244,Medium
6905,Industrial,Urban,16578,8,Hybrid,Pile,0.853,1.915,1.121,7.18,97846,24,15.41,0.812,52,0.775,0.338,0.683,52028361,High
6906,Industrial,Rural,10506,2,Hybrid,Strip,0.692,1.795,1.096,8.86,33321,15,20.69,0.652,52,0.222,0.31,0.727,14319575,Medium
6907,Residential,Rural,6783,6,RCC,Strip,0.66,1.925,2.013,4.24,13327,2,22.13,0.347,57,0.955,0.97,0.946,9400313,Low
6908,Residential,Rural,9354,1,Steel,Raft,0.996,1.752,2.01,4.46,141214,2,25.06,0.301,40,0.415,0.194,0.662,18955439,Medium
6909,Commercial,Semi-Urban,12808,13,Steel,Strip,0.795,1.854,1.702,5.02,13729,5,37.23,0.421,57,0.926,0.991,0.98,31332431,High
6910,Industrial,Urban,3825,14,Hybrid,Raft,0.855,1.044,1.652,5.8,113705,3,17.41,0.136,37,0.61,0.66,0.844,10903719,Low
6911,Commercial,Rural,18125,9,RCC,Raft,0.763,1.183,1.106,7.19,89127,16,16.65,0.809,20,0.599,0.963,0.948,21076604,Medium
6912,Commercial,Urban,3643,4,Steel,Raft,0.885,1.178,1.53,5.11,73101,4,31.61,0.279,34,0.56,0.908,0.604,8674288,Low
6913,Industrial,Rural,3537,4,Hybrid,Strip,0.876,0.931,2.281,3.63,23112,15,24.11,0.827,43,0.938,0.684,0.746,8235752,Low
6914,Industrial,Urban,12917,9,Hybrid,Raft,0.829,1.675,2.253,7.38,26880,17,19.44,0.731,16,0.366,0.631,0.783,45085924,High
6915,Industrial,Semi-Urban,18665,3,RCC,Raft,0.999,0.963,1.924,7.77,165058,11,32.55,0.942,53,0.689,0.993,0.543,44692180,High
6916,Residential,Urban,5175,5,Steel,Pile,0.73,0.863,2.496,4.49,85561,4,21.07,0.099,57,0.454,0.564,0.747,9911280,Low
6917,Residential,Rural,18361,1,Hybrid,Strip,0.853,1.731,2.318,3.82,5707,27,29.14,0.349,43,0.932,0.261,0.93,36492495,High
6918,Commercial,Urban,7648,6,Steel,Raft,0.899,1.886,1.047,6.17,107663,4,25.22,0.624,56,0.335,0.994,0.526,18569547,Medium
6919,Residential,Semi-Urban,8051,3,Hybrid,Pile,0.688,1.717,1.479,4.25,154031,4,24.03,0.859,58,0.741,0.391,0.821,14536864,Medium
6920,Industrial,Semi-Urban,16990,1,Hybrid,Raft,0.729,1.79,1.024,5.24,57141,19,33.03,0.156,3,0.537,0.179,0.994,29569149,High
6921,Industrial,Urban,3168,10,Steel,Strip,0.985,1.515,1.592,7.66,134363,2,30.34,0.861,13,0.729,0.745,0.764,10352672,Low
6922,Residential,Rural,18048,6,Steel,Pile,0.516,1.865,2.12,4.32,116053,16,27.85,0.067,39,0.326,0.501,0.652,23906078,High
6923,Commercial,Semi-Urban,15412,14,RCC,Pile,0.668,1.396,1.065,7.84,63528,20,18.2,0.474,31,0.515,0.449,0.792,17666322,Medium
6924,Commercial,Semi-Urban,18041,12,RCC,Raft,0.743,1.986,2.297,7.04,91899,13,29.64,0.084,17,0.286,0.668,0.771,34822557,High
6925,Residential,Urban,2746,10,RCC,Raft,0.501,0.924,1.767,4.32,17418,8,32.32,0.15,58,0.975,0.148,0.553,2609972,Low
6926,Commercial,Semi-Urban,7153,2,RCC,Strip,0.95,1.771,2.073,6.16,25544,19,35.37,0.775,33,0.371,0.728,0.607,14827937,Medium
6927,Commercial,Semi-Urban,11633,8,Steel,Strip,0.643,1.57,0.877,6.68,5568,22,22.49,0.019,31,0.995,0.553,0.835,14559272,Medium
6928,Commercial,Rural,8149,14,RCC,Raft,0.629,1.497,0.96,4.2,55594,2,21.61,0.555,13,0.535,0.541,0.796,7642209,Low
6929,Industrial,Rural,17395,13,Steel,Pile,0.91,1.671,1.855,3.87,102203,17,33.72,0.098,35,0.257,0.91,0.672,46084659,High
6930,Industrial,Rural,8941,11,Hybrid,Strip,0.639,1.808,2.225,6.19,97128,23,26.69,0.811,33,0.214,0.848,0.989,17072545,Medium
6931,Residential,Urban,1388,12,Steel,Strip,0.829,1.835,2.286,7.16,65176,12,25.15,0.808,5,0.679,0.578,0.822,3333401,Low
6932,Industrial,Semi-Urban,9715,2,RCC,Pile,0.911,1.01,1.97,5.79,148308,14,19.02,0.703,39,0.692,0.621,0.615,22156045,High
6933,Commercial,Urban,9291,4,Steel,Raft,0.896,1.036,1.142,3.42,149303,12,25.85,0.756,34,0.62,0.826,0.736,17582999,Medium
6934,Industrial,Semi-Urban,19906,14,Steel,Strip,0.891,0.819,1.132,8.55,16851,22,33.15,0.591,14,0.253,0.47,0.856,24272078,High
6935,Residential,Semi-Urban,19414,3,Steel,Pile,0.544,0.958,2.298,7.17,53742,13,26.26,0.485,50,0.465,0.704,0.836,23206088,High
6936,Industrial,Semi-Urban,11575,9,Steel,Strip,0.54,1.117,0.993,6.73,159649,10,36.82,0.41,19,0.487,0.587,0.623,10487175,Low
6937,Commercial,Rural,15704,2,Steel,Pile,0.653,1.665,1.966,6.86,36770,4,15.11,0.661,27,0.764,0.55,0.824,32080494,High
6938,Commercial,Urban,18948,3,RCC,Strip,0.518,1.371,1.707,5.39,37023,7,19.5,0.383,36,0.535,0.986,0.666,22059714,High
6939,Residential,Urban,10450,7,Steel,Raft,0.75,1.709,1.516,8.91,152029,22,30.37,0.003,50,0.658,0.116,0.729,18491692,Medium
6940,Industrial,Semi-Urban,5913,4,RCC,Pile,0.697,1.384,1.549,3.8,103537,2,31.8,0.101,37,0.429,0.473,0.835,9123515,Low
6941,Industrial,Urban,7037,6,Hybrid,Strip,0.779,1.467,2.407,7.43,156983,15,21.89,0.652,20,0.781,0.937,0.79,22775882,High
6942,Industrial,Rural,4069,3,Steel,Strip,0.649,0.933,2.264,5.53,84900,4,38.55,0.365,23,0.237,0.935,0.856,5812659,Low
6943,Commercial,Urban,1742,1,Hybrid,Pile,0.743,1.732,2.27,8.29,14321,9,23.27,0.99,9,0.991,0.773,0.691,6293612,Low
6944,Residential,Semi-Urban,4829,11,RCC,Pile,0.667,1.71,1.491,7.3,189927,24,25.28,0.354,35,0.713,0.633,0.876,7172329,Low
6945,Industrial,Rural,10987,6,Steel,Raft,0.598,1.169,0.982,6.37,122239,6,39.41,0.108,53,0.319,0.722,0.508,10887677,Low
6946,Commercial,Rural,18809,4,Hybrid,Pile,0.825,1.194,2.496,8.63,189952,29,26.98,0.328,8,0.774,0.328,0.594,49066738,High
6947,Commercial,Semi-Urban,3895,2,RCC,Strip,0.837,1.064,1.047,8.47,153071,17,30.32,0.687,21,0.829,0.54,0.987,4690833,Low
6948,Commercial,Urban,17324,7,Hybrid,Raft,0.915,1.777,1.676,3.31,183828,7,28.5,0.528,41,0.831,0.582,0.543,58964671,High
6949,Industrial,Semi-Urban,19627,10,Steel,Pile,0.937,1.696,1.25,4.16,172768,16,19.44,0.61,36,0.417,0.157,0.831,49790222,High
6950,Industrial,Urban,8539,13,Steel,Strip,0.852,1.531,1.668,7.06,9889,17,39.79,0.111,15,0.967,0.88,0.958,22830162,High
6951,Industrial,Urban,8698,12,Steel,Pile,0.844,1.087,1.318,8.53,73308,8,16.48,0.827,42,0.214,0.511,0.93,19002995,Medium
6952,Industrial,Rural,2086,13,RCC,Strip,0.528,1.006,2.325,5.58,5918,3,39.59,0.902,23,0.504,0.909,0.956,2204787,Low
6953,Industrial,Semi-Urban,17709,5,Hybrid,Strip,0.555,0.86,2.446,3.23,53043,25,26.7,0.145,3,0.283,0.451,0.992,22652668,High
6954,Industrial,Rural,4324,6,RCC,Raft,0.906,0.855,1.497,6.86,10195,29,19.74,0.626,43,0.508,0.468,0.679,5987618,Low
6955,Industrial,Semi-Urban,18152,6,Hybrid,Raft,0.616,1.025,0.919,4.17,94638,21,19.17,0.23,53,0.246,0.32,0.665,18943760,Medium
6956,Industrial,Semi-Urban,3936,14,RCC,Pile,0.678,0.921,1.928,6.31,163890,22,31.39,0.182,22,0.716,0.68,0.56,6482870,Low
6957,Industrial,Rural,8589,9,Steel,Raft,0.573,1.467,1.44,5.31,42623,20,32.77,0.205,41,0.25,0.594,0.601,10506177,Low
6958,Commercial,Semi-Urban,16557,12,Hybrid,Pile,0.598,1.23,2.476,6.35,168450,6,37.47,0.521,21,0.693,0.922,0.826,36531858,High
6959,Industrial,Semi-Urban,1810,2,Hybrid,Raft,0.888,1.334,0.952,8.59,149185,25,20.91,0.886,55,0.387,0.486,0.666,3934045,Low
6960,Residential,Urban,10319,12,Hybrid,Raft,0.631,1.513,1.003,5.91,21088,23,25.83,0.819,1,0.343,0.683,0.671,12411680,Medium
6961,Commercial,Semi-Urban,15965,6,RCC,Pile,0.725,1.591,1.989,3.21,118483,18,39.28,0.143,27,0.478,0.737,0.823,28205572,High
6962,Industrial,Semi-Urban,13957,9,Steel,Raft,0.576,1.578,2.09,6.49,93163,11,25.7,0.51,52,0.713,0.388,0.552,27630308,High
6963,Residential,Rural,977,12,Hybrid,Raft,0.839,1.113,1.601,4.95,97063,6,26.49,0.151,18,0.663,0.893,0.528,1741357,Low
6964,Industrial,Rural,9406,4,RCC,Raft,0.864,1.772,1.271,7.67,185497,27,22.21,0.438,19,0.744,0.443,0.901,17737277,Medium
6965,Residential,Semi-Urban,10368,13,Hybrid,Raft,0.681,1.901,1.327,5.82,7345,27,36.77,0.563,27,0.935,0.674,0.895,18325474,Medium
6966,Residential,Urban,19046,12,Steel,Pile,0.892,1.179,1.375,7.45,197723,13,24.14,0.812,41,0.363,0.654,0.693,34492781,High
6967,Residential,Urban,1008,13,Hybrid,Strip,0.62,0.82,1.183,8.45,155529,29,30.89,0.861,23,0.531,0.479,0.797,1201794,Low
6968,Residential,Rural,7819,13,Steel,Pile,0.846,1.879,2.246,5.17,194371,28,19.56,0.028,26,0.413,0.265,0.619,15889761,Medium
6969,Commercial,Semi-Urban,881,11,RCC,Pile,0.865,1.908,0.911,8.94,93272,9,30.39,0.689,43,0.669,0.633,0.684,2068321,Low
6970,Commercial,Semi-Urban,15787,6,RCC,Pile,0.984,0.861,1.492,3.9,141762,8,38.35,0.41,1,0.427,0.438,0.518,25342859,High
6971,Residential,Urban,2345,7,Steel,Raft,0.616,0.806,2.071,6.86,167403,13,34.42,0.495,56,0.646,0.441,0.637,3464868,Low
6972,Industrial,Urban,13062,1,Steel,Raft,0.547,1.78,0.807,3.21,131941,27,16.69,0.222,6,0.859,0.544,0.508,18627042,Medium
6973,Residential,Urban,10410,5,RCC,Strip,0.632,1.162,2.293,4.28,42560,29,30.85,0.034,59,0.641,0.71,0.712,12676323,Medium
6974,Commercial,Rural,5129,4,Steel,Raft,0.561,1.897,2.001,6.8,40656,14,28.97,0.835,0,0.871,0.757,0.76,9287565,Low
6975,Industrial,Semi-Urban,6204,13,Steel,Strip,0.585,1.06,0.925,3.28,84526,1,23.46,0.231,10,0.689,0.484,0.748,6139357,Low
6976,Commercial,Rural,2276,13,Hybrid,Strip,0.667,1.833,2.321,3.61,46556,5,36.07,0.88,50,0.896,0.208,0.67,4692507,Low
6977,Commercial,Semi-Urban,16013,13,RCC,Raft,0.707,0.882,1.628,4.75,53149,6,34.79,0.07,59,0.944,0.813,0.603,21450829,Medium
6978,Industrial,Rural,19168,10,RCC,Strip,0.952,1.113,1.909,6.45,64664,9,31.22,0.408,30,0.606,0.702,0.727,33134665,High
6979,Residential,Semi-Urban,15728,2,Steel,Pile,0.598,1.968,2.299,3.1,20490,20,33.6,0.742,29,0.833,0.821,0.935,30523471,High
6980,Residential,Urban,1744,2,Steel,Pile,0.986,1.077,2.298,5.89,119463,13,19.83,0.257,12,0.575,0.384,0.992,4545712,Low
6981,Residential,Urban,1833,2,Steel,Pile,0.905,0.96,1.495,6.75,189608,1,38.01,0.967,23,0.764,0.918,0.656,4429681,Low
6982,Residential,Urban,4169,7,RCC,Strip,0.941,1.828,1.204,5.42,121927,22,31.7,0.637,17,0.23,0.336,0.987,5726344,Low
6983,Industrial,Rural,18084,11,Hybrid,Strip,0.965,0.941,1.238,3.41,25745,25,26.7,0.217,57,0.974,0.361,0.717,31882704,High
6984,Industrial,Urban,18678,13,RCC,Pile,0.877,0.917,2.102,6.67,177867,6,19.83,0.794,12,0.915,0.583,0.807,46973743,High
6985,Industrial,Semi-Urban,16079,11,Hybrid,Raft,0.894,1.188,2.38,6.64,76922,7,32.07,0.985,54,0.915,0.998,0.902,58644166,High
6986,Commercial,Rural,18338,4,Steel,Pile,0.719,1.562,0.923,6.04,108077,10,17.42,0.249,16,0.425,0.282,0.68,23322457,High
6987,Industrial,Semi-Urban,2433,6,RCC,Raft,0.755,1.653,0.826,7.16,14183,4,22.99,0.823,45,0.427,0.855,0.604,3650689,Low
6988,Residential,Rural,1246,7,Hybrid,Raft,0.966,1.857,2.199,4.25,37357,29,29.34,0.977,47,0.522,0.102,0.637,3003863,Low
6989,Commercial,Semi-Urban,9532,9,RCC,Strip,0.689,1.449,1.457,7.07,124464,18,31.15,0.221,29,0.904,0.314,0.919,11793116,Medium
6990,Residential,Semi-Urban,7327,11,Hybrid,Strip,0.521,1.272,1.27,3.97,101467,29,15.43,0.235,18,0.887,0.412,0.967,6075325,Low
6991,Residential,Rural,16697,2,Hybrid,Raft,0.881,1.231,1.12,5.36,86480,16,15.22,0.717,11,0.432,0.684,0.564,22533562,High
6992,Industrial,Rural,1292,10,RCC,Raft,0.787,1.816,1.389,3.41,108219,19,17.79,0.951,25,0.633,0.202,0.847,2229729,Low
6993,Industrial,Urban,7427,12,Steel,Raft,0.907,1.669,2.451,7.91,183183,11,34.21,0.695,17,0.58,0.216,0.517,26650949,High
6994,Residential,Urban,18151,13,RCC,Strip,0.538,1.887,2.461,6.23,108863,17,29.18,0.505,11,0.721,0.232,0.937,23089688,High
6995,Residential,Semi-Urban,10242,9,Steel,Pile,0.811,1.957,1.364,8.83,104937,2,30.21,0.105,43,0.371,0.696,0.928,19230504,Medium
6996,Commercial,Semi-Urban,6869,11,Hybrid,Raft,0.624,1.16,2.438,8.65,66213,7,30.09,0.924,49,0.268,0.203,0.887,11611428,Medium
6997,Industrial,Semi-Urban,15300,5,Hybrid,Strip,0.952,1.436,1.31,8.99,75217,9,15.92,0.069,41,0.222,0.458,0.912,33026787,High
6998,Commercial,Rural,19574,13,RCC,Pile,0.555,1.558,2.253,3.61,119167,25,19.31,0.212,1,0.505,0.241,0.802,24221163,High
6999,Commercial,Rural,8374,6,RCC,Strip,0.922,0.997,1.16,6.64,73282,25,33.2,0.451,19,0.957,0.444,0.574,9455508,Low
7000,Commercial,Urban,17176,6,Steel,Pile,0.544,0.864,2.205,5.45,73821,27,31.14,0.501,5,0.748,0.743,0.957,28805000,High
7001,Residential,Semi-Urban,7364,11,Steel,Strip,0.513,1.841,1.401,6.2,73786,14,26.13,0.055,0,0.799,0.35,0.571,7248254,Low
7002,Commercial,Urban,4522,3,RCC,Pile,0.618,1.443,1.133,4.85,52099,17,15.51,0.082,25,0.956,0.656,0.613,7126371,Low
7003,Commercial,Rural,18532,11,Steel,Raft,0.667,1.485,2.389,3.29,130498,15,25.42,0.125,6,0.538,0.324,0.716,31035062,High
7004,Residential,Rural,11508,11,Steel,Strip,0.813,1.466,1.164,7.25,111301,7,21.2,0.04,31,0.579,0.764,0.749,12602372,Medium
7005,Industrial,Rural,12602,10,RCC,Pile,0.566,1.706,2.486,8.79,138724,7,32.43,0.977,54,0.488,0.799,0.548,24304609,High
7006,Industrial,Urban,15842,7,RCC,Pile,0.719,0.975,0.985,6.19,68549,14,35.62,0.238,32,0.345,0.379,0.881,19778323,Medium
7007,Commercial,Rural,11610,13,Hybrid,Pile,0.602,1.537,0.817,4.98,51214,9,27.6,0.88,9,0.813,0.121,0.569,13393833,Medium
7008,Residential,Semi-Urban,5671,7,Hybrid,Raft,0.928,1.363,2.28,8.63,142643,9,25.09,0.784,59,0.925,0.216,0.827,14630348,Medium
7009,Industrial,Urban,10089,8,RCC,Strip,0.522,1.876,1.797,5.19,20493,17,21.83,0.706,44,0.851,0.542,0.726,16033200,Medium
7010,Commercial,Rural,18577,5,Hybrid,Pile,0.678,1.424,1.517,8.49,146794,26,17.32,0.658,40,0.238,0.444,0.905,26861505,High
7011,Commercial,Urban,7210,2,Steel,Raft,0.816,1.932,0.939,8.13,170604,21,24.29,0.499,14,0.439,0.411,0.648,14248323,Medium
7012,Residential,Urban,17921,13,RCC,Raft,0.957,1.224,1.777,6.17,157643,2,31.95,0.564,30,0.674,0.621,0.918,35035145,High
7013,Commercial,Rural,5959,3,Hybrid,Raft,0.934,1.96,1.469,7.06,108885,12,31.65,0.891,23,0.462,0.245,0.626,13628252,Medium
7014,Industrial,Rural,15437,9,RCC,Raft,0.948,1.85,1.622,7.2,159053,22,25.32,0.778,28,0.32,0.511,0.787,30096385,High
7015,Residential,Urban,10254,6,Hybrid,Raft,0.531,1.501,1.872,6.85,74783,16,39.15,0.231,17,0.631,0.283,0.743,14195426,Medium
7016,Industrial,Urban,7548,8,RCC,Raft,0.92,1.224,1.888,3.96,95572,2,38.5,0.104,6,0.617,0.983,0.676,20384498,Medium
7017,Industrial,Rural,9983,8,Steel,Raft,0.89,1.251,2.433,7.16,83071,15,36.89,0.294,33,0.768,0.144,0.506,23603107,High
7018,Industrial,Semi-Urban,18045,14,Hybrid,Strip,0.951,1.727,1.914,3.02,152256,6,25.89,0.133,13,1.0,0.114,0.699,56240420,High
7019,Commercial,Urban,17913,5,RCC,Strip,0.656,1.497,1.377,7.26,150564,23,33.66,0.954,19,0.719,0.608,0.559,23830309,High
7020,Commercial,Urban,12949,1,Steel,Raft,0.956,1.282,1.36,6.33,62943,22,38.22,0.383,28,0.454,0.156,0.613,25874409,High
7021,Industrial,Semi-Urban,15854,6,Hybrid,Pile,0.701,1.563,1.611,4.56,192709,28,33.44,0.173,36,0.965,0.83,0.844,40284685,High
7022,Industrial,Rural,1478,7,Hybrid,Pile,0.817,1.68,1.241,7.82,33769,11,22.89,0.622,41,0.657,0.838,0.786,3936138,Low
7023,Residential,Rural,9209,9,RCC,Pile,0.712,0.827,1.44,5.43,189858,29,16.7,0.398,30,0.717,0.489,0.764,8703527,Low
7024,Residential,Semi-Urban,16260,2,Steel,Raft,0.714,0.908,2.232,5.91,111791,17,38.95,0.218,18,0.486,0.855,0.782,22052722,High
7025,Commercial,Rural,11523,12,RCC,Pile,0.773,0.913,2.262,3.17,117520,4,39.81,0.058,22,0.561,0.766,0.56,18609789,Medium
7026,Commercial,Rural,17021,13,Hybrid,Strip,0.678,1.078,1.867,5.41,19348,19,32.34,0.092,6,0.535,0.222,0.582,20950280,Medium
7027,Residential,Urban,11645,2,RCC,Strip,0.896,1.312,1.791,4.0,9533,5,22.88,0.563,5,0.949,0.874,0.771,20571770,Medium
7028,Industrial,Urban,14991,10,RCC,Strip,0.817,1.764,1.526,4.66,137494,23,36.63,0.75,54,0.848,0.887,0.703,34869242,High
7029,Commercial,Urban,19339,1,Steel,Strip,0.845,1.221,1.881,4.51,150807,12,38.84,0.926,34,0.273,0.39,0.732,32620453,High
7030,Industrial,Semi-Urban,7892,5,Steel,Raft,0.616,0.821,2.17,3.28,188667,19,27.66,0.585,28,0.451,0.797,0.94,12117677,Medium
7031,Residential,Rural,11947,2,Hybrid,Strip,0.985,1.38,2.054,5.76,16870,1,22.79,0.653,54,0.245,0.908,0.593,23647170,High
7032,Commercial,Rural,9087,3,Steel,Pile,0.83,1.996,0.86,6.14,89452,27,25.16,0.242,12,0.613,0.771,0.955,17360992,Medium
7033,Commercial,Urban,10629,2,RCC,Pile,0.599,1.219,2.043,6.43,101672,11,16.85,0.274,38,0.424,0.185,0.929,15896081,Medium
7034,Residential,Urban,14407,11,Hybrid,Strip,0.875,1.954,2.024,5.77,120795,25,29.14,0.418,24,0.259,0.185,0.951,30351471,High
7035,Commercial,Semi-Urban,5928,4,Steel,Strip,0.587,0.922,0.968,8.22,189985,22,24.47,0.869,33,0.818,0.984,0.821,5871320,Low
7036,Residential,Rural,3089,11,RCC,Strip,0.532,1.008,1.055,3.23,83306,6,37.11,0.435,18,0.273,0.587,0.932,1582575,Low
7037,Commercial,Semi-Urban,3534,3,RCC,Pile,0.764,1.669,2.139,6.68,147631,4,21.89,0.24,3,0.417,0.68,0.996,7788674,Low
7038,Residential,Rural,669,9,Hybrid,Pile,0.777,1.401,1.75,8.2,34510,27,15.21,0.919,23,0.817,0.921,0.736,1434176,Low
7039,Commercial,Semi-Urban,3739,10,Hybrid,Strip,0.594,1.718,2.197,3.25,43828,17,33.43,0.411,32,0.609,0.107,0.931,6306050,Low
7040,Industrial,Urban,3915,12,Steel,Pile,0.674,1.836,1.114,5.98,106982,12,15.19,0.08,42,0.854,0.484,0.952,10084940,Low
7041,Industrial,Semi-Urban,11908,2,Steel,Pile,0.973,1.101,0.852,6.53,80434,25,28.65,0.545,1,0.532,0.61,0.655,22696143,High
7042,Industrial,Semi-Urban,3984,7,Steel,Raft,0.643,1.619,1.075,4.15,54942,10,19.53,0.626,1,0.852,0.102,0.721,5681610,Low
7043,Commercial,Urban,18725,11,Steel,Strip,0.578,1.529,1.569,4.52,86710,23,30.26,0.955,13,0.631,0.662,0.787,25683206,High
7044,Commercial,Rural,15423,14,Hybrid,Strip,0.996,1.834,1.69,7.71,14003,28,19.95,0.807,49,0.27,0.866,0.675,36118384,High
7045,Industrial,Rural,7344,3,RCC,Raft,0.651,1.316,2.258,6.4,59097,26,27.55,0.101,10,0.577,0.149,0.661,10182204,Low
7046,Industrial,Urban,19910,10,RCC,Raft,0.84,0.862,2.018,4.89,193585,14,23.38,0.512,33,0.643,0.824,0.69,42901990,High
7047,Residential,Semi-Urban,4465,8,Steel,Pile,0.616,1.489,2.484,7.59,52613,7,19.56,0.434,54,0.69,0.98,0.712,9072513,Low
7048,Residential,Semi-Urban,7684,4,Hybrid,Raft,0.775,1.951,0.934,7.48,74981,27,30.16,0.393,37,0.942,0.928,0.626,14410131,Medium
7049,Residential,Semi-Urban,5880,14,Steel,Strip,0.693,0.818,1.021,5.07,199211,23,17.06,0.14,27,0.347,0.583,0.737,4547676,Low
7050,Industrial,Rural,18030,4,Steel,Strip,0.981,1.088,0.943,5.93,149974,23,38.53,0.375,38,0.685,0.874,0.889,27797397,High
7051,Industrial,Semi-Urban,15785,9,Hybrid,Strip,0.716,1.179,1.715,6.99,105236,24,34.45,0.47,21,0.802,0.794,0.812,30304016,High
7052,Industrial,Rural,611,11,RCC,Pile,0.792,1.719,1.254,5.06,23135,11,37.9,0.219,41,0.912,0.836,0.69,1403944,Low
7053,Residential,Semi-Urban,16643,3,RCC,Pile,0.972,1.188,1.962,6.77,62792,24,16.06,0.576,32,0.62,0.458,0.578,31863796,High
7054,Commercial,Urban,17476,7,Steel,Strip,0.995,1.087,1.026,4.51,14316,3,15.05,0.221,37,0.371,0.528,0.912,28542971,High
7055,Industrial,Urban,7913,1,Hybrid,Strip,0.551,1.578,0.975,4.75,137464,8,23.95,0.121,51,0.854,0.315,0.756,11941671,Medium
7056,Commercial,Rural,15226,7,RCC,Pile,0.917,0.856,1.582,4.86,154274,20,30.42,0.984,30,0.924,0.146,0.986,22171327,High
7057,Commercial,Rural,18122,10,RCC,Pile,0.691,1.005,1.439,8.62,137755,23,21.11,0.688,56,0.285,0.638,0.626,18789367,Medium
7058,Commercial,Urban,6483,11,Hybrid,Raft,0.797,1.29,2.21,8.0,82329,5,28.73,0.595,13,0.384,0.379,0.588,16416435,Medium
7059,Residential,Urban,19678,2,Hybrid,Pile,0.688,1.227,2.224,6.39,31431,28,30.15,0.328,37,0.897,0.552,0.504,45928270,High
7060,Commercial,Semi-Urban,10821,12,RCC,Pile,0.701,1.217,1.0,6.38,181892,4,18.79,0.208,8,0.588,0.966,0.541,13920012,Medium
7061,Industrial,Urban,11561,14,Steel,Strip,0.579,0.93,2.181,3.34,80016,13,34.22,0.131,23,0.335,0.157,0.693,14807401,Medium
7062,Residential,Rural,4098,14,Steel,Strip,0.786,1.233,1.759,6.9,7249,4,38.41,0.063,28,0.716,0.886,0.599,5765047,Low
7063,Industrial,Urban,2026,6,RCC,Strip,0.773,1.758,1.656,4.97,145405,6,31.0,0.7,4,0.567,0.178,0.519,3996126,Low
7064,Industrial,Rural,8409,13,Steel,Raft,0.595,1.297,0.961,6.67,116738,2,38.7,0.276,41,0.974,0.688,0.613,11515505,Medium
7065,Residential,Rural,2469,9,Steel,Pile,0.771,1.503,2.057,8.04,48376,29,21.15,0.318,59,0.378,0.409,0.864,4346478,Low
7066,Industrial,Semi-Urban,9643,6,Hybrid,Raft,0.987,0.996,0.901,3.27,158146,5,15.91,0.161,38,0.49,0.19,0.868,17258807,Medium
7067,Industrial,Semi-Urban,18386,3,Hybrid,Pile,0.857,0.884,1.272,6.64,130201,15,21.19,0.117,26,0.333,0.781,0.575,37260376,High
7068,Residential,Semi-Urban,12028,1,Hybrid,Pile,0.74,1.856,0.962,6.39,110518,8,31.2,0.495,7,0.24,0.729,0.968,17816512,Medium
7069,Industrial,Semi-Urban,8801,12,Steel,Strip,0.958,1.198,1.702,4.24,167126,2,29.94,0.728,28,0.419,0.676,0.58,18171067,Medium
7070,Commercial,Urban,2854,12,Hybrid,Pile,0.788,1.22,1.897,6.88,192808,21,21.69,0.991,59,0.856,0.968,0.545,8914001,Low
7071,Industrial,Semi-Urban,5819,4,Hybrid,Raft,0.568,1.853,2.314,6.33,124317,23,25.2,0.339,52,0.414,0.121,0.581,11462963,Medium
7072,Commercial,Urban,725,4,RCC,Strip,0.774,1.649,2.048,7.6,147656,5,24.19,0.664,11,0.757,0.491,0.57,1752817,Low
7073,Industrial,Semi-Urban,15020,13,Hybrid,Raft,0.59,1.708,2.434,3.66,34834,26,38.76,0.116,7,0.621,0.606,0.816,34816050,High
7074,Residential,Semi-Urban,3511,8,RCC,Raft,0.884,1.618,2.094,5.66,107506,9,22.86,0.556,41,0.616,0.422,0.578,6557538,Low
7075,Residential,Rural,4626,10,Steel,Strip,0.984,0.927,1.307,8.99,161569,25,19.83,0.518,40,0.825,0.703,0.817,5835004,Low
7076,Industrial,Urban,1113,10,Hybrid,Pile,0.68,1.95,1.731,7.14,68833,8,29.14,0.032,20,0.694,0.909,0.638,4275702,Low
7077,Residential,Rural,14582,14,RCC,Raft,0.717,1.891,1.578,7.11,63053,14,18.12,0.483,55,0.328,0.727,0.624,16996616,Medium
7078,Industrial,Semi-Urban,16982,13,RCC,Pile,0.711,1.083,1.762,4.91,173928,16,27.7,0.495,47,0.377,0.612,0.949,28173926,High
7079,Residential,Urban,5958,7,RCC,Strip,0.643,1.765,1.773,3.56,136518,25,32.17,0.372,46,0.635,0.764,0.607,7685781,Low
7080,Commercial,Semi-Urban,9502,10,Steel,Pile,0.897,1.291,1.994,8.7,73045,2,38.58,0.574,8,0.876,0.199,0.932,24777887,High
7081,Industrial,Rural,3199,7,Hybrid,Pile,0.809,1.621,0.941,3.63,147551,3,37.31,0.046,13,0.322,0.667,0.652,5783461,Low
7082,Commercial,Urban,8017,7,Steel,Strip,0.532,0.999,2.069,8.96,48813,4,36.03,0.844,0,0.286,0.467,0.996,9638596,Low
7083,Commercial,Rural,1519,12,RCC,Pile,0.919,1.446,1.044,3.75,137144,15,24.85,0.521,54,0.614,0.387,0.99,2545229,Low
7084,Industrial,Semi-Urban,19909,2,Steel,Raft,0.594,0.952,0.845,4.03,180720,5,37.35,0.032,30,0.351,0.556,0.914,18362318,Medium
7085,Commercial,Semi-Urban,16403,9,Steel,Raft,0.99,1.443,1.682,4.85,167448,15,32.92,0.984,15,0.995,0.824,0.934,43505991,High
7086,Industrial,Semi-Urban,14198,6,RCC,Raft,0.688,1.092,1.789,6.07,155584,26,26.04,0.382,38,0.203,0.471,0.912,18297885,Medium
7087,Commercial,Urban,16650,2,Hybrid,Pile,0.808,1.343,0.859,7.74,49557,28,29.1,0.987,26,0.559,0.732,0.815,34460946,High
7088,Industrial,Rural,6078,1,Hybrid,Raft,0.539,1.602,1.676,8.83,142911,18,25.9,0.18,10,0.33,0.63,0.905,9540979,Low
7089,Industrial,Rural,7229,11,Steel,Pile,0.672,1.852,1.709,5.15,189342,13,19.92,0.03,1,0.745,0.925,0.814,16607605,Medium
7090,Residential,Semi-Urban,7461,1,Hybrid,Pile,0.901,0.998,0.889,3.12,128947,11,26.29,0.713,59,0.704,0.5,0.921,11254390,Medium
7091,Industrial,Rural,11671,1,RCC,Pile,0.739,1.872,2.01,6.7,30012,10,35.19,0.945,30,0.846,0.838,0.968,27640683,High
7092,Industrial,Urban,14447,4,Hybrid,Pile,0.952,1.268,1.157,7.26,157460,4,21.66,0.078,49,0.651,0.858,0.877,46004708,High
7093,Commercial,Semi-Urban,17680,4,Steel,Strip,0.788,1.813,2.151,5.38,120780,20,31.01,0.736,59,0.351,0.518,0.982,34744267,High
7094,Industrial,Semi-Urban,2457,14,RCC,Raft,0.964,1.415,1.328,4.1,38361,5,28.83,0.069,23,0.243,0.54,0.724,4523603,Low
7095,Residential,Semi-Urban,19950,12,RCC,Raft,0.991,1.835,1.612,4.84,179592,22,38.0,0.794,38,0.778,0.4,0.963,38531302,High
7096,Commercial,Urban,13800,9,RCC,Pile,0.727,1.595,2.316,6.93,18284,1,33.65,0.581,2,0.552,0.546,0.613,34594604,High
7097,Commercial,Semi-Urban,19564,13,Steel,Strip,0.783,1.41,2.171,5.97,157043,13,24.03,0.782,47,0.378,0.324,0.516,33243072,High
7098,Residential,Semi-Urban,4941,12,Steel,Pile,0.917,1.175,2.129,7.46,13274,14,29.04,0.371,57,0.401,0.872,0.564,11274022,Medium
7099,Commercial,Semi-Urban,13511,12,Hybrid,Raft,0.611,1.963,1.073,4.31,84973,22,37.78,0.905,3,0.319,0.325,0.58,17977923,Medium
7100,Commercial,Semi-Urban,19832,1,Steel,Raft,0.931,1.761,0.882,8.05,51305,16,20.66,0.303,29,0.427,0.332,0.912,34283189,High
7101,Commercial,Rural,1601,3,RCC,Strip,0.796,1.257,1.83,3.94,45321,13,26.86,0.283,2,0.834,0.906,0.701,2299953,Low
7102,Commercial,Semi-Urban,9729,3,Steel,Pile,0.863,1.0,1.498,4.98,38235,15,20.54,0.961,3,0.697,0.579,0.617,18339170,Medium
7103,Residential,Urban,14115,8,Steel,Strip,0.54,1.735,2.345,6.55,85670,9,25.46,0.123,57,0.99,0.195,0.906,23521781,High
7104,Residential,Semi-Urban,15232,2,Hybrid,Pile,0.883,1.988,1.394,7.42,75796,3,16.46,0.593,12,0.619,0.411,0.601,36675485,High
7105,Commercial,Semi-Urban,12866,6,RCC,Strip,0.655,1.135,1.498,4.6,5997,2,36.9,0.574,52,0.617,0.735,0.539,14042927,Medium
7106,Commercial,Rural,10470,11,Hybrid,Raft,0.903,1.899,1.694,8.69,105683,12,39.46,0.237,13,0.353,0.465,0.733,24502580,High
7107,Residential,Semi-Urban,13492,4,Hybrid,Strip,0.755,0.95,2.154,7.24,108352,24,29.2,0.317,9,0.669,0.481,0.535,20884295,Medium
7108,Residential,Rural,1481,13,Hybrid,Raft,0.637,1.943,1.256,4.31,178324,18,28.85,0.287,13,0.687,0.549,0.639,2252404,Low
7109,Residential,Urban,16630,10,RCC,Raft,0.976,1.694,2.401,7.35,74631,24,38.9,0.846,16,0.365,0.3,0.85,36390888,High
7110,Commercial,Rural,19315,6,Hybrid,Pile,0.883,1.216,1.718,7.18,14559,26,24.83,0.39,21,0.27,0.482,0.687,37370376,High
7111,Commercial,Semi-Urban,9066,13,RCC,Strip,0.993,1.166,2.23,7.52,100207,4,30.53,0.359,45,0.495,0.294,0.544,16863767,Medium
7112,Industrial,Urban,6849,5,Hybrid,Strip,0.682,1.572,1.694,8.5,49894,25,35.93,0.637,36,0.338,0.416,0.701,13868944,Medium
7113,Residential,Semi-Urban,11228,12,Hybrid,Strip,0.825,1.512,2.112,7.27,159481,20,27.64,0.496,20,0.603,0.579,0.757,21123589,Medium
7114,Commercial,Rural,8048,9,RCC,Strip,0.806,1.903,0.887,5.11,168933,15,20.54,0.426,24,0.621,0.724,0.625,9974492,Low
7115,Residential,Urban,18875,9,Steel,Pile,0.844,1.719,2.159,7.74,49101,1,35.32,0.709,2,0.687,0.671,0.585,58418964,High
7116,Commercial,Urban,19812,1,Hybrid,Pile,0.519,1.448,1.691,7.18,88829,8,21.78,0.413,18,0.682,0.618,0.881,36135457,High
7117,Residential,Rural,3946,3,Steel,Pile,0.646,1.913,1.564,6.45,149571,17,36.09,0.222,31,0.74,0.636,0.534,6157137,Low
7118,Commercial,Rural,13320,1,Hybrid,Raft,0.955,1.511,0.99,5.12,163277,5,38.62,0.742,14,0.384,0.56,0.978,23111238,High
7119,Industrial,Urban,19453,6,Steel,Raft,0.712,1.82,2.061,8.53,36031,7,28.65,0.068,40,0.785,0.653,0.504,59767070,High
7120,Industrial,Urban,3372,12,Steel,Raft,0.98,1.809,1.023,6.08,121567,3,16.23,1.0,23,0.62,0.438,0.826,10102168,Low
7121,Residential,Rural,9868,3,Steel,Pile,0.607,1.903,1.127,6.77,70469,6,38.89,0.597,8,0.55,0.91,0.567,12922992,Medium
7122,Commercial,Semi-Urban,1835,14,Steel,Raft,0.999,0.881,1.015,5.49,64148,13,35.78,0.216,9,0.718,0.632,0.774,3203925,Low
